date,SBER.MOEX
2006-08-04,22.8172
2006-08-07,22.5892
2006-08-08,22.4983
2006-08-09,22.9594
2006-08-10,22.9759
2006-08-11,23.4040
2006-08-14,23.5372
2006-08-15,23.6298
2006-08-16,24.2593
2006-08-17,24.4754
2006-08-18,23.5345
2006-08-21,23.7156
2006-08-22,24.1899
2006-08-23,24.3296
2006-08-24,24.0810
2006-08-25,24.4243
2006-08-28,24.2646
2006-08-29,25.3392
2006-08-30,25.7062
2006-08-31,25.2759
2006-09-01,24.8904
2006-09-04,25.6587
2006-09-05,26.5000
2006-09-06,26.1790
2006-09-07,25.5514
2006-09-08,25.0046
2006-09-11,23.8365
2006-09-12,24.0511
2006-09-13,24.1106
2006-09-14,24.2542
2006-09-15,24.0536
2006-09-18,24.2993
2006-09-19,24.7255
2006-09-20,24.4990
2006-09-21,24.5974
2006-09-22,24.1603
2006-09-25,23.5974
2006-09-26,24.4401
2006-09-27,25.0858
2006-09-28,25.7439
2006-09-29,25.5500
2006-10-02,25.7877
2006-10-03,25.0496
2006-10-04,25.3257
2006-10-05,26.5755
2006-10-06,26.1768
2006-10-09,26.7954
2006-10-10,27.3142
2006-10-11,27.0843
2006-10-12,27.2469
2006-10-13,27.4113
2006-10-16,26.9686
2006-10-17,26.2967
2006-10-18,26.6550
2006-10-19,26.8441
2006-10-20,27.0847
2006-10-23,27.4898
2006-10-24,26.5461
2006-10-25,26.8583
2006-10-26,27.0142
2006-10-27,26.7823
2006-10-30,26.1412
2006-10-31,26.6179
2006-11-01,26.9996
2006-11-02,26.7233
2006-11-03,26.9944
2006-11-07,27.6024
2006-11-08,27.6345
2006-11-09,28.2548
2006-11-10,28.2907
2006-11-13,28.3181
2006-11-14,27.9384
2006-11-15,28.3164
2006-11-16,28.8981
2006-11-17,29.2023
2006-11-20,28.6402
2006-11-21,28.9113
2006-11-22,29.0726
2006-11-23,29.0864
2006-11-24,29.1312
2006-11-27,29.0015
2006-11-28,28.7331
2006-11-29,29.1043
2006-11-30,28.9480
2006-12-01,28.8720
2006-12-04,28.9181
2006-12-05,29.0689
2006-12-06,30.3972
2006-12-07,31.8799
2006-12-08,32.5161
2006-12-11,33.2963
2006-12-12,33.7415
2006-12-13,34.2051
2006-12-14,34.6479
2006-12-15,34.7059
2006-12-18,35.8328
2006-12-19,35.4478
2006-12-20,36.4998
2006-12-21,36.4922
2006-12-22,36.1864
2006-12-25,36.0232
2006-12-26,35.9060
2006-12-27,37.1707
2006-12-28,39.6312
2006-12-29,40.9104
2007-01-09,37.1398
2007-01-10,36.3095
2007-01-11,38.4028
2007-01-12,38.4941
2007-01-15,39.6313
2007-01-16,41.8593
2007-01-17,40.7503
2007-01-18,40.0406
2007-01-19,39.9982
2007-01-22,40.9381
2007-01-23,40.5091
2007-01-24,40.4360
2007-01-25,41.4378
2007-01-26,40.9975
2007-01-29,39.2718
2007-01-30,37.6092
2007-01-31,38.7436
2007-02-01,40.8013
2007-02-02,40.5447
2007-02-05,40.2052
2007-02-06,40.5257
2007-02-07,40.2887
2007-02-08,39.5895
2007-02-09,39.6058
2007-02-12,39.3454
2007-02-13,40.0867
2007-02-14,40.6930
2007-02-15,41.3356
2007-02-16,40.8702
2007-02-19,40.9283
2007-02-20,41.0216
2007-02-21,40.8841
2007-02-22,42.8028
2007-02-26,43.8367
2007-02-27,42.1454
2007-02-28,42.2010
2007-03-01,40.6813
2007-03-02,40.3882
2007-03-05,40.0113
2007-03-06,40.7638
2007-03-07,40.3873
2007-03-09,40.9465
2007-03-12,40.5181
2007-03-13,40.7106
2007-03-14,39.9127
2007-03-15,39.8793
2007-03-16,39.8644
2007-03-19,40.2909
2007-03-20,39.9546
2007-03-21,39.9369
2007-03-22,41.1967
2007-03-23,41.9344
2007-03-26,41.7874
2007-03-27,41.2896
2007-03-28,41.0230
2007-03-29,41.2260
2007-03-30,40.8654
2007-04-02,40.9049
2007-04-03,40.9023
2007-04-04,41.1778
2007-04-05,41.9519
2007-04-06,42.7777
2007-04-09,44.2409
2007-04-10,44.2734
2007-04-11,44.4608
2007-04-12,43.8935
2007-04-13,45.4198
2007-04-16,45.5249
2007-04-17,45.6340
2007-04-18,44.8611
2007-04-19,44.2226
2007-04-20,45.2477
2007-04-23,45.3607
2007-04-24,45.0515
2007-04-25,45.4865
2007-04-26,45.3317
2007-04-27,44.1787
2007-05-02,45.4507
2007-05-03,45.3746
2007-05-04,45.5377
2007-05-07,45.5212
2007-05-08,45.5275
2007-05-10,45.6840
2007-05-11,44.0078
2007-05-14,44.1940
2007-05-15,43.4171
2007-05-16,43.5519
2007-05-17,43.2886
2007-05-18,43.7446
2007-05-21,43.6384
2007-05-22,43.0200
2007-05-23,41.4927
2007-05-24,40.6228
2007-05-25,41.2257
2007-05-28,40.9790
2007-05-29,39.6479
2007-05-30,39.1247
2007-05-31,40.4436
2007-06-01,42.2703
2007-06-04,42.8294
2007-06-05,43.2503
2007-06-06,42.8836
2007-06-07,42.6110
2007-06-08,42.0074
2007-06-13,42.4485
2007-06-14,43.7774
2007-06-15,44.0916
2007-06-18,44.0791
2007-06-19,44.0160
2007-06-20,44.7186
2007-06-21,44.1575
2007-06-22,44.1210
2007-06-25,44.3777
2007-06-26,44.4407
2007-06-27,43.9944
2007-06-28,44.4360
2007-06-29,44.5210
2007-07-02,44.5438
2007-07-03,44.5736
2007-07-04,44.5743
2007-07-05,44.9121
2007-07-06,45.0148
2007-07-09,45.8714
2007-07-10,45.9807
2007-07-11,46.0423
2007-07-12,47.2998
2007-07-13,47.3482
2007-07-16,47.4715
2007-07-17,47.5646
2007-07-20,48.6855
2007-07-23,49.7472
2007-07-24,48.7522
2007-07-25,48.4501
2007-07-26,46.4600
2007-07-27,45.7893
2007-07-30,45.6649
2007-07-31,46.5844
2007-08-01,45.3007
2007-08-02,45.5139
2007-08-03,45.4961
2007-08-06,44.7143
2007-08-07,44.6965
2007-08-08,45.5050
2007-08-09,44.1501
2007-08-10,42.4222
2007-08-13,43.2617
2007-08-14,43.0485
2007-08-15,41.9202
2007-08-16,40.2766
2007-08-17,41.7203
2007-08-20,41.8402
2007-08-21,40.4898
2007-08-22,41.5249
2007-08-23,41.8847
2007-08-24,41.6048
2007-08-27,42.2756
2007-08-28,41.9691
2007-08-29,41.6315
2007-08-30,42.0712
2007-08-31,43.3061
2007-09-03,43.6615
2007-09-04,43.1551
2007-09-05,42.3200
2007-09-06,42.8753
2007-09-07,41.7114
2007-09-10,41.9424
2007-09-11,42.0934
2007-09-12,41.7647
2007-09-13,42.6842
2007-09-14,42.6398
2007-09-17,42.1423
2007-09-18,43.1773
2007-09-19,45.8737
2007-09-20,45.6249
2007-09-21,45.2651
2007-09-24,45.3406
2007-09-25,43.9236
2007-09-26,44.7143
2007-09-27,45.3229
2007-09-28,45.9314
2007-10-01,44.7498
2007-10-02,46.5889
2007-10-03,45.8737
2007-10-04,44.8609
2007-10-05,45.4028
2007-10-08,46.1891
2007-10-09,46.9709
2007-10-10,46.9265
2007-10-11,47.7749
2007-10-12,48.2769
2007-10-15,48.8810
2007-10-16,48.5167
2007-10-17,48.1525
2007-10-18,47.4195
2007-10-19,47.8682
2007-10-22,46.8687
2007-10-23,47.4151
2007-10-24,47.0508
2007-10-25,47.5084
2007-10-26,47.9215
2007-10-29,47.4462
2007-10-30,46.4112
2007-10-31,47.1663
2007-11-01,46.9309
2007-11-02,46.9487
2007-11-06,47.4329
2007-11-07,47.5306
2007-11-08,47.5039
2007-11-09,46.8110
2007-11-12,46.9531
2007-11-13,46.6910
2007-11-14,46.8287
2007-11-15,46.7088
2007-11-16,46.0558
2007-11-19,45.5583
2007-11-20,45.1452
2007-11-21,44.1457
2007-11-22,43.2351
2007-11-23,43.7504
2007-11-26,44.8831
2007-11-27,44.3278
2007-11-28,44.9497
2007-11-29,45.5139
2007-11-30,46.1491
2007-12-03,46.1891
2007-12-04,45.7404
2007-12-05,46.1846
2007-12-06,46.1580
2007-12-07,46.5933
2007-12-10,47.6283
2007-12-11,48.1081
2007-12-12,48.0281
2007-12-13,47.0286
2007-12-14,46.3490
2007-12-17,46.1224
2007-12-18,46.7221
2007-12-19,46.8199
2007-12-20,46.9753
2007-12-21,46.9798
2007-12-24,46.8376
2007-12-25,46.2157
2007-12-26,46.1091
2007-12-27,46.0114
2007-12-28,45.4428
2008-01-09,44.9764
2008-01-10,45.9670
2008-01-11,46.5622
2008-01-14,46.6066
2008-01-15,46.9487
2008-01-16,45.0785
2008-01-17,45.0164
2008-01-18,44.0791
2008-01-21,40.6764
2008-01-22,41.2272
2008-01-23,39.9390
2008-01-24,42.4000
2008-01-25,42.2445
2008-01-28,40.1211
2008-01-29,41.4938
2008-01-30,40.6764
2008-01-31,39.0817
2008-02-01,39.7080
2008-02-04,40.3566
2008-02-05,38.7086
2008-02-06,39.0328
2008-02-07,37.5403
2008-02-08,37.0650
2008-02-11,37.1316
2008-02-12,38.0556
2008-02-13,37.9179
2008-02-14,38.4021
2008-02-15,37.0028
2008-02-18,37.6824
2008-02-19,37.5492
2008-02-20,36.7185
2008-02-21,37.3981
2008-02-22,36.8340
2008-02-26,37.6291
2008-02-27,37.1894
2008-02-28,36.8295
2008-02-29,35.6702
2008-03-03,34.9239
2008-03-04,33.9866
2008-03-05,34.7906
2008-03-06,34.2531
2008-03-07,33.2048
2008-03-11,34.8128
2008-03-12,34.8572
2008-03-13,33.7067
2008-03-14,34.2043
2008-03-17,32.2142
2008-03-18,33.1337
2008-03-19,33.2226
2008-03-20,32.6762
2008-03-21,33.0848
2008-03-24,34.1865
2008-03-25,33.2270
2008-03-26,32.4496
2008-03-27,32.4985
2008-03-28,32.5784
2008-03-31,32.5562
2008-04-01,33.3292
2008-04-02,35.0305
2008-04-03,34.1287
2008-04-04,34.3153
2008-04-07,35.2171
2008-04-08,34.4663
2008-04-09,34.9950
2008-04-10,34.3464
2008-04-11,33.0893
2008-04-14,32.9072
2008-04-15,32.7073
2008-04-16,33.4713
2008-04-17,32.6540
2008-04-18,34.0355
2008-04-21,33.3736
2008-04-22,33.2759
2008-04-23,33.0004
2008-04-24,32.9960
2008-04-25,33.3247
2008-04-28,33.6179
2008-04-29,34.1820
2008-04-30,34.2531
2008-05-05,35.9944
2008-05-06,35.6346
2008-05-07,36.5053
2008-05-12,36.9612
2008-05-13,37.1668
2008-05-14,37.5557
2008-05-15,37.5289
2008-05-16,38.3513
2008-05-19,39.5984
2008-05-20,39.0263
2008-05-21,39.0352
2008-05-22,38.2351
2008-05-23,38.5838
2008-05-26,37.8865
2008-05-27,37.1445
2008-05-28,37.8909
2008-05-29,37.7926
2008-05-30,38.1010
2008-06-02,37.7702
2008-06-03,37.3456
2008-06-04,36.7511
2008-06-05,36.6975
2008-06-06,36.0851
2008-06-09,35.4772
2008-06-10,35.0973
2008-06-11,35.1464
2008-06-16,35.2671
2008-06-17,36.2594
2008-06-18,36.0315
2008-06-19,35.8527
2008-06-20,35.2805
2008-06-23,34.8872
2008-06-24,34.2301
2008-06-25,34.8291
2008-06-26,34.4804
2008-06-27,34.1050
2008-06-30,33.2244
2008-07-01,31.9773
2008-07-02,32.5942
2008-07-03,32.6344
2008-07-04,32.3349
2008-07-07,32.8087
2008-07-08,33.0143
2008-07-09,33.7563
2008-07-10,33.4255
2008-07-11,32.5092
2008-07-14,33.4211
2008-07-15,32.3349
2008-07-16,32.5137
2008-07-17,34.5207
2008-07-18,33.8368
2008-07-21,34.4313
2008-07-22,33.2423
2008-07-23,33.9977
2008-07-24,33.8457
2008-07-25,31.3918
2008-07-28,31.2621
2008-07-29,29.7200
2008-07-30,31.2219
2008-07-31,30.9358
2008-08-01,30.3995
2008-08-04,28.8082
2008-08-05,27.8382
2008-08-06,28.3344
2008-08-07,28.6517
2008-08-08,26.8817
2008-08-11,28.7099
2008-08-12,30.2519
2008-08-13,29.0004
2008-08-14,28.6830
2008-08-15,29.3222
2008-08-18,29.3580
2008-08-19,27.8069
2008-08-20,27.8963
2008-08-21,27.8963
2008-08-22,28.1198
2008-08-25,26.7565
2008-08-26,25.0356
2008-08-27,24.8077
2008-08-28,26.4973
2008-08-29,25.6122
2008-09-01,25.9967
2008-09-02,27.2929
2008-09-03,26.4705
2008-09-04,24.9373
2008-09-05,24.2892
2008-09-08,25.6525
2008-09-09,23.1538
2008-09-10,21.2094
2008-09-11,20.2663
2008-09-12,21.3659
2008-09-15,20.0339
2008-09-16,15.4880
2008-09-17,12.8910
2008-09-19,20.1769
2008-09-22,19.6092
2008-09-23,19.1265
2008-09-24,20.4585
2008-09-25,20.5747
2008-09-26,19.6003
2008-09-29,18.0269
2008-09-30,19.5288
2008-10-01,18.7197
2008-10-02,18.5544
2008-10-03,18.8717
2008-10-06,15.7428
2008-10-07,16.0736
2008-10-08,13.5302
2008-10-09,14.5091
2008-10-13,12.8553
2008-10-14,15.1751
2008-10-15,13.0386
2008-10-16,12.0462
2008-10-17,11.7557
2008-10-20,11.8809
2008-10-21,11.9166
2008-10-22,11.4920
2008-10-23,10.3030
2008-10-24,7.9116
2008-10-28,8.0368
2008-10-29,9.8650
2008-10-30,12.8240
2008-10-31,12.5782
2008-11-05,13.0386
2008-11-06,11.8630
2008-11-07,12.7301
2008-11-10,13.7761
2008-11-11,12.0686
2008-11-13,11.1925
2008-11-14,11.3668
2008-11-17,10.4639
2008-11-18,11.2104
2008-11-19,10.9422
2008-11-20,10.7008
2008-11-21,10.2494
2008-11-24,11.4339
2008-11-25,11.3043
2008-11-26,10.7813
2008-11-27,10.9869
2008-11-28,10.3924
2008-12-01,9.8560
2008-12-02,9.7934
2008-12-03,9.3822
2008-12-04,9.1274
2008-12-05,9.1498
2008-12-08,9.6057
2008-12-09,9.3956
2008-12-10,9.4359
2008-12-11,9.8516
2008-12-12,9.8739
2008-12-15,10.0706
2008-12-16,10.1913
2008-12-17,9.9767
2008-12-18,9.6057
2008-12-19,9.8873
2008-12-22,10.1823
2008-12-23,10.5041
2008-12-24,10.3835
2008-12-25,10.2270
2008-12-26,9.9365
2008-12-29,9.8292
2008-12-30,10.0706
2008-12-31,10.1868
2009-01-12,10.1957
2009-01-13,9.9275
2009-01-14,9.2973
2009-01-15,9.0246
2009-01-16,8.9218
2009-01-19,8.2022
2009-01-20,7.6434
2009-01-21,7.8088
2009-01-22,7.1115
2009-01-23,6.8076
2009-01-26,7.6211
2009-01-27,7.3082
2009-01-28,7.6032
2009-01-29,7.3529
2009-01-30,7.3395
2009-02-02,7.0534
2009-02-03,6.7852
2009-02-04,6.8344
2009-02-05,6.6467
2009-02-06,6.9417
2009-02-09,7.4781
2009-02-10,8.0100
2009-02-11,8.2826
2009-02-12,8.3139
2009-02-13,8.4704
2009-02-16,7.9385
2009-02-17,6.8344
2009-02-18,6.4723
2009-02-19,6.8076
2009-02-20,6.4187
2009-02-24,6.3248
2009-02-25,6.3606
2009-02-26,6.5439
2009-02-27,6.3874
2009-03-02,6.4053
2009-03-03,6.7092
2009-03-04,7.3127
2009-03-05,7.0132
2009-03-06,7.0713
2009-03-10,7.6345
2009-03-11,7.6792
2009-03-12,7.4512
2009-03-13,7.5585
2009-03-16,8.1351
2009-03-17,9.0649
2009-03-18,9.1721
2009-03-19,10.7679
2009-03-20,10.2717
2009-03-23,11.3490
2009-03-24,10.4326
2009-03-25,11.3445
2009-03-26,11.1523
2009-03-27,10.1376
2009-03-30,8.9710
2009-03-31,9.3062
2009-04-01,9.3956
2009-04-02,10.3969
2009-04-03,10.2494
2009-04-06,10.4013
2009-04-07,10.5265
2009-04-08,10.9645
2009-04-09,11.9926
2009-04-10,12.0105
2009-04-13,11.9345
2009-04-14,13.0073
2009-04-15,12.5245
2009-04-16,13.0251
2009-04-17,12.9000
2009-04-20,11.7155
2009-04-21,11.6037
2009-04-22,12.2027
2009-04-23,12.6139
2009-04-24,12.4083
2009-04-27,12.0731
2009-04-28,11.6529
2009-04-29,12.0820
2009-04-30,12.4441
2009-05-04,13.0877
2009-05-05,12.8955
2009-05-06,13.1592
2009-05-07,13.9728
2009-05-08,14.6537
2009-05-12,15.2801
2009-05-13,14.6446
2009-05-14,14.3859
2009-05-15,14.9760
2009-05-18,15.4572
2009-05-19,16.3651
2009-05-20,18.1718
2009-05-21,17.0823
2009-05-22,17.7088
2009-05-25,17.8813
2009-05-26,17.9312
2009-05-27,18.5849
2009-05-28,18.8255
2009-05-29,20.0694
2009-06-01,23.4922
2009-06-02,24.2231
2009-06-03,21.3813
2009-06-04,22.2574
2009-06-05,23.0519
2009-06-08,21.9669
2009-06-09,22.3437
2009-06-10,22.4572
2009-06-11,21.7762
2009-06-15,20.0013
2009-06-16,20.9047
2009-06-17,19.6109
2009-06-18,19.3703
2009-06-19,18.6848
2009-06-22,16.2380
2009-06-23,16.8100
2009-06-24,19.2795
2009-06-25,18.7892
2009-06-26,18.0130
2009-06-29,18.0493
2009-06-30,17.2866
2009-07-01,17.8586
2009-07-02,17.1641
2009-07-03,17.4818
2009-07-06,16.8191
2009-07-07,16.8554
2009-07-08,16.4604
2009-07-09,16.4196
2009-07-10,15.6252
2009-07-13,16.2561
2009-07-14,16.2970
2009-07-15,17.0960
2009-07-16,16.9734
2009-07-17,17.2276
2009-07-20,17.8087
2009-07-21,18.3216
2009-07-22,17.6498
2009-07-23,18.6984
2009-07-24,18.5259
2009-07-27,18.9844
2009-07-28,18.3489
2009-07-29,17.9267
2009-07-30,19.3113
2009-07-31,19.2750
2009-08-03,20.9591
2009-08-04,21.0726
2009-08-05,20.6323
2009-08-06,20.9864
2009-08-07,21.6900
2009-08-10,21.6673
2009-08-11,21.1679
2009-08-12,21.5765
2009-08-13,21.8307
2009-08-14,21.1770
2009-08-17,20.4825
2009-08-18,20.6504
2009-08-19,20.9773
2009-08-20,21.2678
2009-08-21,22.1440
2009-08-24,22.3392
2009-08-25,22.1621
2009-08-26,21.9851
2009-08-27,21.6037
2009-08-28,21.9170
2009-08-31,21.5311
2009-09-01,22.3709
2009-09-02,22.2302
2009-09-03,24.0233
2009-09-04,24.3411
2009-09-07,25.1128
2009-09-08,26.5337
2009-09-09,26.0571
2009-09-10,25.6576
2009-09-11,26.8560
2009-09-14,26.7607
2009-09-15,27.7866
2009-09-16,28.0091
2009-09-17,26.7153
2009-09-18,26.1978
2009-09-21,25.1809
2009-09-22,26.6336
2009-09-23,27.2101
2009-09-24,26.4293
2009-09-25,26.9967
2009-09-28,27.3554
2009-09-29,27.5460
2009-09-30,27.1829
2009-10-01,27.2373
2009-10-02,26.5564
2009-10-05,26.5519
2009-10-06,27.6913
2009-10-07,28.2633
2009-10-08,30.0519
2009-10-09,31.1050
2009-10-12,32.1401
2009-10-13,31.0778
2009-10-14,31.9676
2009-10-15,30.6919
2009-10-16,29.4799
2009-10-19,31.3593
2009-10-20,31.3184
2009-10-21,31.9494
2009-10-22,31.6997
2009-10-23,31.6679
2009-10-26,31.4410
2009-10-27,31.1958
2009-10-28,29.5888
2009-10-29,30.7237
2009-10-30,29.3982
2009-11-02,30.1653
2009-11-03,28.7172
2009-11-05,29.4345
2009-11-06,29.4299
2009-11-09,31.3139
2009-11-10,31.7360
2009-11-11,31.6089
2009-11-12,31.5499
2009-11-13,31.6498
2009-11-16,33.4838
2009-11-17,33.2159
2009-11-18,33.2931
2009-11-19,32.3216
2009-11-20,32.4397
2009-11-23,32.5123
2009-11-24,32.2354
2009-11-25,31.7814
2009-11-26,30.4332
2009-11-27,30.5875
2009-11-30,31.4001
2009-12-01,32.3035
2009-12-02,32.4215
2009-12-03,32.9163
2009-12-04,33.8742
2009-12-07,33.4384
2009-12-08,32.8664
2009-12-09,33.0298
2009-12-10,33.6653
2009-12-11,34.0421
2009-12-14,34.5960
2009-12-15,35.0590
2009-12-16,37.2244
2009-12-17,36.8430
2009-12-18,36.8567
2009-12-21,36.8657
2009-12-22,36.9520
2009-12-23,36.6388
2009-12-24,36.7250
2009-12-25,36.7341
2009-12-28,36.4844
2009-12-29,36.7795
2009-12-30,37.1381
2009-12-31,37.9734
2010-01-11,39.3534
2010-01-12,38.5862
2010-01-13,39.3171
2010-01-14,39.7438
2010-01-15,40.0162
2010-01-18,41.0784
2010-01-19,41.7730
2010-01-20,41.1375
2010-01-21,40.4838
2010-01-22,39.2672
2010-01-25,39.9799
2010-01-26,38.9675
2010-01-27,39.3307
2010-01-28,39.5622
2010-01-29,40.1342
2010-02-01,39.8074
2010-02-02,39.9708
2010-02-03,39.9844
2010-02-04,38.4818
2010-02-05,37.7192
2010-02-08,35.8670
2010-02-09,36.4753
2010-02-10,36.9928
2010-02-11,37.5285
2010-02-12,36.3164
2010-02-15,36.4890
2010-02-16,37.7918
2010-02-17,37.4377
2010-02-18,36.2665
2010-02-19,35.9397
2010-02-24,34.4961
2010-02-25,33.9922
2010-02-26,34.1148
2010-03-01,36.4345
2010-03-02,37.4241
2010-03-03,37.6420
2010-03-04,37.6556
2010-03-05,39.5849
2010-03-09,40.5882
2010-03-10,39.5577
2010-03-11,39.6803
2010-03-12,40.4474
2010-03-15,39.8664
2010-03-16,40.4020
2010-03-17,40.5609
2010-03-18,40.7198
2010-03-19,39.9663
2010-03-22,39.1945
2010-03-23,39.0538
2010-03-24,39.4714
2010-03-25,39.0402
2010-03-26,38.4046
2010-03-29,38.7950
2010-03-30,38.6316
2010-03-31,38.9494
2010-04-01,39.8709
2010-04-02,40.0298
2010-04-05,40.2205
2010-04-06,40.2205
2010-04-07,39.1764
2010-04-08,38.5590
2010-04-09,39.4397
2010-04-12,39.2853
2010-04-13,39.5849
2010-04-14,40.4928
2010-04-15,40.5382
2010-04-16,39.5250
2010-04-19,38.7117
2010-04-20,39.3932
2010-04-21,38.8480
2010-04-22,38.3709
2010-04-23,38.3573
2010-04-26,38.5345
2010-04-27,37.6803
2010-04-28,36.1355
2010-04-29,36.7807
2010-04-30,35.7129
2010-05-04,34.4634
2010-05-05,34.1544
2010-05-06,33.5547
2010-05-07,31.9644
2010-05-11,34.0772
2010-05-12,37.2259
2010-05-13,36.7125
2010-05-14,35.1813
2010-05-17,34.5361
2010-05-18,35.0404
2010-05-19,33.4774
2010-05-20,31.7599
2010-05-21,31.4873
2010-05-24,31.7872
2010-05-25,29.2291
2010-05-26,31.4055
2010-05-27,32.1007
2010-05-28,31.8963
2010-05-31,32.2597
2010-06-01,32.1234
2010-06-02,32.2370
2010-06-03,32.7187
2010-06-04,31.9190
2010-06-07,32.3234
2010-06-08,32.2370
2010-06-09,32.6687
2010-06-10,33.3002
2010-06-11,32.8004
2010-06-15,34.5316
2010-06-16,34.8542
2010-06-17,35.6675
2010-06-18,36.4853
2010-06-21,38.1755
2010-06-22,37.4440
2010-06-23,36.7352
2010-06-24,36.4762
2010-06-25,35.4403
2010-06-28,36.4081
2010-06-29,35.2131
2010-06-30,34.7587
2010-07-01,32.6687
2010-07-02,33.1594
2010-07-05,33.3366
2010-07-06,34.8496
2010-07-07,35.2086
2010-07-08,35.0677
2010-07-09,35.2858
2010-07-12,36.2581
2010-07-13,37.4713
2010-07-14,37.2850
2010-07-15,36.6943
2010-07-16,35.9265
2010-07-19,36.5762
2010-07-20,36.2581
2010-07-21,37.2123
2010-07-22,38.1347
2010-07-23,37.7166
2010-07-26,38.2528
2010-07-27,38.4482
2010-07-28,38.2937
2010-07-29,39.3387
2010-07-30,38.4209
2010-08-02,39.3387
2010-08-03,39.0025
2010-08-04,39.0025
2010-08-05,38.3028
2010-08-06,37.6349
2010-08-09,38.0211
2010-08-10,37.6212
2010-08-11,36.7716
2010-08-12,36.7670
2010-08-13,36.6716
2010-08-16,36.3354
2010-08-17,36.9215
2010-08-18,36.6216
2010-08-19,36.0764
2010-08-20,35.6084
2010-08-23,35.4176
2010-08-24,34.2589
2010-08-25,33.6183
2010-08-26,34.8133
2010-08-27,34.9905
2010-08-30,35.1222
2010-08-31,35.5811
2010-09-01,36.5398
2010-09-02,36.6353
2010-09-03,37.1305
2010-09-06,37.1396
2010-09-07,36.3263
2010-09-08,37.3395
2010-09-09,38.0120
2010-09-10,37.8757
2010-09-13,38.4345
2010-09-14,38.3936
2010-09-15,38.3709
2010-09-16,37.7121
2010-09-17,37.3259
2010-09-20,37.8802
2010-09-21,38.0938
2010-09-22,37.5894
2010-09-23,38.3028
2010-09-24,38.5345
2010-09-27,38.0120
2010-09-28,37.7394
2010-09-29,38.1210
2010-09-30,39.1115
2010-10-01,40.4792
2010-10-04,40.8381
2010-10-05,41.7877
2010-10-06,41.4379
2010-10-07,41.0744
2010-10-08,41.1198
2010-10-11,41.6832
2010-10-12,41.3016
2010-10-13,41.4833
2010-10-14,41.5606
2010-10-15,42.0422
2010-10-18,43.1463
2010-10-19,43.3326
2010-10-20,44.3912
2010-10-21,46.9402
2010-10-22,46.2996
2010-10-25,46.4813
2010-10-26,46.0815
2010-10-27,45.3090
2010-10-28,45.1409
2010-10-29,46.0542
2010-11-01,46.2768
2010-11-02,46.5040
2010-11-03,46.9357
2010-11-08,47.2310
2010-11-09,47.0674
2010-11-10,45.6362
2010-11-11,44.7093
2010-11-12,44.5003
2010-11-15,45.0728
2010-11-16,43.2826
2010-11-17,44.1640
2010-11-18,45.2818
2010-11-19,44.8456
2010-11-22,45.0501
2010-11-23,44.7547
2010-11-24,46.0315
2010-11-25,46.6176
2010-11-26,46.0542
2010-11-29,45.7589
2010-11-30,46.1224
2010-12-01,46.9538
2010-12-02,47.0901
2010-12-03,46.8130
2010-12-06,47.9625
2010-12-07,48.7849
2010-12-08,47.5581
2010-12-09,47.5400
2010-12-10,47.6717
2010-12-13,48.8213
2010-12-14,48.7304
2010-12-15,48.9349
2010-12-16,48.2987
2010-12-17,48.0261
2010-12-20,47.9807
2010-12-21,48.5259
2010-12-22,48.5168
2010-12-23,48.6123
2010-12-24,48.2669
2010-12-27,47.7626
2010-12-28,47.4673
2010-12-29,47.4127
2010-12-30,47.3355
2011-01-11,47.1538
2011-01-12,48.6532
2011-01-13,48.8622
2011-01-14,48.7122
2011-01-17,49.7845
2011-01-18,49.1075
2011-01-19,48.9167
2011-01-20,47.8035
2011-01-21,47.9852
2011-01-24,47.2764
2011-01-25,48.1534
2011-01-26,49.3438
2011-01-27,48.9530
2011-01-28,48.3351
2011-01-31,48.1170
2011-02-01,48.3442
2011-02-02,47.3900
2011-02-03,47.1992
2011-02-04,46.7085
2011-02-07,46.8811
2011-02-08,46.0815
2011-02-09,45.3727
2011-02-10,43.7551
2011-02-11,45.9088
2011-02-14,46.0224
2011-02-15,45.2136
2011-02-16,45.7089
2011-02-17,45.8452
2011-02-18,45.8088
2011-02-21,45.6589
2011-02-22,44.7593
2011-02-24,44.1640
2011-02-25,45.5907
2011-02-28,46.3904
2011-03-01,45.3863
2011-03-02,45.2091
2011-03-03,46.3404
2011-03-04,45.5862
2011-03-09,46.7585
2011-03-10,45.3318
2011-03-11,44.8683
2011-03-14,44.1186
2011-03-15,43.1645
2011-03-16,42.9236
2011-03-17,44.6139
2011-03-18,45.5090
2011-03-21,45.6816
2011-03-22,45.5726
2011-03-23,45.9361
2011-03-24,47.7490
2011-03-25,48.5895
2011-03-28,48.2669
2011-03-29,48.2806
2011-03-30,48.5850
2011-03-31,48.4578
2011-04-01,49.3983
2011-04-04,49.2665
2011-04-05,48.5486
2011-04-06,49.0666
2011-04-07,48.6077
2011-04-08,49.5710
2011-04-11,49.2893
2011-04-12,47.6536
2011-04-13,48.2942
2011-04-14,48.3578
2011-04-15,48.5457
2011-04-18,45.9883
2011-04-19,46.5703
2011-04-20,47.1341
2011-04-21,47.0516
2011-04-22,47.6291
2011-04-25,46.6712
2011-04-26,46.5199
2011-04-27,45.9104
2011-04-28,46.3549
2011-04-29,45.8324
2011-05-03,44.7783
2011-05-04,44.1825
2011-05-05,43.8204
2011-05-06,45.0075
2011-05-10,44.6179
2011-05-11,44.3566
2011-05-12,44.3200
2011-05-13,44.9112
2011-05-16,44.8745
2011-05-17,44.0312
2011-05-18,44.5354
2011-05-19,44.2421
2011-05-20,43.0825
2011-05-23,42.0054
2011-05-24,42.9083
2011-05-25,43.6554
2011-05-26,43.8617
2011-05-27,44.5033
2011-05-30,44.6408
2011-05-31,44.7279
2011-06-01,44.3337
2011-06-02,44.4162
2011-06-03,43.5500
2011-06-06,43.9533
2011-06-07,44.1137
2011-06-08,43.9533
2011-06-09,45.4750
2011-06-10,44.7096
2011-06-14,44.7783
2011-06-15,44.7783
2011-06-16,44.4437
2011-06-17,43.6921
2011-06-20,43.4308
2011-06-21,44.0221
2011-06-22,43.8800
2011-06-23,43.1696
2011-06-24,44.5262
2011-06-27,44.2466
2011-06-28,45.4429
2011-06-29,45.5895
2011-06-30,45.8324
2011-07-01,47.8949
2011-07-04,47.9957
2011-07-05,47.8032
2011-07-06,47.8307
2011-07-07,49.3249
2011-07-08,48.2478
2011-07-11,46.9599
2011-07-12,47.0012
2011-07-13,47.6153
2011-07-14,47.8078
2011-07-15,48.3349
2011-07-18,46.4283
2011-07-19,46.9049
2011-07-20,46.7033
2011-07-21,47.2212
2011-07-22,46.6574
2011-07-25,47.0333
2011-07-26,46.8453
2011-07-27,46.5749
2011-07-28,47.0424
2011-07-29,46.6345
2011-08-01,47.0928
2011-08-02,46.9645
2011-08-03,45.5895
2011-08-04,45.1908
2011-08-05,43.9304
2011-08-08,41.1392
2011-08-09,41.9642
2011-08-10,39.0309
2011-08-11,38.3709
2011-08-12,39.1867
2011-08-15,40.3601
2011-08-16,39.6222
2011-08-17,39.8971
2011-08-18,37.3947
2011-08-19,36.1068
2011-08-22,36.0839
2011-08-23,35.4926
2011-08-24,35.7493
2011-08-25,36.1618
2011-08-26,35.6531
2011-08-29,37.4451
2011-08-30,37.6514
2011-08-31,38.9255
2011-09-01,38.9988
2011-09-02,37.7659
2011-09-05,36.7576
2011-09-06,36.8722
2011-09-07,38.3480
2011-09-08,39.2188
2011-09-09,38.1326
2011-09-12,36.4964
2011-09-13,36.8539
2011-09-14,36.6843
2011-09-15,37.0785
2011-09-16,37.3489
2011-09-19,36.6980
2011-09-20,37.4909
2011-09-21,37.4543
2011-09-22,33.8243
2011-09-23,32.0781
2011-09-26,31.8077
2011-09-27,33.3294
2011-09-28,32.5410
2011-09-29,34.2368
2011-09-30,32.2844
2011-10-03,31.2577
2011-10-04,28.7140
2011-10-05,28.7782
2011-10-06,30.1578
2011-10-07,31.2669
2011-10-10,32.3577
2011-10-11,32.1285
2011-10-12,33.9664
2011-10-13,34.3743
2011-10-14,36.9960
2011-10-17,36.2535
2011-10-18,35.8364
2011-10-19,37.0051
2011-10-20,37.0510
2011-10-21,37.5368
2011-10-24,38.6322
2011-10-25,37.6239
2011-10-26,38.2930
2011-10-27,39.1684
2011-10-28,39.1409
2011-10-31,37.5276
2011-11-01,35.3826
2011-11-02,36.1710
2011-11-03,37.0785
2011-11-07,37.8255
2011-11-08,38.6001
2011-11-09,36.0701
2011-11-10,36.8493
2011-11-11,37.0326
2011-11-14,36.7210
2011-11-15,36.9410
2011-11-16,36.5514
2011-11-17,36.8722
2011-11-18,36.6797
2011-11-21,34.8281
2011-11-22,35.0160
2011-11-23,35.1993
2011-11-24,33.8335
2011-11-25,35.8731
2011-11-28,38.0409
2011-11-29,37.8484
2011-11-30,40.1263
2011-12-01,40.1951
2011-12-02,41.0200
2011-12-05,41.2171
2011-12-06,39.3701
2011-12-07,39.0722
2011-12-08,39.4113
2011-12-09,37.7659
2011-12-12,36.6201
2011-12-13,37.9126
2011-12-14,37.0326
2011-12-15,37.7064
2011-12-16,36.9547
2011-12-19,37.4909
2011-12-20,37.9264
2011-12-21,36.7805
2011-12-22,36.6660
2011-12-23,36.6476
2011-12-26,37.3809
2011-12-27,36.7118
2011-12-28,36.3085
2011-12-29,36.1160
2011-12-30,36.1435
2012-01-03,37.7705
2012-01-04,38.3159
2012-01-05,37.8347
2012-01-06,38.1280
2012-01-09,38.4122
2012-01-10,39.7505
2012-01-11,38.9117
2012-01-12,38.6001
2012-01-13,38.3618
2012-01-16,38.4855
2012-01-17,38.8247
2012-01-18,38.8659
2012-01-19,39.2784
2012-01-20,39.0722
2012-01-23,38.9713
2012-01-24,38.9805
2012-01-25,39.9430
2012-01-26,41.4004
2012-01-27,41.5700
2012-01-30,40.7542
2012-01-31,41.3867
2012-02-01,42.4363
2012-02-02,42.4500
2012-02-03,43.4033
2012-02-06,42.9908
2012-02-07,42.8075
2012-02-08,43.6325
2012-02-09,43.6096
2012-02-10,43.0825
2012-02-13,44.0771
2012-02-14,44.2054
2012-02-15,44.5537
2012-02-16,44.0908
2012-02-17,44.3246
2012-02-20,44.6866
2012-02-21,44.3108
2012-02-22,44.0404
2012-02-24,45.3833
2012-02-27,45.7041
2012-02-28,45.2091
2012-02-29,45.9195
2012-03-01,45.9470
2012-03-02,46.5658
2012-03-05,46.8866
2012-03-06,44.6271
2012-03-07,44.7691
2012-03-12,45.4154
2012-03-13,46.0754
2012-03-14,47.3541
2012-03-15,46.1304
2012-03-16,45.9149
2012-03-19,45.6812
2012-03-20,45.1404
2012-03-21,45.0075
2012-03-22,43.9991
2012-03-23,44.7325
2012-03-26,45.8233
2012-03-27,44.8196
2012-03-28,43.9579
2012-03-29,42.8763
2012-03-30,43.4767
2012-04-02,43.6004
2012-04-03,44.9158
2012-04-04,44.0771
2012-04-05,44.6500
2012-04-06,43.8342
2012-04-09,43.9625
2012-04-10,43.7929
2012-04-11,43.9991
2012-04-12,44.6972
2012-04-13,44.1210
2012-04-16,43.2449
2012-04-17,43.6759
2012-04-18,43.5213
2012-04-19,44.2006
2012-04-20,44.5051
2012-04-23,43.3527
2012-04-24,43.4042
2012-04-25,43.9195
2012-04-26,43.3901
2012-04-27,43.9382
2012-05-02,43.5963
2012-05-03,43.3573
2012-05-04,42.5516
2012-05-07,41.4600
2012-05-08,41.9425
2012-05-10,43.0013
2012-05-11,42.6499
2012-05-14,41.0150
2012-05-15,41.3148
2012-05-16,40.7151
2012-05-17,37.8106
2012-05-18,36.6300
2012-05-21,38.3915
2012-05-22,38.7991
2012-05-23,36.8455
2012-05-24,38.1526
2012-05-25,37.4171
2012-05-28,37.6513
2012-05-29,39.4175
2012-05-30,38.5930
2012-05-31,38.2697
2012-06-01,36.9439
2012-06-04,36.5879
2012-06-05,36.5926
2012-06-06,37.7684
2012-06-07,39.0895
2012-06-08,38.1245
2012-06-13,38.9021
2012-06-14,38.9068
2012-06-15,39.5112
2012-06-18,40.3825
2012-06-19,40.7386
2012-06-20,40.1623
2012-06-21,39.9890
2012-06-22,39.2394
2012-06-25,38.5555
2012-06-26,39.1645
2012-06-27,39.5861
2012-06-28,38.7897
2012-06-29,40.4715
2012-07-02,41.0618
2012-07-03,42.6031
2012-07-04,42.6781
2012-07-05,42.5937
2012-07-06,41.7879
2012-07-09,42.1721
2012-07-10,42.6312
2012-07-11,42.1674
2012-07-12,41.6568
2012-07-13,42.6218
2012-07-16,42.5609
2012-07-17,42.7343
2012-07-18,42.9123
2012-07-19,43.1699
2012-07-20,42.2189
2012-07-23,40.2888
2012-07-24,39.5627
2012-07-25,40.7105
2012-07-26,41.4366
2012-07-27,42.3080
2012-07-30,42.7436
2012-07-31,42.0362
2012-08-01,41.8770
2012-08-02,41.5959
2012-08-03,42.9404
2012-08-06,43.7087
2012-08-07,44.0226
2012-08-08,44.0085
2012-08-09,43.9757
2012-08-10,43.4979
2012-08-13,43.6525
2012-08-14,43.8399
2012-08-15,43.5588
2012-08-16,43.4838
2012-08-17,43.1231
2012-08-20,42.8748
2012-08-21,43.8352
2012-08-22,43.3573
2012-08-23,43.5869
2012-08-24,43.5260
2012-08-27,43.4791
2012-08-28,44.2615
2012-08-29,44.2896
2012-08-30,43.7977
2012-08-31,43.6431
2012-09-03,44.0741
2012-09-04,43.6103
2012-09-05,43.4979
2012-09-06,44.0132
2012-09-07,43.9710
2012-09-10,44.2428
2012-09-11,44.0507
2012-09-12,43.8399
2012-09-13,43.4510
2012-09-14,45.4655
2012-09-17,44.7721
2012-09-18,44.3880
2012-09-19,43.9336
2012-09-20,43.9289
2012-09-21,44.1116
2012-09-24,44.1163
2012-09-25,43.9195
2012-09-26,42.5141
2012-09-27,42.1955
2012-09-28,42.6265
2012-10-01,43.2543
2012-10-02,43.0528
2012-10-03,43.0622
2012-10-04,42.8514
2012-10-05,43.5775
2012-10-08,43.3808
2012-10-09,43.3948
2012-10-10,43.2355
2012-10-11,43.3995
2012-10-12,42.8654
2012-10-15,42.7624
2012-10-16,43.1887
2012-10-17,43.6244
2012-10-18,43.8961
2012-10-19,43.6572
2012-10-22,44.0835
2012-10-23,43.8446
2012-10-24,43.7462
2012-10-25,43.5166
2012-10-26,43.0763
2012-10-29,42.9591
2012-10-30,42.7249
2012-10-31,43.0013
2012-11-01,43.0247
2012-11-02,43.0763
2012-11-06,42.7905
2012-11-07,42.1393
2012-11-08,40.4481
2012-11-09,40.1951
2012-11-12,40.6542
2012-11-13,39.4971
2012-11-14,39.6892
2012-11-15,40.3310
2012-11-16,40.2795
2012-11-19,40.9166
2012-11-20,40.7573
2012-11-21,41.1696
2012-11-22,41.2305
2012-11-23,41.8395
2012-11-26,41.7879
2012-11-27,41.7879
2012-11-28,41.0993
2012-11-29,41.1836
2012-11-30,42.8233
2012-12-03,43.4745
2012-12-04,43.0247
2012-12-05,43.9570
2012-12-06,43.8399
2012-12-07,43.6618
2012-12-10,43.8446
2012-12-11,43.8118
2012-12-12,43.9710
2012-12-13,43.7509
2012-12-14,43.7649
2012-12-17,43.8211
2012-12-18,44.5566
2012-12-19,44.2849
2012-12-20,44.3599
2012-12-21,43.8024
2012-12-24,43.3339
2012-12-25,43.2777
2012-12-26,43.2636
2012-12-27,43.4838
2012-12-28,43.5400
2013-01-08,46.0839
2013-01-09,46.0183
2013-01-10,46.1026
2013-01-11,46.6413
2013-01-14,47.3113
2013-01-15,46.7772
2013-01-16,46.8334
2013-01-17,47.3862
2013-01-18,48.4778
2013-01-21,48.5527
2013-01-22,47.9484
2013-01-23,48.4637
2013-01-24,48.0093
2013-01-25,48.5668
2013-01-28,50.0800
2013-01-29,49.9160
2013-01-30,50.5016
2013-01-31,51.3401
2013-02-01,50.7639
2013-02-04,50.2205
2013-02-05,50.4782
2013-02-06,50.0331
2013-02-07,49.4944
2013-02-08,50.1643
2013-02-11,50.1455
2013-02-12,50.8201
2013-02-13,50.9701
2013-02-14,50.4173
2013-02-15,49.2273
2013-02-18,49.7661
2013-02-19,50.9373
2013-02-20,50.5109
2013-02-21,50.0050
2013-02-22,49.7145
2013-02-25,49.9441
2013-02-26,48.7870
2013-02-27,48.4637
2013-02-28,48.9884
2013-03-01,48.2951
2013-03-04,48.2061
2013-03-05,48.6792
2013-03-06,49.3444
2013-03-07,49.3351
2013-03-11,50.0237
2013-03-12,49.6911
2013-03-13,48.9228
2013-03-14,49.1008
2013-03-15,48.9181
2013-03-18,47.0630
2013-03-19,46.7163
2013-03-20,47.9624
2013-03-21,47.6439
2013-03-22,46.5523
2013-03-25,46.2197
2013-03-26,45.5030
2013-03-27,45.3156
2013-03-28,46.2104
2013-03-29,46.2994
2013-04-01,45.9480
2013-04-02,46.3603
2013-04-03,46.6039
2013-04-04,46.7959
2013-04-05,46.5149
2013-04-08,47.0114
2013-04-09,48.0702
2013-04-10,48.3841
2013-04-11,49.2104
2013-04-12,47.2887
2013-04-15,45.8090
2013-04-16,46.0636
2013-04-17,45.4679
2013-04-18,45.8186
2013-04-19,46.2894
2013-04-22,45.6360
2013-04-23,46.3326
2013-04-24,47.0437
2013-04-25,46.2990
2013-04-26,45.9915
2013-04-29,45.5015
2013-04-30,47.5721
2013-05-02,48.4273
2013-05-03,49.4410
2013-05-06,49.2008
2013-05-07,50.5124
2013-05-08,50.8343
2013-05-10,49.7725
2013-05-13,49.6428
2013-05-14,49.9070
2013-05-15,49.5948
2013-05-16,49.2200
2013-05-17,50.4932
2013-05-20,51.2282
2013-05-21,52.3092
2013-05-22,53.2316
2013-05-23,50.7430
2013-05-24,49.4891
2013-05-27,49.4170
2013-05-28,49.9647
2013-05-29,48.0334
2013-05-30,48.0141
2013-05-31,47.4328
2013-06-03,47.4280
2013-06-04,47.5097
2013-06-05,46.8707
2013-06-06,46.5056
2013-06-07,47.5866
2013-06-10,47.0004
2013-06-11,45.4823
2013-06-13,44.0842
2013-06-14,44.9586
2013-06-17,45.9531
2013-06-18,46.3134
2013-06-19,45.4342
2013-06-20,43.8969
2013-06-21,43.8680
2013-06-24,42.6381
2013-06-25,43.0417
2013-06-26,44.4686
2013-06-27,44.8529
2013-06-28,44.9202
2013-07-01,45.8234
2013-07-02,45.4535
2013-07-03,44.6992
2013-07-04,45.1700
2013-07-05,44.8097
2013-07-08,44.5935
2013-07-09,44.4061
2013-07-10,43.7719
2013-07-11,45.8426
2013-07-12,47.3415
2013-07-15,47.9084
2013-07-16,47.7835
2013-07-17,48.5330
2013-07-18,47.2839
2013-07-19,48.0093
2013-07-22,47.0052
2013-07-23,46.5296
2013-07-24,46.2942
2013-07-25,46.0540
2013-07-26,45.5736
2013-07-29,45.2997
2013-07-30,45.2613
2013-07-31,45.7465
2013-08-01,46.4912
2013-08-02,46.5921
2013-08-05,46.2750
2013-08-06,45.5063
2013-08-07,45.3381
2013-08-08,45.1604
2013-08-09,45.9579
2013-08-12,46.2221
2013-08-13,46.6978
2013-08-14,47.0725
2013-08-15,45.8762
2013-08-16,45.0835
2013-08-19,44.9874
2013-08-20,44.0554
2013-08-21,43.4981
2013-08-22,44.2236
2013-08-23,44.1851
2013-08-26,43.8392
2013-08-27,43.2627
2013-08-28,42.9456
2013-08-29,43.1474
2013-08-30,42.3547
2013-09-02,42.9985
2013-09-03,43.4645
2013-09-04,43.4789
2013-09-05,44.5358
2013-09-06,44.4446
2013-09-09,45.5928
2013-09-10,46.5008
2013-09-11,45.8810
2013-09-12,45.9051
2013-09-13,46.0204
2013-09-16,47.5625
2013-09-17,47.7547
2013-09-18,47.8604
2013-09-19,49.1816
2013-09-20,49.2681
2013-09-23,48.7156
2013-09-24,48.2399
2013-09-25,48.9798
2013-09-26,48.8117
2013-09-27,47.4184
2013-09-30,46.9380
2013-10-01,47.6346
2013-10-02,46.9428
2013-10-03,47.1830
2013-10-04,48.1631
2013-10-07,48.2832
2013-10-08,48.9606
2013-10-09,48.7876
2013-10-10,49.8206
2013-10-11,49.3882
2013-10-14,49.4843
2013-10-15,50.3010
2013-10-16,49.9839
2013-10-17,49.6764
2013-10-18,50.6133
2013-10-21,50.6805
2013-10-22,50.6373
2013-10-23,49.6044
2013-10-24,49.4122
2013-10-25,49.4698
2013-10-28,49.4218
2013-10-29,49.3642
2013-10-30,49.5803
2013-10-31,49.3882
2013-11-01,49.7965
2013-11-05,49.2248
2013-11-06,49.2585
2013-11-07,49.6860
2013-11-08,48.9510
2013-11-11,48.8933
2013-11-12,50.0608
2013-11-13,48.8069
2013-11-14,49.7965
2013-11-15,49.8013
2013-11-18,50.6613
2013-11-19,51.0312
2013-11-20,50.9255
2013-11-21,50.4307
2013-11-22,50.4932
2013-11-25,50.5508
2013-11-26,49.6524
2013-11-27,49.3690
2013-11-28,49.3209
2013-11-29,49.6140
2013-12-02,49.2200
2013-12-03,48.1054
2013-12-04,47.5385
2013-12-05,47.1782
2013-12-06,47.9517
2013-12-09,48.5234
2013-12-10,48.1294
2013-12-11,48.3552
2013-12-12,47.5145
2013-12-13,47.4665
2013-12-16,47.9421
2013-12-17,48.0430
2013-12-18,48.0910
2013-12-19,48.8741
2013-12-20,49.0999
2013-12-23,49.1095
2013-12-24,48.9558
2013-12-25,48.8213
2013-12-26,48.9606
2013-12-27,48.3552
2013-12-30,48.5474
2014-01-06,47.3848
2014-01-08,47.1782
2014-01-09,47.0677
2014-01-10,47.7595
2014-01-13,48.1583
2014-01-14,47.6826
2014-01-15,48.3745
2014-01-16,48.3312
2014-01-17,48.5618
2014-01-20,48.9846
2014-01-21,49.0711
2014-01-22,49.0999
2014-01-23,48.7924
2014-01-24,47.8652
2014-01-27,47.0052
2014-01-28,46.7939
2014-01-29,46.1693
2014-01-30,45.9771
2014-01-31,45.5447
2014-02-03,45.4342
2014-02-04,45.1316
2014-02-05,45.8858
2014-02-06,46.3903
2014-02-07,46.4095
2014-02-10,45.8762
2014-02-11,46.2077
2014-02-12,46.6017
2014-02-13,45.8810
2014-02-14,46.4576
2014-02-17,46.8275
2014-02-18,46.4720
2014-02-19,45.5447
2014-02-20,45.4486
2014-02-21,45.6072
2014-02-24,45.4823
2014-02-25,45.2228
2014-02-26,44.3677
2014-02-27,43.2627
2014-02-28,43.7671
2014-03-03,37.1612
2014-03-04,39.1646
2014-03-05,39.1406
2014-03-06,38.6602
2014-03-07,38.4296
2014-03-11,36.8730
2014-03-12,34.9465
2014-03-13,33.5340
2014-03-14,34.2066
2014-03-17,36.8538
2014-03-18,39.3952
2014-03-19,38.7418
2014-03-20,38.1461
2014-03-21,37.6993
2014-03-24,37.6657
2014-03-25,39.2511
2014-03-26,39.6354
2014-03-27,38.3863
2014-03-28,39.0878
2014-03-31,40.2600
2014-04-01,40.2984
2014-04-02,39.7171
2014-04-03,39.1598
2014-04-04,39.8661
2014-04-07,38.4104
2014-04-08,38.1509
2014-04-09,37.8819
2014-04-10,38.3863
2014-04-11,38.3143
2014-04-14,37.6417
2014-04-15,36.1283
2014-04-16,36.5751
2014-04-17,36.9402
2014-04-18,37.8675
2014-04-21,37.2910
2014-04-22,36.6568
2014-04-23,36.3013
2014-04-24,35.1723
2014-04-25,33.5868
2014-04-28,35.2587
2014-04-29,34.9753
2014-04-30,34.8312
2014-05-02,34.6966
2014-05-05,34.5861
2014-05-06,35.5998
2014-05-07,37.7137
2014-05-08,37.8579
2014-05-12,37.9924
2014-05-13,38.5064
2014-05-14,39.0974
2014-05-15,38.4536
2014-05-16,38.0500
2014-05-19,39.2127
2014-05-20,39.5442
2014-05-21,40.1591
2014-05-22,40.0006
2014-05-23,41.2353
2014-05-26,41.7349
2014-05-27,40.5146
2014-05-28,40.8125
2014-05-29,41.1488
2014-05-30,40.5963
2014-06-02,41.2737
2014-06-03,41.7205
2014-06-04,42.1865
2014-06-05,42.0040
2014-06-06,42.7582
2014-06-09,42.7054
2014-06-10,42.7534
2014-06-11,42.7582
2014-06-16,40.7645
2014-06-17,41.8379
2014-06-18,41.8229
2014-06-19,42.3371
2014-06-20,42.0176
2014-06-23,41.7780
2014-06-24,43.1859
2014-06-25,42.1374
2014-06-26,41.9876
2014-06-27,42.1025
2014-06-30,42.1873
2014-07-01,41.9727
2014-07-02,42.8314
2014-07-03,42.6067
2014-07-04,41.9377
2014-07-07,42.6816
2014-07-08,42.4919
2014-07-09,42.5368
2014-07-10,42.1724
2014-07-11,42.2123
2014-07-14,41.7130
2014-07-15,41.4834
2014-07-16,41.8279
2014-07-17,40.6896
2014-07-18,40.0755
2014-07-21,38.2232
2014-07-22,39.0919
2014-07-23,38.6676
2014-07-24,38.3780
2014-07-25,37.5243
2014-07-28,36.3560
2014-07-29,36.5457
2014-07-30,36.7854
2014-07-31,36.7454
2014-08-01,36.1313
2014-08-04,36.3211
2014-08-05,35.7469
2014-08-06,34.4488
2014-08-07,34.1992
2014-08-08,35.2976
2014-08-11,37.0500
2014-08-12,36.6206
2014-08-13,37.3645
2014-08-14,37.4394
2014-08-15,37.4694
2014-08-18,37.5193
2014-08-19,37.9436
2014-08-20,38.3930
2014-08-21,39.1419
2014-08-22,39.1369
2014-08-25,39.2217
2014-08-26,38.6626
2014-08-27,38.9072
2014-08-28,37.2397
2014-08-29,36.5507
2014-09-01,36.7854
2014-09-02,36.8253
2014-09-03,39.1918
2014-09-04,39.6361
2014-09-05,40.0655
2014-09-08,39.2867
2014-09-09,39.6461
2014-09-10,39.2767
2014-09-11,38.0934
2014-09-12,38.2682
2014-09-15,37.7589
2014-09-16,38.7425
2014-09-17,39.2717
2014-09-18,38.9322
2014-09-19,38.6426
2014-09-22,37.9436
2014-09-23,38.7824
2014-09-24,39.4664
2014-09-25,38.9472
2014-09-26,38.7425
2014-09-29,38.2931
2014-09-30,37.7040
2014-10-01,37.0749
2014-10-02,36.5208
2014-10-03,36.8303
2014-10-06,38.1084
2014-10-07,37.6042
2014-10-08,36.8453
2014-10-09,36.7704
2014-10-10,36.6955
2014-10-13,37.0749
2014-10-14,37.2197
2014-10-15,36.4858
2014-10-16,35.5073
2014-10-17,36.5208
2014-10-20,36.0714
2014-10-21,36.1962
2014-10-22,35.8567
2014-10-23,35.7419
2014-10-24,36.1913
2014-10-27,36.3959
2014-10-28,36.8952
2014-10-29,36.9701
2014-10-30,37.4344
2014-10-31,38.0585
2014-11-03,38.0884
2014-11-05,37.7689
2014-11-06,37.4694
2014-11-07,37.7889
2014-11-10,38.8323
2014-11-11,38.6127
2014-11-12,38.1034
2014-11-13,36.9601
2014-11-14,37.0200
2014-11-17,36.9302
2014-11-18,37.5492
2014-11-19,36.8952
2014-11-20,36.7604
2014-11-21,37.1398
2014-11-24,37.1448
2014-11-25,37.0000
2014-11-26,36.8702
2014-11-27,36.4658
2014-11-28,36.0714
2014-12-01,36.8403
2014-12-02,35.7669
2014-12-03,35.9466
2014-12-04,35.4673
2014-12-05,34.2491
2014-12-08,32.6016
2014-12-09,33.0809
2014-12-10,33.8348
2014-12-11,32.9261
2014-12-12,32.0524
2014-12-15,30.0204
2014-12-16,26.7103
2014-12-17,29.9056
2014-12-18,31.4084
2014-12-19,30.6744
2014-12-22,29.2565
2014-12-23,26.9600
2014-12-24,27.4592
2014-12-25,29.3065
2014-12-26,28.5226
2014-12-29,27.2146
2014-12-30,27.4093
2015-01-05,28.1432
2015-01-06,29.0968
2015-01-08,32.8013
2015-01-09,31.5032
2015-01-12,31.4034
2015-01-13,30.1103
2015-01-14,29.9805
2015-01-15,30.8542
2015-01-16,30.9490
2015-01-19,30.8542
2015-01-20,30.3549
2015-01-21,31.3534
2015-01-22,32.1273
2015-01-23,32.1772
2015-01-26,30.2001
2015-01-27,30.5546
2015-01-28,30.2700
2015-01-29,30.2051
2015-01-30,30.7044
2015-02-02,30.6545
2015-02-03,30.9540
2015-02-04,30.4747
2015-02-05,31.1587
2015-02-06,32.1073
2015-02-09,32.7364
2015-02-10,32.4518
2015-02-11,32.5117
2015-02-12,33.5552
2015-02-13,35.2477
2015-02-16,34.9481
2015-02-17,36.1713
2015-02-18,38.1434
2015-02-19,36.8353
2015-02-20,37.3196
2015-02-24,36.7954
2015-02-25,37.0450
2015-02-26,37.9187
2015-02-27,37.8987
2015-03-02,38.0435
2015-03-03,37.7190
2015-03-04,36.1014
2015-03-05,36.2961
2015-03-06,36.5707
2015-03-10,34.8482
2015-03-11,35.2876
2015-03-12,35.3425
2015-03-13,33.8847
2015-03-16,32.7364
2015-03-17,32.2771
2015-03-18,32.5816
2015-03-19,32.4019
2015-03-20,33.4503
2015-03-23,32.4518
2015-03-24,32.7514
2015-03-25,32.3520
2015-03-26,31.3784
2015-03-27,30.4548
2015-03-30,31.4583
2015-03-31,31.3934
2015-04-01,32.2022
2015-04-02,32.9111
2015-04-03,32.7014
2015-04-06,34.4438
2015-04-07,34.7484
2015-04-08,34.6485
2015-04-09,35.9466
2015-04-10,35.6970
2015-04-13,36.9951
2015-04-14,36.9701
2015-04-15,38.1883
2015-04-16,38.1933
2015-04-17,36.1962
2015-04-20,36.6955
2015-04-21,37.5642
2015-04-22,36.8952
2015-04-23,37.8438
2015-04-24,37.8188
2015-04-27,37.5442
2015-04-28,37.7939
2015-04-29,37.5442
2015-04-30,38.3930
2015-05-05,40.0455
2015-05-06,39.5413
2015-05-07,38.1933
2015-05-08,37.6940
2015-05-12,37.5392
2015-05-13,37.5642
2015-05-14,37.0999
2015-05-15,37.4694
2015-05-18,37.6241
2015-05-19,36.6206
2015-05-20,35.7469
2015-05-21,36.5707
2015-05-22,37.1199
2015-05-25,37.1748
2015-05-26,37.2796
2015-05-27,37.0600
2015-05-28,36.7454
2015-05-29,36.6955
2015-06-01,36.2711
2015-06-02,36.9052
2015-06-03,35.8068
2015-06-04,35.5722
2015-06-05,35.2526
2015-06-08,34.5337
2015-06-09,35.0529
2015-06-10,35.7020
2015-06-11,36.2212
2015-06-15,36.0728
2015-06-16,36.9269
2015-06-17,36.5803
2015-06-18,36.6657
2015-06-19,35.9523
2015-06-22,36.1733
2015-06-23,36.1784
2015-06-24,36.1633
2015-06-25,35.8819
2015-06-26,35.4700
2015-06-29,35.2690
2015-06-30,36.3492
2015-07-01,35.6709
2015-07-02,35.4398
2015-07-03,35.5051
2015-07-06,34.3898
2015-07-07,34.5506
2015-07-08,34.0280
2015-07-09,34.8419
2015-07-10,35.7011
2015-07-13,36.6456
2015-07-14,37.1279
2015-07-15,37.1781
2015-07-16,37.2836
2015-07-17,37.9418
2015-07-20,37.2284
2015-07-21,37.9569
2015-07-22,37.4796
2015-07-23,36.5250
2015-07-24,35.3946
2015-07-27,34.4049
2015-07-28,34.9424
2015-07-29,35.7714
2015-07-30,36.2738
2015-07-31,36.3240
2015-08-03,35.7212
2015-08-04,36.3240
2015-08-05,36.9219
2015-08-06,36.2989
2015-08-07,37.2786
2015-08-10,37.7609
2015-08-11,36.7762
2015-08-12,36.8767
2015-08-13,37.0274
2015-08-14,37.3942
2015-08-17,36.6757
2015-08-18,36.3994
2015-08-19,35.9221
2015-08-20,36.1984
2015-08-21,35.0982
2015-08-24,34.4300
2015-08-25,35.5654
2015-08-26,35.6709
2015-08-27,37.0777
2015-08-28,37.5901
2015-08-31,37.4293
2015-09-01,36.7461
2015-09-02,36.6255
2015-09-03,37.2535
2015-09-04,37.1580
2015-09-07,37.0827
2015-09-08,37.6303
2015-09-09,37.5047
2015-09-10,37.3289
2015-09-11,37.2284
2015-09-14,37.6203
2015-09-15,37.6052
2015-09-16,39.0421
2015-09-17,38.4291
2015-09-18,37.9318
2015-09-21,38.1528
2015-09-22,37.3741
2015-09-23,37.0475
2015-09-24,36.8415
2015-09-25,37.6655
2015-09-28,37.4645
2015-09-29,37.9318
2015-09-30,37.8313
2015-10-01,37.4344
2015-10-02,37.0777
2015-10-05,38.2834
2015-10-06,38.8411
2015-10-07,40.0167
2015-10-08,41.7551
2015-10-09,43.0915
2015-10-12,42.9307
2015-10-13,42.7046
2015-10-14,43.6140
2015-10-15,44.0611
2015-10-16,44.4731
2015-10-19,43.7446
2015-10-20,44.2822
2015-10-21,43.6843
2015-10-22,43.4733
2015-10-23,45.4427
2015-10-26,46.3722
2015-10-27,44.7143
2015-10-28,45.2418
2015-10-29,44.5133
2015-10-30,45.4829
2015-11-02,47.0504
2015-11-03,47.9297
2015-11-05,47.9799
2015-11-06,47.2715
2015-11-09,46.6988
2015-11-10,47.4021
2015-11-11,47.2263
2015-11-12,47.3720
2015-11-13,46.9248
2015-11-16,48.1306
2015-11-17,51.4968
2015-11-18,52.2504
2015-11-19,52.6824
2015-11-20,53.9083
2015-11-23,55.2548
2015-11-24,53.0542
2015-11-25,54.5162
2015-11-26,53.4963
2015-11-27,52.5267
2015-11-30,51.6977
2015-12-01,50.8939
2015-12-02,51.4968
2015-12-03,52.2504
2015-12-04,51.7731
2015-12-07,51.7480
2015-12-08,48.7335
2015-12-09,50.5723
2015-12-10,50.3060
2015-12-11,49.3113
2015-12-14,49.0852
2015-12-15,50.2407
2015-12-16,51.4716
2015-12-17,52.1248
2015-12-18,49.6429
2015-12-21,49.6027
2015-12-22,50.1403
2015-12-23,51.7279
2015-12-24,50.9190
2015-12-25,50.9140
2015-12-28,50.3412
2015-12-29,51.1551
2015-12-30,50.8738
2016-01-04,49.2409
2016-01-05,49.6831
2016-01-06,48.6581
2016-01-11,45.7341
2016-01-12,46.0758
2016-01-13,45.9703
2016-01-14,46.7440
2016-01-15,43.8451
2016-01-18,43.2824
2016-01-19,43.5487
2016-01-20,42.1168
2016-01-21,43.2070
2016-01-22,45.9703
2016-01-25,45.7191
2016-01-26,45.9703
2016-01-27,48.1055
2016-01-28,48.5778
2016-01-29,48.4823
2016-02-01,48.4823
2016-02-02,47.4273
2016-02-03,47.4926
2016-02-04,49.0199
2016-02-05,48.8340
2016-02-08,47.5780
2016-02-09,47.1710
2016-02-10,48.4069
2016-02-11,47.3268
2016-02-12,47.6533
2016-02-15,47.8543
2016-02-16,48.4873
2016-02-17,49.8388
2016-02-18,51.5972
2016-02-19,50.9943
2016-02-20,51.4415
2016-02-22,51.8484
2016-02-24,51.2958
2016-02-25,52.2755
2016-02-26,53.3758
2016-02-29,53.7576
2016-03-01,54.3906
2016-03-02,53.3155
2016-03-03,53.7526
2016-03-04,54.7574
2016-03-07,54.9985
2016-03-09,54.3354
2016-03-10,54.6820
2016-03-11,54.8930
2016-03-14,54.8930
2016-03-15,53.4863
2016-03-16,53.7576
2016-03-17,54.9985
2016-03-18,56.4706
2016-03-21,56.3048
2016-03-22,56.0134
2016-03-23,54.8126
2016-03-24,54.2901
2016-03-25,54.8126
2016-03-28,54.3203
2016-03-29,53.7827
2016-03-30,54.8378
2016-03-31,55.2146
2016-04-01,54.5212
2016-04-04,54.3605
2016-04-05,53.6923
2016-04-06,54.2600
2016-04-07,54.5162
2016-04-08,56.7318
2016-04-11,58.9575
2016-04-12,59.2589
2016-04-13,60.0377
2016-04-14,59.9372
2016-04-15,59.9372
2016-04-18,59.3845
2016-04-19,61.0425
2016-04-20,62.1729
2016-04-21,59.8719
2016-04-22,60.9169
2016-04-25,60.3291
2016-04-26,60.1382
2016-04-27,60.6908
2016-04-28,62.4944
2016-04-29,62.0724
2016-05-04,60.7712
2016-05-05,60.7511
2016-05-06,60.6104
2016-05-10,60.0628
2016-05-11,62.0222
2016-05-12,60.8918
2016-05-13,60.8265
2016-05-16,61.5951
2016-05-17,61.6504
2016-05-18,61.8564
2016-05-19,60.5401
2016-05-20,61.2435
2016-05-23,61.0475
2016-05-24,62.0473
2016-05-25,64.2428
2016-05-26,66.3982
2016-05-27,66.9207
2016-05-30,67.5487
2016-05-31,66.5991
2016-06-01,65.9962
2016-06-02,66.4685
2016-06-03,66.1118
2016-06-06,67.3176
2016-06-07,70.3220
2016-06-08,70.0306
2016-06-09,70.1411
2016-06-10,67.0714
2016-06-14,64.8512
2016-06-15,66.2852
2016-06-16,64.8615
2016-06-17,65.6780
2016-06-20,67.4284
2016-06-21,68.0714
2016-06-22,68.7960
2016-06-23,70.4239
2016-06-24,68.0765
2016-06-27,64.4022
2016-06-28,66.1219
2016-06-29,68.3214
2016-06-30,67.8723
2016-07-01,68.3061
2016-07-04,68.6888
2016-07-05,67.2855
2016-07-06,66.0148
2016-07-07,67.2600
2016-07-08,68.5919
2016-07-11,70.0157
2016-07-12,71.6487
2016-07-13,71.1384
2016-07-14,71.4446
2016-07-15,70.4852
2016-07-18,71.4088
2016-07-19,71.1741
2016-07-20,70.7148
2016-07-21,70.6791
2016-07-22,70.3219
2016-07-25,69.4033
2016-07-26,69.2757
2016-07-27,69.8626
2016-07-28,69.8371
2016-07-29,71.0108
2016-08-01,70.6893
2016-08-02,68.9236
2016-08-03,69.2655
2016-08-04,69.9851
2016-08-05,70.7760
2016-08-08,71.1639
2016-08-09,71.0363
2016-08-10,70.5770
2016-08-11,71.2915
2016-08-12,71.1639
2016-08-15,71.1894
2016-08-16,70.4750
2016-08-17,70.6485
2016-08-18,69.9136
2016-08-19,69.3012
2016-08-22,70.1024
2016-08-23,71.6232
2016-08-24,71.1894
2016-08-25,72.8939
2016-08-26,74.1237
2016-08-29,73.2562
2016-08-30,73.0674
2016-08-31,73.2307
2016-09-01,73.6134
2016-09-02,74.9556
2016-09-05,76.2926
2016-09-06,76.8743
2016-09-07,78.7574
2016-09-08,78.3083
2016-09-09,77.3643
2016-09-12,77.2775
2016-09-13,76.4457
2016-09-14,76.9866
2016-09-15,76.1089
2016-09-16,75.0168
2016-09-19,75.8639
2016-09-20,76.1905
2016-09-21,76.8897
2016-09-22,78.6809
2016-09-23,77.3132
2016-09-26,76.0885
2016-09-27,75.2873
2016-09-28,75.1086
2016-09-29,75.7670
2016-09-30,74.1697
2016-10-03,75.9711
2016-10-04,75.5781
2016-10-05,75.5016
2016-10-06,75.9864
2016-10-07,75.9047
2016-10-10,77.1958
2016-10-11,77.2112
2016-10-12,76.1395
2016-10-13,74.5524
2016-10-14,74.8790
2016-10-17,74.7412
2016-10-18,75.3944
2016-10-19,75.8333
2016-10-20,75.6598
2016-10-21,75.7414
2016-10-24,76.1140
2016-10-25,77.3489
2016-10-26,76.8897
2016-10-27,76.1905
2016-10-28,76.1395
2016-10-31,75.2209
2016-11-01,74.4299
2016-11-02,72.6489
2016-11-03,72.8479
2016-11-07,73.1796
2016-11-08,74.5626
2016-11-09,77.0785
2016-11-10,78.2624
2016-11-11,77.3183
2016-11-14,76.7519
2016-11-15,76.4712
2016-11-16,76.5171
2016-11-17,76.4202
2016-11-18,76.5733
2016-11-21,78.0787
2016-11-22,79.0993
2016-11-23,79.2167
2016-11-24,82.2378
2016-11-25,81.8346
2016-11-28,81.3447
2016-11-29,80.6660
2016-11-30,80.9875
2016-12-01,80.9875
2016-12-02,81.3447
2016-12-05,82.6818
2016-12-06,81.3192
2016-12-07,81.6254
2016-12-08,86.2336
2016-12-09,86.5806
2016-12-12,89.5098
2016-12-13,90.2753
2016-12-14,88.6423
2016-12-15,89.2649
2016-12-16,88.7444
2016-12-19,88.9485
2016-12-20,89.7650
2016-12-21,89.1577
2016-12-22,86.7541
2016-12-23,87.3410
2016-12-26,87.7594
2016-12-27,87.9125
2016-12-28,86.8051
2016-12-29,87.4175
2016-12-30,88.4126
2017-01-03,91.9185
2017-01-04,89.7905
2017-01-05,87.7237
2017-01-06,87.1062
2017-01-09,85.9121
2017-01-10,87.5706
2017-01-11,86.2693
2017-01-12,85.8713
2017-01-13,84.1515
2017-01-16,84.0290
2017-01-17,84.7026
2017-01-18,84.3250
2017-01-19,84.8659
2017-01-20,85.4732
2017-01-23,85.0956
2017-01-24,86.8817
2017-01-25,86.8868
2017-01-26,88.6882
2017-01-27,91.3061
2017-01-30,89.1016
2017-01-31,87.8768
2017-02-01,88.7444
2017-02-02,88.1983
2017-02-03,88.6933
2017-02-06,88.2187
2017-02-07,88.5249
2017-02-08,87.3665
2017-02-09,86.1417
2017-02-10,84.4577
2017-02-13,84.0494
2017-02-14,83.0288
2017-02-15,83.4370
2017-02-16,84.9629
2017-02-17,84.4526
2017-02-20,84.4271
2017-02-21,85.2232
2017-02-22,84.6618
2017-02-24,84.4628
2017-02-27,82.1357
2017-02-28,79.6097
2017-03-01,81.6509
2017-03-02,83.3860
2017-03-03,83.8963
2017-03-06,82.6716
2017-03-07,82.1510
2017-03-09,79.7117
2017-03-10,80.3751
2017-03-13,81.0998
2017-03-14,80.3343
2017-03-15,79.7117
2017-03-16,80.8089
2017-03-17,82.2378
2017-03-20,83.5901
2017-03-21,83.1717
2017-03-22,83.1411
2017-03-23,83.7687
2017-03-24,83.9576
2017-03-27,83.0237
2017-03-28,83.5187
2017-03-29,83.2942
2017-03-30,83.4370
2017-03-31,81.5489
2017-04-03,82.5695
2017-04-04,83.4370
2017-04-05,85.7845
2017-04-06,85.4732
2017-04-07,82.4113
2017-04-10,79.2014
2017-04-11,79.6097
2017-04-12,76.6906
2017-04-13,77.5684
2017-04-14,76.1599
2017-04-17,78.5839
2017-04-18,78.2828
2017-04-19,78.3849
2017-04-20,80.7375
2017-04-21,81.4417
2017-04-24,82.9267
2017-04-25,82.9522
2017-04-26,84.2280
2017-04-27,84.0443
2017-04-28,84.3046
2017-05-02,85.0394
2017-05-03,84.0545
2017-05-04,84.4577
2017-05-05,84.6108
2017-05-10,87.1624
2017-05-11,86.7388
2017-05-12,85.5804
2017-05-15,87.4430
2017-05-16,87.0909
2017-05-17,86.3663
2017-05-18,84.9680
2017-05-19,86.1775
2017-05-22,85.7488
2017-05-23,84.8710
2017-05-24,84.5597
2017-05-25,83.7177
2017-05-26,82.0082
2017-05-29,83.6412
2017-05-30,82.4878
2017-05-31,79.5739
2017-06-01,78.0787
2017-06-02,80.1914
2017-06-05,78.9462
2017-06-06,77.9766
2017-06-07,77.9868
2017-06-08,77.5327
2017-06-09,76.6141
2017-06-13,74.5065
2017-06-14,76.1030
2017-06-15,73.9743
2017-06-16,75.3739
2017-06-19,77.1674
2017-06-20,77.1142
2017-06-21,76.3638
2017-06-22,76.7683
2017-06-23,76.6884
2017-06-26,76.8960
2017-06-27,78.2850
2017-06-28,77.4335
2017-06-29,76.5288
2017-06-30,77.4814
2017-07-03,78.4979
2017-07-04,79.5037
2017-07-05,79.2749
2017-07-06,80.0146
2017-07-07,80.9779
2017-07-10,82.4893
2017-07-11,83.5058
2017-07-12,85.6026
2017-07-13,85.1183
2017-07-14,85.8953
2017-07-17,86.2040
2017-07-18,86.0550
2017-07-19,87.4600
2017-07-20,87.2418
2017-07-21,86.2678
2017-07-24,85.8581
2017-07-25,85.2673
2017-07-26,85.9751
2017-07-27,88.3434
2017-07-28,88.0241
2017-07-31,87.5611
2017-08-01,88.5084
2017-08-02,90.4189
2017-08-03,90.4721
2017-08-04,90.3285
2017-08-07,91.9570
2017-08-08,93.5322
2017-08-09,92.2816
2017-08-10,91.6430
2017-08-11,91.5631
2017-08-14,91.8079
2017-08-15,91.7121
2017-08-16,92.0953
2017-08-17,91.9197
2017-08-18,90.2060
2017-08-21,90.4189
2017-08-22,91.0043
2017-08-23,93.2927
2017-08-24,95.6876
2017-08-25,96.0655
2017-08-28,96.7786
2017-08-29,96.7999
2017-08-30,97.6567
2017-08-31,97.6620
2017-09-01,97.7418
2017-09-04,97.9760
2017-09-05,97.9973
2017-09-06,97.4545
2017-09-07,97.9228
2017-09-08,98.9286
2017-09-11,101.3820
2017-09-12,100.7540
2017-09-13,100.6370
2017-09-14,100.3921
2017-09-15,100.4507
2017-09-18,100.0728
2017-09-19,98.3752
2017-09-20,99.2373
2017-09-21,99.7216
2017-09-22,99.8121
2017-09-25,101.7546
2017-09-26,102.4677
2017-09-27,103.0850
2017-09-28,102.1590
2017-09-29,102.3559
2017-10-02,102.7125
2017-10-03,102.4464
2017-10-04,102.1963
2017-10-05,103.1063
2017-10-06,103.3298
2017-10-09,103.2447
2017-10-10,102.8243
2017-10-11,104.2186
2017-10-12,104.0483
2017-10-13,104.5645
2017-10-16,105.2138
2017-10-17,104.9477
2017-10-18,103.9418
2017-10-19,102.2867
2017-10-20,102.6965
2017-10-23,102.3612
2017-10-24,102.4464
2017-10-25,102.2016
2017-10-26,102.5794
2017-10-27,104.3357
2017-10-30,103.7769
2017-10-31,103.1382
2017-11-01,103.2713
2017-11-02,103.1649
2017-11-03,103.1382
2017-11-07,109.6097
2017-11-08,111.2754
2017-11-09,117.1082
2017-11-10,115.8576
2017-11-13,115.2775
2017-11-14,117.8267
2017-11-15,120.2481
2017-11-16,121.0730
2017-11-17,120.0885
2017-11-20,119.5297
2017-11-21,122.9357
2017-11-22,122.5365
2017-11-23,120.0406
2017-11-24,121.3391
2017-11-27,120.6792
2017-11-28,122.4035
2017-11-29,121.4455
2017-11-30,119.3966
2017-12-01,117.8799
2017-12-04,119.5297
2017-12-05,119.1625
2017-12-06,119.0773
2017-12-07,116.9805
2017-12-08,117.5552
2017-12-11,121.1741
2017-12-12,121.2859
2017-12-13,118.0395
2017-12-14,122.3503
2017-12-15,120.5568
2017-12-18,121.0198
2017-12-19,119.2636
2017-12-20,120.2747
2017-12-21,118.9975
2017-12-22,117.8479
2017-12-25,118.8378
2017-12-26,118.9815
2017-12-27,120.7963
2017-12-28,119.3168
2017-12-29,119.8490
2018-01-03,123.4146
2018-01-04,127.0868
2018-01-05,126.9803
2018-01-09,127.9383
2018-01-10,126.5333
2018-01-11,127.1932
2018-01-12,126.5280
2018-01-15,127.1134
2018-01-16,127.5338
2018-01-17,127.6296
2018-01-18,130.6524
2018-01-19,129.0292
2018-01-22,129.8488
2018-01-23,130.0670
2018-01-24,131.7328
2018-01-25,133.3879
2018-01-26,131.4507
2018-01-29,133.3027
2018-01-30,137.1983
2018-01-31,140.7640
2018-02-01,140.0722
2018-02-02,136.9429
2018-02-05,136.0488
2018-02-06,137.8050
2018-02-07,137.0813
2018-02-08,134.7450
2018-02-09,133.1058
2018-02-12,135.7348
2018-02-13,137.4644
2018-02-14,139.4495
2018-02-15,140.8066
2018-02-16,142.0892
2018-02-19,142.0147
2018-02-20,142.2116
2018-02-21,148.5872
2018-02-22,147.6771
2018-02-26,148.9970
2018-02-27,148.0603
2018-02-28,144.9683
2018-03-01,146.3520
2018-03-02,145.2876
2018-03-05,147.4164
2018-03-06,145.8358
2018-03-07,145.8198
2018-03-09,146.1391
2018-03-12,145.9795
2018-03-13,145.7932
2018-03-14,139.6996
2018-03-15,135.4474
2018-03-16,136.3202
2018-03-19,135.7082
2018-03-20,136.8524
2018-03-21,143.0950
2018-03-22,141.2962
2018-03-23,139.4335
2018-03-26,135.7082
2018-03-27,137.3048
2018-03-28,133.8456
2018-03-29,134.5906
2018-03-30,134.9472
2018-04-02,133.0419
2018-04-03,133.8988
2018-04-04,136.0754
2018-04-05,139.4335
2018-04-06,136.6449
2018-04-09,113.3563
2018-04-10,114.3142
2018-04-11,110.6953
2018-04-12,112.9358
2018-04-13,108.9391
2018-04-16,102.2122
2018-04-17,110.4292
2018-04-18,114.8837
2018-04-19,113.5958
2018-04-20,114.6122
2018-04-23,118.8112
2018-04-24,118.6782
2018-04-25,117.3211
2018-04-26,117.4541
2018-04-27,119.1625
2018-04-28,119.6361
2018-04-30,120.8016
2018-05-02,121.8819
2018-05-03,121.3551
2018-05-04,121.6318
2018-05-07,122.3290
2018-05-08,120.6473
2018-05-10,124.3726
2018-05-11,125.4476
2018-05-14,126.5546
2018-05-15,123.1432
2018-05-16,122.2971
2018-05-17,120.3013
2018-05-18,118.2524
2018-05-21,120.3865
2018-05-22,120.0619
2018-05-23,117.6138
2018-05-24,118.1513
2018-05-25,117.0816
2018-05-28,117.5606
2018-05-29,116.5494
2018-05-30,117.6191
2018-05-31,118.3376
2018-06-01,117.0816
2018-06-04,117.0816
2018-06-05,114.7187
2018-06-06,115.9640
2018-06-07,115.1710
2018-06-08,112.2653
2018-06-09,113.1434
2018-06-11,111.9460
2018-06-13,114.4207
2018-06-14,113.8885
2018-06-15,111.4191
2018-06-18,109.7906
2018-06-19,109.6310
2018-06-20,112.9305
2018-06-21,111.9726
2018-06-22,114.1173
2018-06-25,107.7736
2018-06-26,113.0913
2018-06-27,117.6396
2018-06-28,117.9508
2018-06-29,123.3250
2018-07-02,125.0278
2018-07-03,123.5796
2018-07-04,123.1553
2018-07-05,127.0248
2018-07-06,128.2524
2018-07-09,130.1135
2018-07-10,130.2833
2018-07-11,128.7389
2018-07-12,128.1901
2018-07-13,130.0287
2018-07-16,128.9765
2018-07-17,125.8707
2018-07-18,122.3520
2018-07-19,117.3850
2018-07-20,115.5974
2018-07-23,117.9055
2018-07-24,121.8824
2018-07-25,120.8924
2018-07-26,118.7993
2018-07-27,118.1770
2018-07-30,119.5517
2018-07-31,121.5487
2018-08-01,119.1387
2018-08-02,116.8759
2018-08-03,114.3924
2018-08-06,115.3485
2018-08-07,114.1548
2018-08-08,109.2954
2018-08-09,110.8228
2018-08-10,105.3071
2018-08-13,107.4851
2018-08-14,109.0465
2018-08-15,106.3424
2018-08-16,108.3902
2018-08-17,107.2305
2018-08-20,108.1640
2018-08-21,108.5034
2018-08-22,106.2405
2018-08-23,101.0982
2018-08-24,102.0486
2018-08-27,103.6779
2018-08-28,102.9594
2018-08-29,103.8080
2018-08-30,100.6966
2018-08-31,102.9594
2018-09-03,102.5125
2018-09-04,101.5451
2018-09-05,100.9568
2018-09-06,98.9994
2018-09-07,98.9429
2018-09-10,96.8554
2018-09-11,95.8088
2018-09-12,98.3772
2018-09-13,103.8080
2018-09-14,106.7553
2018-09-17,106.4159
2018-09-18,108.4185
2018-09-19,109.6914
2018-09-20,108.1413
2018-09-21,109.4311
2018-09-24,112.4351
2018-09-25,110.6248
2018-09-26,110.7606
2018-09-27,115.4616
2018-09-28,115.0204
2018-10-01,115.5182
2018-10-02,112.8594
2018-10-03,112.1805
2018-10-04,107.1174
2018-10-05,105.9011
2018-10-08,108.5317
2018-10-09,108.1922
2018-10-10,107.4229
2018-10-11,104.8093
2018-10-12,108.5317
2018-10-15,108.0056
2018-10-16,110.9076
2018-10-17,109.7762
2018-10-18,108.0508
2018-10-19,103.9777
2018-10-22,102.2240
2018-10-23,102.3937
2018-10-24,106.3593
2018-10-25,105.6239
2018-10-26,102.3937
2018-10-29,104.9903
2018-10-30,104.5321
2018-10-31,107.3720
2018-11-01,106.7327
2018-11-02,108.9559
2018-11-06,111.8976
2018-11-07,114.2171
2018-11-08,114.7771
2018-11-09,110.7379
2018-11-12,111.3432
2018-11-13,111.1962
2018-11-14,112.6896
2018-11-15,113.2271
2018-11-16,112.7236
2018-11-19,112.0051
2018-11-20,109.8667
2018-11-21,111.7279
2018-11-22,112.8028
2018-11-23,111.6148
2018-11-26,106.6365
2018-11-27,108.0678
2018-11-28,107.5982
2018-11-29,110.7436
2018-11-30,109.7479
2018-12-03,113.3119
2018-12-04,112.5765
2018-12-05,110.8794
2018-12-06,108.7240
2018-12-07,110.3193
2018-12-10,108.5034
2018-12-11,108.9390
2018-12-12,107.7397
2018-12-13,107.0156
2018-12-14,104.6169
2018-12-17,103.1291
2018-12-18,105.5617
2018-12-19,106.8345
2018-12-20,107.0891
2018-12-21,105.6692
2018-12-24,104.2605
2018-12-25,103.6948
2018-12-26,103.7514
2018-12-27,104.6565
2018-12-28,105.5051
2018-12-29,105.3920
2019-01-03,105.7823
2019-01-04,108.0452
2019-01-08,108.1866
2019-01-09,111.4451
2019-01-10,111.3036
2019-01-11,111.3319
2019-01-14,111.3319
2019-01-15,112.0108
2019-01-16,113.8550
2019-01-17,115.0204
2019-01-18,117.9168
2019-01-21,117.1984
2019-01-22,117.6396
2019-01-23,119.0256
2019-01-24,120.0439
2019-01-25,119.9307
2019-01-28,118.6296
2019-01-29,120.8415
2019-01-30,120.5757
2019-01-31,123.2684
2019-02-01,122.3576
2019-02-04,121.9107
2019-02-05,123.2402
2019-02-06,122.5274
2019-02-07,119.3707
2019-02-08,119.0426
2019-02-11,121.0622
2019-02-12,123.9473
2019-02-13,121.0056
2019-02-14,115.6483
2019-02-15,117.6679
2019-02-18,115.5125
2019-02-19,114.3189
2019-02-20,117.0400
2019-02-21,115.0713
2019-02-22,116.1122
2019-02-25,116.4573
2019-02-26,116.4233
2019-02-27,116.1970
2019-02-28,117.5548
2019-03-01,116.8420
2019-03-04,116.2536
2019-03-05,114.7941
2019-03-06,115.9708
2019-03-07,115.3768
2019-03-11,116.1122
2019-03-12,116.0273
2019-03-13,116.5365
2019-03-14,115.2127
2019-03-15,115.1505
2019-03-18,116.4799
2019-03-19,117.4982
2019-03-20,118.6862
2019-03-21,119.1444
2019-03-22,117.4982
2019-03-25,121.0622
2019-03-26,123.3250
2019-03-27,121.1187
2019-03-28,121.6675
2019-03-29,121.2998
2019-04-01,123.1553
2019-04-02,123.4551
2019-04-03,123.9190
2019-04-04,125.4747
2019-04-05,128.6993
2019-04-08,131.4147
2019-04-09,134.6392
2019-04-10,137.8525
2019-04-11,135.1257
2019-04-12,135.4878
2019-04-15,134.5261
2019-04-16,131.9464
2019-04-17,132.5461
2019-04-18,131.6919
2019-04-19,131.5844
2019-04-22,133.1740
2019-04-23,133.3211
2019-04-24,133.5078
2019-04-25,128.8690
2019-04-26,126.2554
2019-04-29,129.4347
2019-04-30,127.3812
2019-05-02,129.6044
2019-05-03,131.5391
2019-05-06,131.6975
2019-05-07,130.9564
2019-05-08,130.1135
2019-05-10,128.4164
2019-05-13,126.8437
2019-05-14,128.9142
2019-05-15,129.3725
2019-05-16,129.0896
2019-05-17,128.3825
2019-05-20,127.8507
2019-05-21,131.6466
2019-05-22,133.4286
2019-05-23,129.7175
2019-05-24,132.6310
2019-05-27,133.5078
2019-05-28,131.9182
2019-05-29,132.0370
2019-05-30,131.6692
2019-05-31,131.9464
2019-06-03,135.7424
2019-06-04,133.5078
2019-06-05,135.2049
2019-06-06,138.5370
2019-06-07,140.4547
2019-06-10,140.8620
2019-06-11,133.4456
2019-06-13,145.7443
2019-06-14,144.7201
2019-06-17,144.1141
2019-06-18,146.5382
2019-06-19,145.6898
2019-06-20,147.9321
2019-06-21,144.2474
2019-06-24,144.8959
2019-06-25,143.4475
2019-06-26,145.8049
2019-06-27,145.7504
2019-06-28,144.5686
2019-07-01,147.2534
2019-07-02,146.1746
2019-07-03,146.3625
2019-07-04,147.1564
2019-07-05,147.1625
2019-07-08,147.4473
2019-07-09,147.1079
2019-07-10,147.7261
2019-07-11,146.2352
2019-07-12,143.6414
2019-07-15,142.5809
2019-07-16,142.2657
2019-07-17,142.1930
2019-07-18,142.2839
2019-07-19,141.1143
2019-07-22,139.5992
2019-07-23,140.8900
2019-07-24,139.7810
2019-07-25,141.1446
2019-07-26,139.7204
2019-07-29,141.0840
2019-07-30,143.0233
2019-07-31,141.5021
2019-08-01,139.0841
2019-08-02,133.8177
2019-08-05,134.6843
2019-08-06,136.9690
2019-08-07,134.6903
2019-08-08,135.7085
2019-08-09,133.7328
2019-08-12,134.7206
2019-08-13,135.2539
2019-08-14,131.5753
2019-08-15,130.0481
2019-08-16,130.3269
2019-08-19,131.7511
2019-08-20,130.9026
2019-08-21,132.4904
2019-08-22,133.0238
2019-08-23,133.0238
2019-08-26,132.4177
2019-08-27,132.0480
2019-08-28,132.2965
2019-08-29,134.2358
2019-08-30,135.8721
2019-09-02,137.3751
2019-09-03,135.7509
2019-09-04,137.6296
2019-09-05,139.8658
2019-09-06,138.7932
2019-09-09,138.7810
2019-09-10,141.3870
2019-09-11,142.2475
2019-09-12,142.1566
2019-09-13,141.2052
2019-09-16,142.6112
2019-09-17,142.9566
2019-09-18,142.5990
2019-09-19,142.4051
2019-09-20,140.5991
2019-09-23,139.2053
2019-09-24,137.8720
2019-09-25,138.2296
2019-09-26,138.8356
2019-09-27,138.2053
2019-09-30,137.9993
2019-10-01,137.2599
2019-10-02,135.4479
2019-10-03,135.7994
2019-10-04,134.9994
2019-10-07,137.9023
2019-10-08,136.9811
2019-10-09,137.9932
2019-10-10,138.4780
2019-10-11,139.5749
2019-10-14,138.4174
2019-10-15,139.0235
2019-10-16,139.9931
2019-10-17,141.5082
2019-10-18,142.7505
2019-10-21,142.3809
2019-10-22,145.3080
2019-10-23,145.1868
2019-10-24,147.1322
2019-10-25,145.4474
2019-10-28,143.6475
2019-10-29,145.5140
2019-10-30,145.1504
2019-10-31,142.3506
2019-11-01,143.2657
2019-11-05,144.5565
2019-11-06,144.8535
2019-11-07,146.9625
2019-11-08,145.5504
2019-11-11,146.3564
2019-11-12,145.3686
2019-11-13,143.7566
2019-11-14,143.9323
2019-11-15,145.4474
2019-11-18,143.9020
2019-11-19,144.9929
2019-11-20,144.1020
2019-11-21,143.7202
2019-11-22,144.3141
2019-11-25,144.2232
2019-11-26,142.4172
2019-11-27,141.9445
2019-11-28,142.5384
2019-11-29,141.7991
2019-12-02,141.6718
2019-12-03,139.7871
2019-12-04,140.3507
2019-12-05,140.4234
2019-12-06,142.5021
2019-12-09,143.6535
2019-12-10,144.1808
2019-12-11,145.6413
2019-12-12,146.0837
2019-12-13,146.1807
2019-12-16,146.3261
2019-12-17,146.4170
2019-12-18,149.2048
2019-12-19,147.8715
2019-12-20,148.3018
2019-12-23,150.7805
2019-12-24,150.7017
2019-12-25,150.3199
2019-12-26,150.4411
2019-12-27,152.7561
2019-12-30,154.3863
2020-01-03,154.5378
2020-01-06,153.8712
2020-01-08,157.0529
2020-01-09,156.3499
2020-01-10,156.4711
2020-01-13,159.0225
2020-01-14,156.9923
2020-01-15,155.3317
2020-01-16,156.0590
2020-01-17,159.0831
2020-01-20,161.3739
2020-01-21,162.4526
2020-01-22,161.5314
2020-01-23,159.8285
2020-01-24,160.8951
2020-01-27,154.7318
2020-01-28,156.1741
2020-01-29,157.5316
2020-01-30,155.9378
2020-01-31,152.8410
2020-02-03,153.9258
2020-02-04,154.7803
2020-02-05,154.6591
2020-02-06,152.7864
2020-02-07,154.1136
2020-02-10,152.8773
2020-02-11,154.2348
2020-02-12,154.2348
2020-02-13,153.8652
2020-02-14,152.5682
2020-02-17,152.3319
2020-02-18,151.0229
2020-02-19,151.3259
2020-02-20,151.5986
2020-02-21,151.9925
2020-02-25,148.5927
2020-02-26,151.9925
2020-02-27,147.1928
2020-02-28,141.4233
2020-03-02,138.2780
2020-03-03,143.4051
2020-03-04,142.5809
2020-03-05,140.7991
2020-03-06,133.3207
2020-03-10,121.9334
2020-03-11,117.8912
2020-03-12,106.6069
2020-03-13,120.3577
2020-03-16,118.6911
2020-03-17,111.5157
2020-03-18,105.6130
2020-03-19,114.8489
2020-03-20,118.5942
2020-03-23,111.1279
2020-03-24,116.7458
2020-03-25,113.9823
2020-03-26,113.9762
2020-03-27,109.3158
2020-03-30,110.9036
2020-03-31,113.4550
2020-04-01,111.9824
2020-04-02,113.2975
2020-04-03,112.5036
2020-04-06,115.5701
2020-04-07,119.7699
2020-04-08,121.3819
2020-04-09,123.3939
2020-04-10,122.4122
2020-04-13,120.1517
2020-04-14,119.6123
2020-04-15,112.7641
2020-04-16,114.2368
2020-04-17,116.2367
2020-04-20,114.7337
2020-04-21,112.7520
2020-04-22,115.2671
2020-04-23,115.7155
2020-04-24,114.4853
2020-04-27,114.4792
2020-04-28,116.8427
2020-04-29,118.6608
2020-04-30,119.5396
2020-05-04,117.3821
2020-05-05,118.0245
2020-05-06,118.6002
2020-05-07,118.4851
2020-05-08,118.7942
2020-05-12,115.9943
2020-05-13,113.5156
2020-05-14,111.3945
2020-05-15,111.4188
2020-05-18,114.4974
2020-05-19,114.5398
2020-05-20,117.5578
2020-05-21,116.6003
2020-05-22,114.4792
2020-05-25,115.7519
2020-05-26,117.5700
2020-05-27,120.3032
2020-05-28,124.2363
2020-05-29,121.5092
2020-06-01,123.4242
2020-06-02,128.4785
2020-06-03,134.2358
2020-06-04,129.1452
2020-06-05,132.7813
2020-06-08,133.5086
2020-06-09,131.6481
2020-06-10,128.7997
2020-06-11,126.2665
2020-06-15,125.6423
2020-06-16,125.9090
2020-06-17,126.1392
2020-06-18,123.4909
2020-06-19,125.4484
2020-06-22,124.3090
2020-06-23,125.9574
2020-06-25,124.2909
2020-06-26,123.1515
2020-06-29,124.4787
2020-06-30,122.9030
2020-07-02,127.2665
2020-07-03,127.3149
2020-07-06,130.1451
2020-07-07,128.1210
2020-07-08,126.9150
2020-07-09,126.4907
2020-07-10,128.8421
2020-07-13,127.3634
2020-07-14,126.6968
2020-07-15,127.9392
2020-07-16,128.5391
2020-07-17,127.7089
2020-07-20,128.7755
2020-07-21,130.9451
2020-07-22,131.3875
2020-07-23,131.3329
2020-07-24,131.4238
2020-07-27,130.5936
2020-07-28,131.1572
2020-07-29,132.6480
2020-07-30,131.4117
2020-07-31,134.0116
2020-08-03,137.2781
2020-08-04,137.3629
2020-08-05,136.9569
2020-08-06,136.2297
2020-08-07,137.4538
2020-08-10,136.1145
2020-08-11,142.1748
2020-08-12,146.2958
2020-08-13,146.9867
2020-08-14,145.1444
2020-08-17,143.6354
2020-08-18,142.9021
2020-08-19,145.2959
2020-08-20,139.8113
2020-08-21,139.8113
2020-08-24,140.0295
2020-08-25,137.7690
2020-08-26,137.8720
2020-08-27,137.3084
2020-08-28,136.9569
2020-08-31,136.3569
2020-09-01,137.3993
2020-09-02,134.4176
2020-09-03,132.6904
2020-09-04,133.3268
2020-09-07,133.6298
2020-09-08,131.6602
2020-09-09,131.7996
2020-09-10,134.4661
2020-09-11,133.6480
2020-09-14,137.6114
2020-09-15,140.1749
2020-09-16,140.2052
2020-09-17,140.4476
2020-09-18,138.7810
2020-09-21,136.1388
2020-09-22,137.5872
2020-09-23,137.9387
2020-09-24,138.3932
2020-09-25,137.9144
2020-09-28,138.3689
2020-09-29,136.2963
2020-09-30,138.1750
2020-10-01,138.6901
2020-10-02,126.1514
2020-10-05,139.0222
2020-10-06,141.2994
2020-10-07,140.1608
2020-10-08,138.4962
2020-10-09,137.1645
2020-10-12,136.8848
2020-10-13,136.4986
2020-10-14,138.3630
2020-10-15,135.4000
2020-10-16,133.9817
2020-10-19,135.7262
2020-10-20,139.2153
2020-10-21,139.8745
2020-10-22,139.2286
2020-10-23,142.5911
2020-10-26,141.0264
2020-10-27,138.4163
2020-10-28,136.3921
2020-10-29,136.1657
2020-10-30,133.8552
2020-11-02,135.5531
2020-11-03,139.8012
2020-11-05,144.8750
2020-11-06,144.8550
2020-11-09,153.0716
2020-11-10,158.0721
2020-11-11,162.2003
2020-11-12,163.1791
2020-11-13,159.6634
2020-11-16,165.1300
2020-11-17,164.1845
2020-11-18,162.5865
2020-11-19,159.0043
2020-11-20,158.4716
2020-11-23,159.0309
2020-11-24,163.6119
2020-11-25,167.3606
2020-11-26,167.4605
2020-11-27,167.2474
2020-11-30,166.2287
2020-12-01,172.9604
2020-12-02,176.4428
2020-12-03,175.7436
2020-12-04,179.2527
2020-12-07,183.6406
2020-12-08,183.4408
2020-12-09,185.4251
2020-12-10,187.6423
2020-12-11,188.8808
2020-12-14,185.7979
2020-12-15,184.0867
2020-12-16,185.3385
2020-12-17,185.2120
2020-12-18,180.5444
2020-12-21,173.0470
2020-12-22,175.0645
2020-12-23,178.9996
2020-12-24,179.1927
2020-12-25,180.2448
2020-12-28,182.6418
2020-12-29,181.6031
2020-12-30,180.5111
2021-01-04,183.7738
2021-01-05,182.3222
2021-01-06,182.8948
2021-01-08,187.8221
2021-01-11,192.3299
2021-01-12,192.0636
2021-01-13,188.8742
2021-01-14,189.2870
2021-01-15,184.3198
2021-01-18,187.0697
2021-01-19,184.4995
2021-01-20,185.6381
2021-01-21,183.6073
2021-01-22,178.1141
2021-01-25,176.5760
2021-01-26,178.6268
2021-01-27,177.6746
2021-01-28,176.2364
2021-01-29,172.0682
2021-02-01,174.6117
2021-02-02,177.7811
2021-02-03,174.1523
2021-02-04,178.6734
2021-02-05,180.8107
2021-02-08,182.9548
2021-02-09,178.3871
2021-02-10,176.8023
2021-02-11,176.5160
2021-02-12,175.7836
2021-02-15,179.8985
2021-02-16,180.6110
2021-02-17,179.0729
2021-02-18,177.4549
2021-02-19,180.6776
2021-02-20,180.1183
2021-02-22,181.7762
2021-02-24,179.6389
2021-02-25,183.2344
2021-02-26,179.7987
2021-03-01,182.6218
2021-03-02,185.9045
2021-03-03,185.6914
2021-03-04,186.3306
2021-03-05,183.4009
2021-03-09,189.5799
2021-03-10,187.5425
2021-03-11,190.0860
2021-03-12,190.2325
2021-03-15,193.8880
2021-03-16,195.2929
2021-03-17,187.3028
2021-03-18,188.7343
2021-03-19,189.3136
2021-03-22,192.4631
2021-03-23,188.4547
2021-03-24,190.8317
2021-03-25,189.8796
2021-03-26,192.3632
2021-03-29,195.0932
2021-03-30,195.6525
2021-03-31,193.2687
2021-04-01,192.3366
2021-04-02,194.2409
2021-04-05,192.2899
2021-04-06,187.6357
2021-04-07,188.0352
2021-04-08,188.9141
2021-04-09,186.5037
2021-04-12,187.2362
2021-04-13,190.6187
2021-04-14,191.9637
2021-04-15,188.5479
2021-04-16,192.4497
2021-04-19,191.6574
2021-04-20,191.7107
2021-04-21,191.8305
2021-04-22,194.5671
2021-04-23,195.0932
2021-04-26,196.3583
2021-04-27,198.0895
2021-04-28,198.6887
2021-04-29,197.7166
2021-04-30,198.2360
2021-05-04,200.6197
2021-05-05,203.6493
2021-05-06,208.2503
2021-05-07,211.6794
2021-05-10,213.0511
2021-05-11,203.8557
2021-05-12,215.0676
2021-05-13,217.0390
2021-05-14,214.6633
2021-05-17,214.5924
2021-05-18,216.2660
2021-05-19,210.3445
2021-05-20,210.6991
2021-05-21,213.8407
2021-05-24,212.5642
2021-05-25,217.7127
2021-05-26,217.1809
2021-05-27,222.6060
2021-05-28,219.7693
2021-05-31,219.7764
2021-06-01,220.7621
2021-06-02,222.5705
2021-06-03,221.6131
2021-06-04,220.1664
2021-06-07,223.1024
2021-06-08,222.6698
2021-06-09,223.7477
2021-06-10,222.8896
2021-06-11,221.9748
2021-06-14,222.9605
2021-06-15,221.7550
2021-06-16,222.0103
2021-06-17,223.3080
2021-06-18,219.3934
2021-06-21,218.9254
2021-06-22,219.3934
2021-06-23,220.5494
2021-06-24,220.4643
2021-06-25,221.1876
2021-06-28,219.2729
2021-06-29,216.3937
2021-06-30,216.7837
2021-07-01,216.6561
2021-07-02,217.7907
2021-07-05,217.8404
2021-07-06,214.9470
2021-07-07,215.0959
2021-07-08,214.6988
2021-07-09,215.3229
2021-07-12,216.7199
2021-07-13,215.3229
2021-07-14,214.1811
2021-07-15,214.3868
2021-07-16,212.5713
2021-07-19,206.1818
2021-07-20,209.5645
2021-07-21,208.8908
2021-07-22,210.6849
2021-07-23,209.7843
2021-07-26,214.1386
2021-07-27,212.3940
2021-07-28,214.8619
2021-07-29,215.5852
2021-07-30,217.2234
2021-08-02,218.4219
2021-08-03,219.5211
2021-08-04,221.0032
2021-08-05,223.7832
2021-08-06,226.9318
2021-08-09,231.7400
2021-08-10,233.7611
2021-08-11,234.3071
2021-08-12,233.6192
2021-08-13,232.9526
2021-08-16,233.4278
2021-08-17,237.8955
2021-08-18,239.6400
2021-08-19,234.1866
2021-08-20,231.2577
2021-08-23,233.2788
2021-08-24,229.6337
2021-08-25,230.1940
2021-08-26,228.8749
2021-08-27,231.7258
2021-08-30,233.2930
2021-08-31,233.2434
2021-09-01,236.7183
2021-09-02,233.7398
2021-09-03,234.3709
2021-09-06,233.9455
2021-09-07,230.8677
2021-09-08,234.9454
2021-09-09,232.2860
2021-09-10,231.8180
2021-09-13,231.7896
2021-09-14,232.0591
2021-09-15,236.3211
2021-09-16,231.4776
2021-09-17,235.2503
2021-09-20,232.3286
2021-09-21,228.6906
2021-09-22,232.9030
2021-09-23,231.8960
2021-09-24,230.4776
2021-09-27,235.3638
2021-09-28,234.5553
2021-09-29,232.9597
2021-09-30,241.6824
2021-10-01,238.8883
2021-10-04,245.3701
2021-10-05,256.9294
2021-10-06,257.2201
2021-10-07,261.9361
2021-10-08,264.1558
2021-10-11,274.4457
2021-10-12,268.0632
2021-10-13,269.0561
2021-10-14,266.6520
2021-10-15,263.3828
2021-10-18,258.9505
2021-10-19,263.5388
2021-10-20,262.8509
2021-10-21,258.2059
2021-10-22,258.4895
2021-10-25,262.4183
2021-10-26,263.8295
2021-10-27,264.3756
2021-10-28,257.6031
2021-10-29,252.5397
2021-11-01,262.8013
2021-11-02,263.2197
2021-11-03,261.3829
2021-11-05,255.0217
2021-11-08,254.6388
2021-11-09,253.1496
2021-11-10,250.6178
2021-11-11,252.7737
2021-11-12,247.7599
2021-11-15,244.5616
2021-11-16,239.8599
2021-11-17,242.0015
2021-11-18,237.6331
2021-11-19,231.9102
2021-11-22,219.9111
2021-11-23,228.8537
2021-11-24,227.3573
2021-11-25,224.9816
2021-11-26,215.7838
2021-11-29,224.7334
2021-11-30,225.9248
2021-12-01,233.1866
2021-12-02,230.8322
2021-12-03,227.1730
2021-12-06,216.2306
2021-12-07,218.4219
2021-12-08,206.7704
2021-12-09,214.5924
2021-12-10,209.2028
2021-12-13,200.3879
2021-12-14,200.0404
2021-12-15,198.8916
2021-12-16,211.7203
2021-12-17,209.6708
2021-12-20,204.2387
2021-12-21,205.6853
2021-12-22,209.3446
2021-12-23,208.7064
2021-12-24,208.3873
2021-12-27,209.2241
2021-12-28,209.9403
2021-12-29,207.6426
2021-12-30,208.2241
2022-01-03,214.6633
2022-01-04,216.4504
2022-01-05,211.2097
2022-01-06,206.8555
2022-01-07,208.3943
2022-01-10,204.9124
2022-01-11,205.5648
2022-01-12,205.4584
2022-01-13,191.8283
2022-01-14,180.8363
2022-01-17,182.3255
2022-01-18,163.8164
2022-01-19,171.1846
2022-01-20,184.3821
2022-01-21,175.0566
2022-01-24,166.5254
2022-01-25,164.3128
2022-01-26,169.6883
2022-01-27,179.4180
2022-01-28,182.4532
2022-01-31,187.5733
2022-02-01,186.2259
2022-02-02,183.4177
2022-02-03,179.2123
2022-02-04,180.2832
2022-02-07,182.0348
2022-02-08,190.8000
2022-02-09,198.1186
2022-02-10,197.7853
2022-02-11,189.0626
2022-02-14,181.3114
2022-02-15,191.6227
2022-02-16,196.7854
2022-02-17,185.1267
2022-02-18,176.5813
2022-02-21,147.5057
2022-02-22,149.6332
2022-02-23,147.7752
2022-02-24,79.7807
2022-02-25,92.5456
2022-02-28,92.7017
2022-03-01,92.7017
2022-03-02,92.7017
2022-03-03,92.7017
2022-03-04,92.7017
2022-03-09,92.7017
2022-03-10,92.7017
2022-03-11,92.7017
2022-03-14,92.7017
2022-03-15,92.7017
2022-03-16,92.7017
2022-03-17,92.7017
2022-03-18,92.7017
2022-03-21,92.7017
2022-03-22,92.7017
2022-03-23,92.7017
2022-03-24,96.6162
2022-03-25,93.2548
2022-03-28,88.6452
2022-03-29,91.3188
2022-03-30,95.4532
2022-03-31,101.8995
2022-04-01,109.5655
2022-04-04,117.7209
2022-04-05,109.2819
2022-04-06,100.4173
2022-04-07,104.6014
2022-04-08,101.9208
2022-04-11,98.3537
2022-04-12,96.0064
2022-04-13,96.0915
2022-04-14,91.5174
2022-04-15,92.8151
2022-04-18,87.8297
2022-04-19,85.3122
2022-04-20,86.1632
2022-04-21,84.1421
2022-04-22,82.9507
2022-04-25,79.3552
2022-04-26,86.7731
2022-04-27,92.9782
2022-04-28,87.8297
2022-04-29,91.3401
2022-05-04,87.3688
2022-05-05,88.5034
2022-05-06,87.2978
2022-05-11,87.4680
2022-05-12,84.4967
2022-05-13,85.2413
2022-05-16,87.5177
2022-05-17,90.5954
2022-05-18,88.7303
2022-05-19,89.0707
2022-05-20,86.6596
2022-05-23,84.7165
2022-05-24,87.6524
2022-05-25,88.0425
2022-05-26,87.2269
2022-05-27,85.9646
2022-05-30,85.5746
2022-05-31,83.8939
2022-06-01,86.4965
2022-06-02,84.3903
2022-06-03,84.5392
2022-06-06,84.2343
2022-06-07,83.9080
2022-06-08,85.0285
2022-06-09,83.8229
2022-06-10,83.7308
2022-06-14,84.3761
2022-06-15,85.9079
2022-06-16,87.7446
2022-06-17,87.8510
2022-06-20,93.1059
2022-06-21,91.5528
2022-06-22,94.3966
2022-06-23,97.0488
2022-06-24,97.6942
2022-06-27,100.0982
2022-06-28,99.2756
2022-06-29,94.1767
2022-06-30,88.7871
2022-07-01,92.1272
2022-07-04,93.2052
2022-07-05,94.6731
2022-07-06,95.0277
2022-07-07,94.3824
2022-07-08,94.5313
2022-07-11,89.9217
2022-07-12,91.4819
2022-07-13,89.3544
2022-07-14,89.2835
2022-07-15,91.4110
2022-07-18,90.8507
2022-07-19,90.6025
2022-07-20,89.6664
2022-07-21,88.9856
2022-07-22,91.3542
2022-07-25,93.2193
2022-07-26,94.2476
2022-07-27,93.9640
2022-07-28,93.4108
2022-07-29,93.5385
2022-08-01,90.3047
2022-08-02,90.4394
2022-08-03,89.9572
2022-08-04,90.0281
2022-08-05,86.8014
2022-08-08,87.8013
2022-08-09,89.6381
2022-08-10,89.4962
2022-08-11,87.5460
2022-08-12,88.5601
2022-08-15,88.6452
2022-08-16,89.6310
2022-08-17,88.2907
2022-08-18,89.5672
2022-08-19,88.7871
2022-08-22,89.3970
2022-08-23,92.4605
2022-08-24,90.8791
2022-08-25,90.9004
2022-08-26,92.4747
2022-08-29,93.0208
2022-08-30,92.2265
2022-08-31,95.2050
2022-09-01,98.0062
2022-09-02,101.9775
2022-09-05,99.9918
2022-09-06,97.3183
2022-09-07,97.0559
2022-09-08,95.3894
2022-09-09,97.9707
2022-09-12,97.8644
2022-09-13,97.4601
2022-09-14,98.6444
2022-09-15,99.0699
2022-09-16,97.7225
2022-09-19,97.7580
2022-09-20,88.6452
2022-09-21,85.0214
2022-09-22,88.1843
2022-09-23,84.1137
2022-09-26,78.0646
2022-09-27,79.3552
2022-09-28,78.2844
2022-09-29,77.3908
2022-09-30,77.0859
2022-10-03,80.8657
2022-10-04,78.9014
2022-10-05,77.2987
2022-10-06,76.9795
2022-10-07,73.6323
2022-10-10,75.4477
2022-10-11,76.1995
2022-10-12,75.2634
2022-10-13,75.5683
2022-10-14,76.3626
2022-10-17,79.4971
2022-10-18,80.2771
2022-10-19,79.0219
2022-10-20,82.3053
2022-10-21,84.0712
2022-10-24,84.3194
2022-10-25,88.4254
2022-10-26,88.0212
2022-10-27,90.1841
2022-10-28,89.8792
2022-10-31,89.4892
2022-11-01,90.1345
2022-11-02,90.1629
2022-11-03,88.9644
2022-11-07,93.3470
2022-11-08,93.0208
2022-11-09,90.9784
2022-11-10,96.3538
2022-11-11,96.9708
2022-11-14,99.1550
2022-11-15,97.7934
2022-11-16,98.5735
2022-11-17,97.5807
2022-11-18,96.4531
2022-11-21,94.5880
2022-11-22,96.2687
2022-11-23,97.0630
2022-11-24,97.0275
2022-11-25,96.6801
2022-11-28,96.2829
2022-11-29,97.0488
2022-11-30,96.0985
2022-12-01,96.7793
2022-12-02,96.8006
2022-12-05,100.7365
2022-12-06,100.4173
2022-12-07,100.8712
2022-12-08,99.5522
2022-12-09,99.4245
2022-12-12,98.8004
2022-12-13,98.1338
2022-12-14,97.5807
2022-12-15,96.0844
2022-12-16,96.2546
2022-12-19,96.1411
2022-12-20,97.4743
2022-12-21,97.3609
2022-12-22,97.7651
2022-12-23,97.7863
2022-12-26,99.7649
2022-12-27,99.4954
2022-12-28,98.9636
2022-12-29,99.5947
2022-12-30,100.1408
2023-01-03,100.4528
2023-01-04,100.2046
2023-01-05,100.2117
2023-01-06,100.0911
2023-01-09,101.0059
2023-01-10,100.9776
2023-01-11,105.4240
2023-01-12,105.6439
2023-01-13,107.6295
2023-01-16,108.7429
2023-01-17,107.0976
2023-01-18,107.7926
2023-01-19,105.9488
2023-01-20,106.6083
2023-01-23,108.8847
2023-01-24,108.5869
2023-01-25,108.1330
2023-01-26,107.6508
2023-01-27,108.6011
2023-01-30,108.7854
2023-01-31,111.3384
2023-02-01,111.4944
2023-02-02,113.0121
2023-02-03,114.1467
2023-02-06,117.9124
2023-02-07,117.0259
2023-02-08,116.4586
2023-02-09,117.0330
2023-02-10,117.3734
2023-02-13,117.1890
2023-02-14,115.0261
2023-02-15,111.4874
2023-02-16,111.5157
2023-02-17,112.7213
2023-02-20,113.6078
2023-02-21,116.3026
2023-02-22,116.2671
2023-02-24,116.3026
2023-02-27,120.2384
2023-02-28,120.4866
2023-03-01,120.6072
2023-03-02,119.8767
2023-03-03,120.7703
2023-03-06,122.1248
2023-03-07,123.1885
2023-03-09,123.0112
2023-03-10,122.3730
2023-03-13,122.1177
2023-03-14,125.1671
2023-03-15,123.7204
2023-03-16,124.3090
2023-03-17,135.7336
2023-03-20,141.1232
2023-03-21,145.1229
2023-03-22,144.1301
2023-03-23,144.0804
2023-03-24,144.0095
2023-03-27,148.4205
2023-03-28,151.1862
2023-03-29,154.6966
2023-03-30,154.1718
2023-03-31,152.8244
2023-04-03,152.6117
2023-04-04,151.9663
2023-04-05,153.1719
2023-04-06,151.9805
2023-04-07,153.2854
2023-04-10,156.6893
2023-04-11,155.2639
2023-04-12,155.0937
2023-04-13,155.2356
2023-04-14,157.2212
2023-04-17,160.7174
2023-04-18,164.0930
2023-04-19,165.8021
2023-04-20,167.2133
2023-04-21,167.2842
2023-04-24,166.7524
2023-04-25,166.8587
2023-04-26,166.8871
2023-04-27,169.8372
2023-04-28,170.4896
2023-05-02,170.3053
2023-05-03,168.7806
2023-05-04,168.2203
2023-05-05,170.1209
2023-05-08,169.4188
2023-05-10,157.9304
2023-05-11,185.8418
2023-05-12,182.8222
2023-05-15,184.6515
2023-05-16,184.1163
2023-05-17,183.7408
2023-05-18,185.2986
2023-05-19,184.4438
2023-05-22,184.6595
2023-05-23,188.5339
2023-05-24,194.0139
2023-05-25,195.5956
2023-05-26,198.4075
2023-05-29,201.7786
2023-05-30,195.8672
2023-05-31,196.4424
2023-06-01,193.6305
2023-06-02,195.5637
2023-06-05,191.7053
2023-06-06,192.2485
2023-06-07,192.6559
2023-06-08,192.9195
2023-06-09,192.6799
2023-06-13,194.5811
2023-06-14,195.1163
2023-06-15,196.1149
2023-06-16,195.7154
2023-06-19,193.7822
2023-06-20,192.6399
2023-06-21,194.4293
2023-06-22,193.3429
2023-06-23,191.9529
2023-06-26,189.7641
2023-06-27,192.7757
2023-06-28,191.7852
2023-06-29,192.2804
2023-06-30,192.0408
2023-07-03,194.7728
2023-07-04,193.7583
2023-07-05,192.5680
2023-07-06,192.6719
2023-07-07,193.4308
2023-07-10,197.5528
2023-07-11,197.8883
2023-07-12,198.1120
2023-07-13,196.8977
2023-07-14,197.1454
2023-07-17,196.6740
2023-07-18,197.2252
2023-07-19,196.7380
2023-07-20,195.4758
2023-07-21,195.1563
2023-07-24,195.6755
2023-07-25,197.1134
2023-07-26,197.2492
2023-07-27,198.5353
2023-07-28,199.1425
2023-07-31,211.6123
2023-08-01,214.4881
2023-08-02,214.4482
2023-08-03,214.7757
2023-08-04,211.1170
2023-08-07,210.1185
2023-08-08,210.5099
2023-08-09,210.7176
2023-08-10,212.8825
2023-08-11,212.8345
2023-08-14,209.9348
2023-08-15,208.4969
2023-08-16,204.9900
2023-08-17,205.5252
2023-08-18,207.2986
2023-08-21,208.3451
2023-08-22,208.6566
2023-08-23,207.4024
2023-08-24,206.3719
2023-08-25,208.4969
2023-08-28,213.2899
2023-08-29,212.8665
2023-08-30,212.0517
2023-08-31,212.0117
2023-09-01,211.6922
2023-09-04,213.4257
2023-09-05,212.0996
2023-09-06,210.4940
2023-09-07,206.0205
2023-09-08,204.8621
2023-09-11,204.7183
2023-09-12,208.2971
2023-09-13,207.2746
2023-09-14,208.0016
2023-09-15,208.4090
2023-09-18,207.6581
2023-09-19,202.5854
2023-09-20,203.4801
2023-09-21,200.4206
2023-09-22,201.3872
2023-09-25,202.1061
2023-09-26,204.1112
2023-09-27,204.6305
2023-09-28,205.8367
2023-09-29,209.0560
2023-10-02,206.1003
2023-10-03,207.6101
2023-10-04,207.4424
2023-10-05,206.9391
2023-10-06,208.0335
2023-10-09,211.0531
2023-10-10,211.4526
2023-10-11,210.4860
2023-10-12,210.5978
2023-10-13,210.6537
2023-10-16,214.0887
2023-10-17,216.0539
2023-10-18,214.4083
2023-10-19,214.6239
2023-10-20,215.6065
2023-10-23,216.4054
2023-10-24,216.0778
2023-10-25,218.6581
2023-10-26,215.6864
2023-10-27,215.6944
2023-10-30,216.1018
2023-10-31,214.7757
2023-11-01,214.8876
2023-11-02,214.5041
2023-11-03,215.2710
2023-11-06,217.6835
2023-11-07,218.7939
2023-11-08,221.5978
2023-11-09,221.3422
2023-11-10,223.6748
2023-11-13,226.5027
2023-11-14,225.5920
2023-11-15,225.6879
2023-11-16,224.8491
2023-11-17,225.2725
2023-11-20,225.9435
2023-11-21,226.2151
2023-11-22,228.0924
2023-11-23,228.4678
2023-11-24,228.4678
2023-11-27,224.9290
2023-11-28,223.7227
2023-11-29,221.7336
2023-11-30,221.1185
2023-12-01,219.7525
2023-12-04,218.0430
2023-12-05,220.9268
2023-12-06,215.0793
2023-12-07,212.0916
2023-12-08,211.9319
2023-12-11,205.4613
2023-12-12,207.5063
2023-12-13,207.0989
2023-12-14,206.2441
2023-12-15,213.3698
2023-12-18,215.2071
2023-12-19,213.9130
2023-12-20,213.5535
2023-12-21,212.3313
2023-12-22,216.1258
2023-12-25,216.9645
2023-12-26,217.2122
2023-12-27,216.9246
2023-12-28,217.2841
2023-12-29,217.1243
2024-01-03,218.5942
2024-01-04,218.9137
2024-01-05,218.4504
2024-01-08,220.3277
2024-01-09,220.4794
2024-01-10,220.2238
2024-01-11,220.3995
2024-01-12,220.0001
2024-01-15,220.5593
2024-01-16,220.2398
2024-01-17,221.8375
2024-01-18,221.9014
2024-01-19,219.9123
2024-01-22,219.6886
2024-01-23,220.4794
2024-01-24,218.9616
2024-01-25,218.0510
2024-01-26,218.1788
2024-01-29,218.6661
2024-01-30,219.4489
2024-01-31,220.3995
2024-02-01,221.2783
2024-02-02,220.8868
2024-02-05,221.4860
2024-02-06,222.6762
2024-02-07,225.4482
2024-02-08,225.9275
2024-02-09,226.5506
2024-02-12,229.8658
2024-02-13,229.6581
2024-02-14,231.4235
2024-02-15,231.6632
2024-02-16,230.0655
2024-02-19,230.8643
2024-02-20,229.4025
2024-02-21,224.9130
2024-02-22,225.8636
2024-02-26,232.2224
2024-02-27,233.6762
2024-02-28,233.9079
2024-02-29,234.0597
2024-03-01,235.2100
2024-03-04,238.8288
2024-03-05,238.6131
2024-03-06,238.1737
2024-03-07,239.1563
2024-03-11,239.6915
2024-03-12,239.9711
2024-03-13,239.7314
2024-03-14,236.6799
2024-03-15,238.5332
2024-03-18,238.9406
2024-03-19,236.2166
2024-03-20,235.6574
2024-03-21,236.4482
2024-03-22,236.0089
2024-03-25,235.0982
2024-03-26,234.7307
2024-03-27,235.5935
2024-03-28,238.6051
2024-03-29,238.7728
2024-04-01,239.4598
2024-04-02,240.0909
2024-04-03,244.6044
2024-04-04,244.3967
2024-04-05,244.2049
2024-04-08,245.1795
2024-04-09,245.2674
2024-04-10,245.1556
2024-04-11,245.5070
2024-04-12,245.0837
2024-04-15,246.0423
2024-04-16,246.0183
2024-04-17,244.7881
2024-04-18,246.1701
2024-04-19,245.9624
2024-04-22,250.2761
2024-04-23,246.2819
2024-04-24,245.9304
2024-04-25,246.3618
2024-04-26,246.9609
2024-04-27,247.2166
2024-04-29,246.3458
2024-04-30,246.3858
2024-05-02,245.3233
2024-05-03,245.9145
2024-05-06,245.2195
2024-05-07,246.3538
2024-05-08,248.3589
2024-05-10,250.0205
2024-05-13,251.6421
2024-05-14,254.1105
2024-05-15,255.6283
2024-05-16,257.3698
2024-05-17,257.9929
2024-05-20,256.3792
2024-05-21,255.4686
2024-05-22,257.9130
2024-05-23,258.7438
2024-05-24,256.6668
2024-05-27,252.7845
2024-05-28,253.8549
2024-05-29,255.9079
2024-05-30,254.0307
2024-05-31,251.2187
2024-06-03,247.8556
2024-06-04,250.8513
2024-06-05,252.0336
2024-06-06,249.7968
2024-06-07,255.9878
2024-06-10,253.4315
2024-06-11,253.9508
2024-06-13,253.3037
2024-06-14,255.8600
2024-06-17,253.9108
2024-06-18,251.6341
2024-06-19,246.8411
2024-06-20,250.4359
2024-06-21,251.2507
2024-06-24,253.3916
2024-06-25,254.9972
2024-06-26,258.7438
2024-06-27,261.8832
2024-06-28,260.8208
2024-07-01,260.6211
2024-07-02,262.4744
2024-07-03,262.6421
2024-07-04,258.9595
2024-07-05,259.0154
2024-07-08,258.7118
2024-07-09,254.8295
2024-07-10,252.0336
2024-07-11,263.7421
2024-07-12,261.0985
2024-07-15,254.0788
2024-07-16,252.7480
2024-07-17,254.5342
2024-07-18,258.3746
2024-07-19,259.8929
2024-07-22,262.8848
2024-07-23,262.5722
2024-07-24,264.8049
2024-07-25,265.3229
2024-07-26,262.6615
2024-07-29,256.5616
2024-07-30,260.3305
2024-07-31,257.7583
2024-08-01,258.0084
2024-08-02,255.5167
2024-08-05,247.2197
2024-08-06,249.0238
2024-08-07,252.4444
2024-08-08,252.2568
2024-08-09,251.7656
2024-08-12,250.2741
2024-08-13,252.5516
2024-08-14,251.6674
2024-08-15,247.8717
2024-08-16,247.3894
2024-08-19,239.3604
2024-08-20,237.0294
2024-08-21,238.0565
2024-08-22,235.3415
2024-08-23,230.0632
2024-08-26,236.1453
2024-08-27,232.8318
2024-08-28,232.9212
2024-08-29,232.4657
2024-08-30,229.4827
2024-09-02,219.5871
2024-09-03,216.8453
2024-09-04,223.2757
2024-09-05,225.5352
2024-09-06,226.1604
2024-09-09,234.3501
2024-09-10,231.9834
2024-09-11,232.6175
2024-09-12,226.1425
2024-09-13,230.2151
2024-09-16,235.1807
2024-09-17,238.0476
2024-09-18,237.1187
2024-09-19,235.1807
2024-09-20,239.7266
2024-09-23,243.2811
2024-09-24,243.7724
2024-09-25,239.3158
2024-09-26,237.7796
2024-09-27,240.1999
2024-09-30,242.7989
2024-10-01,238.3244
2024-10-02,230.8849
2024-10-03,234.8949
2024-10-04,235.5647
2024-10-07,234.5287
2024-10-08,235.0735
2024-10-09,231.8584
2024-10-10,232.2960
2024-10-11,230.4562
2024-10-14,231.7601
2024-10-15,234.3948
2024-10-16,231.3046
2024-10-17,229.7506
2024-10-18,229.1701
2024-10-21,230.6884
2024-10-22,228.5003
2024-10-23,226.3211
2024-10-24,225.3030
2024-10-25,220.8375
2024-10-28,216.8453
2024-10-29,216.8453
2024-10-30,218.8994
2024-10-31,213.6837
2024-11-01,212.7013
2024-11-02,213.3890
2024-11-05,213.6569
2024-11-06,217.1936
2024-11-07,221.5252
2024-11-08,225.7763
2024-11-11,232.6532
2024-11-12,228.8754
2024-11-13,230.9563
2024-11-14,223.0256
2024-11-15,226.5801
2024-11-18,224.1241
2024-11-19,214.7465
2024-11-20,212.1029
2024-11-21,210.3257
2024-11-22,210.2364
2024-11-25,205.4136
2024-11-26,198.9565
2024-11-27,197.8222
2024-11-28,204.0293
2024-11-29,209.9774
2024-12-02,210.4239
2024-12-03,206.7711
2024-12-04,203.1808
2024-12-05,206.7443
2024-12-06,211.6564
2024-12-09,212.3977
2024-12-10,206.6371
2024-12-11,206.6639
2024-12-12,205.4136
2024-12-13,204.9492
2024-12-16,200.7695
2024-12-17,201.0017
2024-12-18,202.6807
2024-12-19,204.1633
2024-12-20,229.6792
2024-12-23,235.4218
2024-12-24,236.0470
2024-12-25,241.1288
2024-12-26,242.1648
2024-12-27,241.5843
2024-12-28,242.6560
2024-12-30,249.5329
2025-01-03,243.9956
2025-01-06,243.3169
2025-01-08,247.3716
2025-01-09,242.7453
2025-01-10,248.4344
2025-01-13,251.6763
2025-01-14,249.8276
2025-01-15,247.6038
2025-01-16,252.4801
2025-01-17,253.5518
2025-01-20,250.5153
2025-01-21,251.0333
2025-01-22,253.5250
2025-01-23,248.7380
2025-01-24,250.7118
2025-01-27,246.9607
2025-01-28,248.9077
2025-01-29,251.8549
2025-01-30,252.3015
2025-01-31,250.9172
2025-02-03,249.3721
2025-02-04,248.2825
2025-02-05,250.7743
2025-02-06,256.4544
2025-02-07,255.6953
2025-02-10,262.1256
2025-02-11,262.1256
2025-02-12,262.5722
2025-02-13,277.5316
2025-02-14,276.4778
2025-02-17,284.4532
2025-02-18,279.5679
2025-02-19,281.3273
2025-02-20,281.6042
2025-02-21,280.5414
2025-02-24,281.4970
2025-02-25,282.5598
2025-02-26,279.1214
2025-02-27,276.2545
2025-02-28,274.1825
2025-03-03,271.4585
2025-03-04,282.3990
2025-03-05,283.5601
2025-03-06,282.0329
2025-03-07,279.6840
2025-03-10,283.6494
2025-03-11,285.9982
2025-03-12,284.8729
2025-03-13,279.5590
2025-03-14,285.9268
2025-03-17,290.2494
2025-03-18,293.1163
2025-03-19,291.1514
2025-03-20,290.0797
2025-03-21,287.7755
2025-03-24,286.4001
2025-03-25,283.6047
2025-03-26,282.1668
2025-03-27,279.7555
2025-03-28,275.1113
2025-03-31,276.9065
2025-04-01,273.5663
2025-04-02,271.7711
2025-04-03,266.5018
2025-04-04,257.9012
2025-04-07,257.3475
2025-04-08,259.8125
2025-04-09,253.3911
2025-04-10,260.9735
2025-04-11,266.6358
2025-04-14,265.3140
2025-04-15,265.4301
2025-04-16,270.3422
2025-04-17,269.0382
2025-04-18,268.7614
2025-04-21,274.7898
2025-04-22,277.1565
2025-04-23,278.4605
2025-04-24,276.6564
2025-04-25,282.5509
2025-04-28,283.8012
2025-04-29,277.4870
2025-04-30,273.8431
2025-05-02,268.6006
2025-05-05,261.1521
2025-05-06,270.4136
2025-05-07,270.5208
2025-05-08,269.6723
2025-05-12,277.2726
2025-05-13,279.0946
2025-05-14,277.9335
2025-05-15,270.1725
2025-05-16,272.8071
2025-05-19,277.9335
2025-05-20,272.5749
2025-05-21,271.1281
2025-05-22,271.7265
2025-05-23,269.9135
2025-05-26,264.6888
2025-05-27,267.4842
2025-05-28,273.7717
2025-05-29,274.1825
2025-05-30,276.1384
2025-06-02,277.7460
2025-06-03,280.3092
2025-06-04,280.5860
2025-06-05,284.0066
2025-06-06,279.5679
2025-06-09,276.9690
2025-06-10,276.3081
2025-06-11,279.8001
2025-06-13,276.8707
2025-06-16,278.3890
2025-06-17,280.5950
2025-06-18,280.2556
2025-06-19,279.3625
2025-06-20,276.6475
2025-06-23,277.7281
2025-06-24,277.5942
2025-06-25,280.5235
2025-06-26,279.9966
2025-06-27,280.9611
2025-06-30,282.9170
2025-07-01,284.9444
2025-07-02,284.4889
2025-07-03,286.6949
2025-07-04,285.1409
2025-07-07,279.5411
2025-07-08,281.5953
2025-07-09,276.4153
2025-07-10,280.6307
2025-07-11,277.2369
2025-07-14,282.7206
2025-07-15,285.7750
2025-07-16,287.2218
2025-07-17,291.0800
2025-07-18,308.1300
2025-07-21,309.8000
2025-07-22,310.3900
2025-07-23,313.4400
2025-07-24,310.3900
2025-07-25,309.8000
2025-07-28,304.3900
2025-07-29,307.4300
2025-07-30,303.8600
2025-07-31,305.3500
2025-08-01,304.2000
2025-08-04,307.6900
2025-08-05,307.7600
2025-08-06,304.6700
2025-08-07,313.1000
2025-08-08,316.0000
2025-08-11,317.9800
2025-08-12,318.8500
2025-08-13,319.1000
2025-08-14,318.6100
2025-08-15,319.9900
2025-08-18,316.8900
2025-08-19,317.0000
2025-08-20,314.6600
2025-08-21,311.3400
2025-08-22,312.0000
2025-08-25,311.9700
2025-08-26,311.2100
2025-08-27,312.9900
2025-08-28,314.5000
2025-08-29,310.5100
2025-09-01,308.8800
2025-09-02,307.4700
2025-09-03,308.9000
2025-09-04,308.0500
2025-09-05,310.7800
2025-09-08,312.8600
2025-09-09,313.7300
2025-09-10,310.2500
2025-09-11,307.7900
2025-09-12,303.8800
2025-09-15,302.5000
2025-09-16,302.0000
2025-09-17,304.3000
2025-09-18,302.8600
2025-09-19,297.4000
2025-09-22,298.0100
2025-09-23,298.6000
2025-09-24,293.5300
2025-09-25,290.9700
2025-09-26,291.9800
2025-09-29,287.7100
2025-09-30,289.1500
2025-10-01,286.3000
2025-10-02,285.0500
2025-10-03,283.7000
2025-10-06,290.0000
2025-10-07,293.6700
2025-10-08,280.2200
2025-10-09,289.4500
2025-10-10,285.7500
2025-10-13,284.7900
2025-10-14,283.2800
2025-10-15,283.9400
2025-10-16,293.2700
2025-10-17,301.2700
2025-10-20,304.9500
2025-10-21,293.5900
2025-10-22,294.0100
2025-10-23,291.0000
2025-10-24,287.1600
2025-10-27,284.4000
2025-10-28,288.9500
2025-10-29,291.4000
2025-10-30,296.8800
2025-10-31,292.4000
2025-11-01,294.0800
2025-11-03,297.5500
2025-11-05,294.9000
2025-11-06,294.4000
2025-11-07,297.0200
2025-11-10,299.9000
2025-11-11,300.0000
2025-11-12,297.6600
2025-11-13,299.2500
2025-11-14,297.0000
2025-11-17,295.4000
2025-11-18,300.4300
2025-11-19,305.9700
2025-11-20,302.8300
2025-11-21,306.8500
2025-11-24,305.0300
2025-11-25,307.0000
2025-11-26,304.9400
2025-11-27,299.5000
2025-11-28,304.7200
2025-12-01,305.7000
2025-12-02,303.3000
2025-12-03,303.3600
2025-12-04,301.9500
2025-12-05,306.9800
2025-12-08,305.7900
2025-12-09,305.7800
2025-12-10,306.7300
2025-12-11,306.1900
2025-12-12,305.0200
2025-12-15,304.9900
2025-12-16,305.0800
2025-12-17,303.4700
2025-12-18,300.7100
2025-12-19,299.6000
2025-12-22,298.0200
2025-12-23,301.0500
2025-12-24,302.1000
2025-12-25,300.5100
2025-12-26,302.0000
2025-12-29,299.2000
2025-12-30,300.2800
2026-01-05,299.0000
2026-01-06,299.1300
2026-01-08,298.2200
2026-01-09,299.1900
2026-01-12,299.4300
2026-01-13,297.4400
2026-01-14,299.4200
2026-01-15,298.0000
2026-01-16,301.7700
2026-01-19,304.0100
2026-01-20,303.8600
2026-01-21,306.0000
2026-01-22,305.9900
2026-01-23,307.2000
2026-01-26,303.3500
2026-01-27,305.1200
2026-01-28,304.3000
2026-01-29,307.5900
2026-01-30,305.0500
2026-02-02,302.7400
2026-02-03,304.2000
2026-02-04,304.8400
2026-02-05,301.4600
2026-02-06,300.8500
2026-02-09,301.8800
2026-02-10,303.0700
2026-02-11,305.4400
2026-02-12,306.0200
2026-02-13,308.0400
2026-02-16,310.9400
2026-02-17,309.5700
2026-02-18,313.9400
2026-02-19,312.9600
2026-02-20,313.5200
2026-02-24,315.3500
2026-02-25,317.4000
2026-02-26,316.1100
2026-02-27,315.9400
2026-03-02,313.5200
2026-03-03,311.2000
2026-03-04,311.2500
2026-03-05,315.4200
2026-03-06,314.4700
2026-03-09,316.3500
2026-03-10,314.2800
2026-03-11,314.7100
2026-03-12,317.1700
2026-03-13,316.6300
2026-03-16,316.1400
2026-03-17,318.0200
2026-03-18,321.6700
2026-03-19,320.0100
2026-03-20,320.4600
2026-03-23,317.5400
2026-03-24,317.3800
2026-03-25,317.3200
2026-03-26,315.5600
2026-03-27,314.1600
2026-03-30,314.5000
2026-03-31,314.3500
2026-04-01,316.5000
2026-04-02,316.2000
2026-04-03,315.0000
2026-04-06,319.4700
2026-04-07,318.7700
2026-04-08,319.4900
2026-04-09,317.2300
2026-04-10,317.5400
2026-04-13,316.2400
2026-04-14,317.5000
2026-04-15,320.6400
2026-04-16,321.7100
2026-04-17,323.7600
2026-04-20,325.2200
2026-04-21,323.7000
2026-04-22,325.2600
2026-04-23,327.5100
2026-04-24,324.8000
2026-04-27,322.9800
2026-04-28,320.0000
2026-04-29,316.4600
2026-04-30,319.5900
2026-05-04,320.1200
2026-05-05,322.0000
2026-05-06,320.0000
2026-05-07,319.2700
2026-05-08,318.4000
2026-05-11,323.0000
2026-05-12,325.6000
2026-05-13,326.9000
2026-05-14,325.0800
2026-05-15,322.8800
2026-05-18,325.2300
2026-05-19,323.6600
2026-05-20,323.6200
2026-05-21,323.8800
2026-05-22,322.3500
2026-05-25,320.6000
2026-05-26,320.1400
2026-05-27,322.0100
2026-05-28,322.3000
2026-05-29,320.8400
2026-06-01,322.4600
2026-06-02,326.4000
2026-06-03,324.0200
2026-06-04,322.9000
2026-06-05,322.1800
2026-06-08,319.5000
2026-06-09,321.2300
2026-06-10,321.8900
2026-06-11,321.6300
2026-06-15,323.2500
2026-06-16,320.1100
2026-06-17,319.0000
2026-06-18,315.4700
2026-06-19,313.8600
2026-06-22,305.4400
2026-06-23,307.9400
2026-06-24,299.3500
2026-06-25,299.0100
2026-06-26,297.8500
2026-06-29,307.1400
2026-06-30,307.1500
2026-07-01,306.6800
2026-07-02,301.8000
2026-07-03,301.7500
