date,XLB.US
2017-01-03,20.7110
2017-01-04,21.0134
2017-01-05,20.9513
2017-01-06,20.9720
2017-01-09,20.9678
2017-01-10,20.9803
2017-01-11,21.1501
2017-01-12,21.1087
2017-01-13,21.0755
2017-01-17,20.9803
2017-01-18,21.1128
2017-01-19,20.9803
2017-01-20,21.1667
2017-01-23,21.2081
2017-01-24,21.7550
2017-01-25,21.9000
2017-01-26,21.9580
2017-01-27,21.8793
2017-01-30,21.6556
2017-01-31,21.5271
2017-02-01,21.6349
2017-02-02,21.5396
2017-02-03,21.5769
2017-02-06,21.5188
2017-02-07,21.3490
2017-02-08,21.3987
2017-02-09,21.3904
2017-02-10,21.5851
2017-02-13,21.7633
2017-02-14,21.7591
2017-02-15,21.7301
2017-02-16,21.7301
2017-02-17,21.6680
2017-02-21,21.7384
2017-02-22,21.7964
2017-02-23,21.6763
2017-02-24,21.7219
2017-02-27,21.6680
2017-02-28,21.6473
2017-03-01,22.0699
2017-03-02,21.8337
2017-03-03,21.8171
2017-03-06,21.6763
2017-03-07,21.5561
2017-03-08,21.5561
2017-03-09,21.4898
2017-03-10,21.5893
2017-03-13,21.6514
2017-03-14,21.4650
2017-03-15,21.8089
2017-03-16,21.6597
2017-03-17,21.7528
2017-03-20,21.8699
2017-03-21,21.5076
2017-03-22,21.5699
2017-03-23,21.6614
2017-03-24,21.4702
2017-03-27,21.5159
2017-03-28,21.7653
2017-03-29,21.7819
2017-03-30,21.7861
2017-03-31,21.7819
2017-04-03,21.6988
2017-04-04,21.7778
2017-04-05,21.7611
2017-04-06,21.8775
2017-04-07,21.8567
2017-04-10,21.8609
2017-04-11,21.8027
2017-04-12,21.5325
2017-04-13,21.3247
2017-04-17,21.4785
2017-04-18,21.4536
2017-04-19,21.4827
2017-04-20,21.7196
2017-04-21,21.6946
2017-04-24,21.9440
2017-04-25,22.2973
2017-04-26,22.2931
2017-04-27,22.2432
2017-04-28,22.0562
2017-05-01,22.0687
2017-05-02,22.1061
2017-05-03,21.8900
2017-05-04,21.9149
2017-05-05,22.2266
2017-05-08,22.0479
2017-05-09,21.8817
2017-05-10,21.9523
2017-05-11,21.9191
2017-05-12,21.8650
2017-05-15,22.0562
2017-05-16,22.0604
2017-05-17,21.5949
2017-05-18,21.6074
2017-05-19,21.7944
2017-05-22,21.8193
2017-05-23,21.8359
2017-05-24,21.9814
2017-05-25,21.9565
2017-05-26,21.9980
2017-05-30,21.9939
2017-05-31,22.0604
2017-06-01,22.3264
2017-06-02,22.3804
2017-06-05,22.3097
2017-06-06,22.3222
2017-06-07,22.3513
2017-06-08,22.4178
2017-06-09,22.7046
2017-06-12,22.6173
2017-06-13,22.8999
2017-06-14,22.6588
2017-06-15,22.4593
2017-06-16,22.5564
2017-06-19,22.7359
2017-06-20,22.6107
2017-06-21,22.3727
2017-06-22,22.3977
2017-06-23,22.4854
2017-06-26,22.5522
2017-06-27,22.4144
2017-06-28,22.6190
2017-06-29,22.3476
2017-06-30,22.4687
2017-07-03,22.6649
2017-07-05,22.5898
2017-07-06,22.4896
2017-07-07,22.6065
2017-07-10,22.7485
2017-07-11,22.7151
2017-07-12,22.9781
2017-07-13,22.9531
2017-07-14,23.0700
2017-07-17,23.1159
2017-07-18,23.0199
2017-07-19,23.2412
2017-07-20,23.0700
2017-07-21,23.0742
2017-07-24,23.0533
2017-07-25,23.2996
2017-07-26,23.1577
2017-07-27,23.0742
2017-07-28,22.9906
2017-07-31,22.8153
2017-08-01,22.8320
2017-08-02,22.8528
2017-08-03,22.6817
2017-08-04,22.7902
2017-08-07,22.8027
2017-08-08,22.6232
2017-08-09,22.6441
2017-08-10,22.3852
2017-08-11,22.3309
2017-08-14,22.5397
2017-08-15,22.5439
2017-08-16,22.7652
2017-08-17,22.4186
2017-08-18,22.4269
2017-08-21,22.4478
2017-08-22,22.7401
2017-08-23,22.6984
2017-08-24,22.6566
2017-08-25,22.7276
2017-08-28,22.7610
2017-08-29,22.6524
2017-08-30,22.8194
2017-08-31,22.9948
2017-09-01,23.1451
2017-09-05,22.8821
2017-09-06,22.9405
2017-09-07,22.9781
2017-09-08,22.9698
2017-09-11,23.2704
2017-09-12,23.4667
2017-09-13,23.4583
2017-09-14,23.5376
2017-09-15,23.5384
2017-09-18,23.6686
2017-09-19,23.7903
2017-09-20,23.8743
2017-09-21,23.8239
2017-09-22,23.7399
2017-09-25,23.7819
2017-09-26,23.6770
2017-09-27,23.6770
2017-09-28,23.8449
2017-09-29,23.8449
2017-10-02,24.1052
2017-10-03,24.2059
2017-10-04,24.2143
2017-10-05,24.3613
2017-10-06,24.3067
2017-10-09,24.3025
2017-10-10,24.3193
2017-10-11,24.3319
2017-10-12,24.3780
2017-10-13,24.4956
2017-10-16,24.4788
2017-10-17,24.4158
2017-10-18,24.3571
2017-10-19,24.4494
2017-10-20,24.6593
2017-10-23,24.6131
2017-10-24,24.7517
2017-10-25,24.6215
2017-10-26,24.9490
2017-10-27,24.8188
2017-10-30,24.7013
2017-10-31,24.7685
2017-11-01,24.8902
2017-11-02,24.7097
2017-11-03,24.6971
2017-11-06,24.5921
2017-11-07,24.6173
2017-11-08,24.6425
2017-11-09,24.4326
2017-11-10,24.3948
2017-11-13,24.5208
2017-11-14,24.2983
2017-11-15,24.1514
2017-11-16,24.4452
2017-11-17,24.4788
2017-11-20,24.5124
2017-11-21,24.6425
2017-11-22,24.5754
2017-11-24,24.7013
2017-11-27,24.5544
2017-11-28,24.8272
2017-11-29,24.8650
2017-11-30,25.0036
2017-12-01,24.7979
2017-12-04,25.0539
2017-12-05,24.9280
2017-12-06,24.7811
2017-12-07,24.9490
2017-12-08,24.9490
2017-12-11,24.9826
2017-12-12,24.9868
2017-12-13,25.0539
2017-12-14,24.7769
2017-12-15,24.9236
2017-12-18,25.2906
2017-12-19,25.2611
2017-12-20,25.2695
2017-12-21,25.3581
2017-12-22,25.4552
2017-12-26,25.4341
2017-12-27,25.4678
2017-12-28,25.5817
2017-12-29,25.5353
2018-01-02,25.8981
2018-01-03,26.0795
2018-01-04,26.3073
2018-01-05,26.5183
2018-01-08,26.5562
2018-01-09,26.5140
2018-01-10,26.3537
2018-01-11,26.6997
2018-01-12,26.7418
2018-01-16,26.4297
2018-01-17,26.5520
2018-01-18,26.5351
2018-01-19,26.6954
2018-01-22,26.6322
2018-01-23,26.6279
2018-01-24,26.7418
2018-01-25,26.9190
2018-01-26,27.0372
2018-01-29,26.7292
2018-01-30,26.5351
2018-01-31,26.5562
2018-02-01,26.1934
2018-02-02,25.5058
2018-02-05,24.5313
2018-02-06,25.3328
2018-02-07,25.1050
2018-02-08,24.2233
2018-02-09,24.6452
2018-02-12,25.1430
2018-02-13,25.0797
2018-02-14,25.4172
2018-02-15,25.6070
2018-02-16,25.5142
2018-02-20,25.4003
2018-02-21,25.3117
2018-02-22,25.4805
2018-02-23,25.8559
2018-02-26,25.9698
2018-02-27,25.6113
2018-02-28,25.1556
2018-03-01,24.8983
2018-03-02,24.8730
2018-03-05,25.2020
2018-03-06,25.4805
2018-03-07,25.3877
2018-03-08,25.4088
2018-03-09,25.8686
2018-03-12,25.8053
2018-03-13,25.6998
2018-03-14,25.3835
2018-03-15,25.0502
2018-03-16,25.0485
2018-03-19,24.6885
2018-03-20,24.6631
2018-03-21,24.9426
2018-03-22,24.1973
2018-03-23,23.7230
2018-03-26,24.2100
2018-03-27,23.9644
2018-03-28,23.6595
2018-03-29,24.1126
2018-04-02,23.5875
2018-04-03,23.9220
2018-04-04,24.0787
2018-04-05,24.5276
2018-04-06,23.9305
2018-04-09,24.0618
2018-04-10,24.5572
2018-04-11,24.3752
2018-04-12,24.6335
2018-04-13,24.6081
2018-04-16,24.9384
2018-04-17,25.2221
2018-04-18,25.4042
2018-04-19,25.1205
2018-04-20,24.9850
2018-04-23,24.9130
2018-04-24,24.2396
2018-04-25,24.3709
2018-04-26,24.5234
2018-04-27,24.4598
2018-04-30,24.1422
2018-05-01,24.1211
2018-05-02,24.0660
2018-05-03,24.1761
2018-05-04,24.4768
2018-05-07,24.4683
2018-05-08,24.4175
2018-05-09,24.7690
2018-05-10,24.9468
2018-05-11,24.9384
2018-05-14,25.0358
2018-05-15,24.9595
2018-05-16,25.2560
2018-05-17,25.3153
2018-05-18,25.3491
2018-05-21,25.4847
2018-05-22,25.2729
2018-05-23,25.2136
2018-05-24,25.1247
2018-05-25,24.9892
2018-05-29,24.5572
2018-05-30,24.8452
2018-05-31,24.6377
2018-06-01,25.0146
2018-06-04,25.1586
2018-06-05,25.3491
2018-06-06,25.8192
2018-06-07,25.6879
2018-06-08,25.7599
2018-06-11,25.7980
2018-06-12,25.8319
2018-06-13,25.5524
2018-06-14,25.5905
2018-06-15,25.4118
2018-06-18,25.3480
2018-06-19,24.8842
2018-06-20,24.8034
2018-06-21,24.5396
2018-06-22,24.8970
2018-06-25,24.5098
2018-06-26,24.6034
2018-06-27,24.5268
2018-06-28,24.6204
2018-06-29,24.7055
2018-07-02,24.5736
2018-07-03,24.5311
2018-07-05,24.7438
2018-07-06,24.8672
2018-07-09,25.0884
2018-07-10,25.3012
2018-07-11,24.8757
2018-07-12,24.9353
2018-07-13,24.9225
2018-07-16,24.7225
2018-07-17,25.0459
2018-07-18,24.8119
2018-07-19,24.9012
2018-07-20,24.7991
2018-07-23,24.6630
2018-07-24,24.9821
2018-07-25,25.1778
2018-07-26,25.3224
2018-07-27,25.2288
2018-07-30,25.1820
2018-07-31,25.4118
2018-08-01,25.1522
2018-08-02,24.9863
2018-08-03,25.2246
2018-08-06,25.2161
2018-08-07,25.3012
2018-08-08,25.1948
2018-08-09,25.3309
2018-08-10,24.9651
2018-08-13,24.7140
2018-08-14,24.9225
2018-08-15,24.5268
2018-08-16,24.6758
2018-08-17,24.8587
2018-08-20,25.0331
2018-08-21,25.1310
2018-08-22,25.0033
2018-08-23,24.8332
2018-08-24,25.1565
2018-08-27,25.5011
2018-08-28,25.4033
2018-08-29,25.5947
2018-08-30,25.2926
2018-08-31,25.2161
2018-09-04,25.0416
2018-09-05,25.2076
2018-09-06,25.2586
2018-09-07,25.0927
2018-09-10,25.1225
2018-09-11,25.1735
2018-09-12,25.1863
2018-09-13,25.2841
2018-09-14,25.2756
2018-09-17,25.3650
2018-09-18,25.3905
2018-09-19,25.6670
2018-09-20,25.9436
2018-09-21,25.8875
2018-09-24,25.5241
2018-09-25,25.3916
2018-09-26,25.1394
2018-09-27,24.9214
2018-09-28,24.7632
2018-10-01,25.0112
2018-10-02,25.1180
2018-10-03,24.9385
2018-10-04,24.8231
2018-10-05,24.6393
2018-10-08,24.6265
2018-10-09,23.8100
2018-10-10,23.1859
2018-10-11,22.9166
2018-10-12,22.9807
2018-10-15,22.9038
2018-10-16,23.2714
2018-10-17,23.1218
2018-10-18,22.8610
2018-10-19,22.6986
2018-10-22,22.5190
2018-10-23,22.2968
2018-10-24,21.5914
2018-10-25,21.8693
2018-10-26,21.7410
2018-10-29,21.6897
2018-10-30,22.1856
2018-10-31,22.4891
2018-11-01,23.1218
2018-11-02,23.0662
2018-11-05,23.1346
2018-11-06,23.5150
2018-11-07,23.9382
2018-11-08,23.8356
2018-11-09,23.5022
2018-11-12,23.1560
2018-11-13,23.0876
2018-11-14,23.0619
2018-11-15,23.3782
2018-11-16,23.6134
2018-11-19,23.2757
2018-11-20,22.8525
2018-11-21,23.0363
2018-11-23,22.7883
2018-11-26,23.0491
2018-11-27,22.7670
2018-11-28,23.1175
2018-11-29,23.2842
2018-11-30,23.3441
2018-12-03,23.7544
2018-12-04,23.0491
2018-12-06,22.7370
2018-12-07,22.1899
2018-12-10,22.2497
2018-12-11,22.1771
2018-12-12,22.3694
2018-12-13,22.1087
2018-12-14,21.9377
2018-12-17,21.5615
2018-12-18,21.6812
2018-12-19,21.3862
2018-12-20,21.0998
2018-12-21,20.9099
2018-12-24,20.3678
2018-12-26,21.2799
2018-12-27,21.6715
2018-12-28,21.5553
2018-12-31,21.7360
2019-01-02,21.8479
2019-01-03,21.2283
2019-01-04,22.0630
2019-01-07,22.1404
2019-01-08,22.3728
2019-01-09,22.3814
2019-01-10,22.5793
2019-01-11,22.4889
2019-01-14,22.3168
2019-01-15,22.1706
2019-01-16,22.2566
2019-01-17,22.6481
2019-01-18,23.0224
2019-01-22,22.7041
2019-01-23,22.5492
2019-01-24,22.4287
2019-01-25,22.8546
2019-01-28,22.8202
2019-01-29,23.0569
2019-01-30,23.3021
2019-01-31,22.9536
2019-02-01,23.0224
2019-02-04,22.9837
2019-02-05,23.1515
2019-02-06,23.0138
2019-02-07,22.6955
2019-02-08,22.6739
2019-02-11,22.7084
2019-02-12,23.2160
2019-02-13,23.2462
2019-02-14,23.1257
2019-02-15,23.4398
2019-02-19,23.5861
2019-02-20,23.9905
2019-02-21,23.8958
2019-02-22,23.9991
2019-02-25,24.1540
2019-02-26,24.0163
2019-02-27,23.9776
2019-02-28,23.6850
2019-03-01,23.6549
2019-03-04,23.7625
2019-03-05,23.6506
2019-03-06,23.7022
2019-03-07,23.5086
2019-03-08,23.5473
2019-03-11,23.8829
2019-03-12,23.9733
2019-03-13,24.0894
2019-03-14,23.9087
2019-03-15,23.9386
2019-03-18,23.9948
2019-03-19,23.9645
2019-03-20,23.9429
2019-03-21,24.1979
2019-03-22,23.4763
2019-03-25,23.4330
2019-03-26,23.5756
2019-03-27,23.5454
2019-03-28,23.7744
2019-03-29,23.9818
2019-04-01,24.3405
2019-04-02,24.4226
2019-04-03,24.7423
2019-04-04,24.9929
2019-04-05,24.9843
2019-04-08,24.9929
2019-04-09,24.8115
2019-04-10,24.7985
2019-04-11,24.7855
2019-04-12,25.1139
2019-04-15,24.9973
2019-04-16,25.1096
2019-04-17,24.9541
2019-04-18,24.9843
2019-04-22,24.8158
2019-04-23,24.9281
2019-04-24,24.7726
2019-04-25,24.4571
2019-04-26,24.6602
2019-04-29,24.6127
2019-04-30,24.8244
2019-05-01,24.3750
2019-05-02,24.2497
2019-05-03,24.4874
2019-05-06,24.1374
2019-05-07,23.7139
2019-05-08,23.6923
2019-05-09,23.5065
2019-05-10,23.8263
2019-05-13,23.2905
2019-05-14,23.4892
2019-05-15,23.4287
2019-05-16,23.7571
2019-05-17,23.6145
2019-05-20,23.2775
2019-05-21,23.6361
2019-05-22,23.4719
2019-05-23,23.1133
2019-05-24,23.2429
2019-05-28,23.0096
2019-05-29,23.0139
2019-05-30,23.0528
2019-05-31,22.7935
2019-06-03,23.5108
2019-06-04,24.1719
2019-06-05,24.3491
2019-06-06,24.6386
2019-06-07,24.8590
2019-06-10,24.9022
2019-06-11,24.8849
2019-06-12,24.9670
2019-06-13,25.1139
2019-06-14,25.0059
2019-06-17,24.7769
2019-06-18,24.9713
2019-06-19,24.8331
2019-06-20,25.1485
2019-06-21,25.0686
2019-06-24,25.1642
2019-06-25,25.1772
2019-06-26,25.1338
2019-06-27,25.2164
2019-06-28,25.4294
2019-07-01,25.6250
2019-07-02,25.5989
2019-07-03,25.7293
2019-07-05,25.6119
2019-07-08,25.3163
2019-07-09,25.0686
2019-07-10,25.0164
2019-07-11,25.1251
2019-07-12,25.3728
2019-07-15,25.3902
2019-07-16,25.4511
2019-07-17,25.2251
2019-07-18,25.3337
2019-07-19,25.3902
2019-07-22,25.3250
2019-07-23,25.8467
2019-07-24,25.8293
2019-07-25,25.6424
2019-07-26,25.6728
2019-07-29,25.5858
2019-07-30,25.7554
2019-07-31,25.3598
2019-08-01,25.2164
2019-08-02,24.9208
2019-08-05,24.4513
2019-08-06,24.4817
2019-08-07,24.8208
2019-08-08,25.2946
2019-08-09,25.0946
2019-08-12,24.7034
2019-08-13,24.9686
2019-08-14,24.1775
2019-08-15,24.1861
2019-08-16,24.6121
2019-08-19,24.8078
2019-08-20,24.5165
2019-08-21,24.6426
2019-08-22,24.4774
2019-08-23,23.8862
2019-08-26,23.9645
2019-08-27,23.9818
2019-08-28,24.1688
2019-08-29,24.4774
2019-08-30,24.6426
2019-09-03,24.4470
2019-09-04,24.7469
2019-09-05,24.7860
2019-09-06,24.8816
2019-09-09,24.7512
2019-09-10,24.9947
2019-09-11,25.2337
2019-09-12,25.4294
2019-09-13,25.7076
2019-09-16,25.2859
2019-09-17,25.4902
2019-09-18,25.5033
2019-09-19,25.5467
2019-09-20,25.4875
2019-09-23,25.4263
2019-09-24,25.2079
2019-09-25,25.3389
2019-09-26,25.2821
2019-09-27,25.2122
2019-09-30,25.4263
2019-10-01,24.8278
2019-10-02,24.3822
2019-10-03,24.4695
2019-10-04,24.6006
2019-10-07,24.5132
2019-10-08,24.0851
2019-10-09,24.3559
2019-10-10,24.5788
2019-10-11,25.0549
2019-10-14,24.8758
2019-10-15,25.0506
2019-10-16,25.1030
2019-10-17,25.1685
2019-10-18,25.1248
2019-10-21,25.0462
2019-10-22,24.9414
2019-10-23,25.0986
2019-10-24,25.1773
2019-10-25,25.4525
2019-10-28,25.5311
2019-10-29,25.6884
2019-10-30,25.7103
2019-10-31,25.4219
2019-11-01,25.7802
2019-11-04,25.9811
2019-11-05,26.0248
2019-11-06,26.0073
2019-11-07,26.1821
2019-11-08,26.2869
2019-11-11,26.2476
2019-11-12,26.3831
2019-11-13,26.2301
2019-11-14,26.3918
2019-11-15,26.3700
2019-11-18,26.3044
2019-11-19,26.2476
2019-11-20,25.9200
2019-11-21,25.8763
2019-11-22,25.9200
2019-11-25,26.0903
2019-11-26,26.2214
2019-11-27,26.3263
2019-11-29,26.2301
2019-12-02,25.9680
2019-12-03,25.8020
2019-12-04,25.8588
2019-12-05,25.9899
2019-12-06,26.2564
2019-12-09,26.2039
2019-12-10,26.0467
2019-12-11,26.2433
2019-12-12,26.6102
2019-12-13,26.4049
2019-12-16,26.5185
2019-12-17,26.5578
2019-12-18,26.5229
2019-12-19,26.6146
2019-12-20,26.7437
2019-12-23,26.8184
2019-12-24,26.8491
2019-12-26,26.9677
2019-12-27,26.8667
2019-12-30,26.7832
2019-12-31,26.9809
2020-01-02,26.6646
2020-01-03,26.2341
2020-01-06,26.1199
2020-01-07,26.0891
2020-01-08,26.1814
2020-01-09,26.2780
2020-01-10,26.1726
2020-01-13,26.5109
2020-01-14,26.4010
2020-01-15,26.5811
2020-01-16,26.7393
2020-01-17,26.8579
2020-01-21,26.5680
2020-01-22,26.4625
2020-01-23,26.4318
2020-01-24,26.2429
2020-01-27,25.6762
2020-01-28,25.9661
2020-01-29,26.0496
2020-01-30,25.8871
2020-01-31,25.3160
2020-02-03,25.8475
2020-02-04,26.3044
2020-02-05,26.7920
2020-02-06,26.7788
2020-02-07,26.3966
2020-02-10,26.3835
2020-02-11,26.5284
2020-02-12,26.6734
2020-02-13,26.5767
2020-02-14,26.5811
2020-02-18,26.5152
2020-02-19,26.5855
2020-02-20,26.6295
2020-02-21,26.5065
2020-02-24,25.7597
2020-02-25,24.6483
2020-02-26,24.5648
2020-02-27,23.4139
2020-02-28,23.1591
2020-03-02,24.1519
2020-03-03,23.9410
2020-03-04,24.9338
2020-03-05,24.1431
2020-03-06,23.5149
2020-03-09,21.3141
2020-03-10,22.1795
2020-03-11,21.1252
2020-03-12,19.0913
2020-03-13,20.4311
2020-03-16,18.1820
2020-03-17,19.3066
2020-03-18,18.0722
2020-03-19,18.5334
2020-03-20,17.8701
2020-03-23,16.9591
2020-03-24,18.9535
2020-03-25,19.3957
2020-03-26,20.3067
2020-03-27,19.5726
2020-03-30,20.1962
2020-03-31,19.9176
2020-04-01,19.0199
2020-04-02,19.3073
2020-04-03,18.8430
2020-04-06,20.2448
2020-04-07,20.7843
2020-04-08,21.8014
2020-04-09,22.7389
2020-04-13,22.2392
2020-04-14,22.5267
2020-04-15,21.4919
2020-04-16,21.3680
2020-04-17,22.2260
2020-04-20,21.6776
2020-04-21,21.1425
2020-04-22,21.5582
2020-04-23,21.7086
2020-04-24,22.0491
2020-04-27,22.6372
2020-04-28,23.0573
2020-04-29,23.6455
2020-04-30,22.9423
2020-05-01,22.4603
2020-05-04,22.5399
2020-05-05,22.5974
2020-05-06,22.2083
2020-05-07,22.6637
2020-05-08,23.2077
2020-05-11,22.8539
2020-05-12,22.5045
2020-05-13,22.0314
2020-05-14,22.3011
2020-05-15,22.4957
2020-05-18,23.5217
2020-05-19,23.2961
2020-05-20,23.6676
2020-05-21,23.4421
2020-05-22,23.4067
2020-05-26,24.0479
2020-05-27,24.2911
2020-05-28,24.5166
2020-05-29,24.5211
2020-06-01,24.6891
2020-06-02,25.1358
2020-06-03,25.7062
2020-06-04,25.7991
2020-06-05,26.4580
2020-06-08,26.4934
2020-06-09,26.1705
2020-06-10,25.8743
2020-06-11,23.8754
2020-06-12,24.3398
2020-06-15,24.5962
2020-06-16,25.1092
2020-06-17,24.9014
2020-06-18,24.9191
2020-06-19,24.8439
2020-06-22,24.9359
2020-06-23,24.9937
2020-06-24,24.2645
2020-06-25,24.5669
2020-06-26,24.2289
2020-06-29,24.7003
2020-06-30,25.0560
2020-07-01,25.1093
2020-07-02,25.5807
2020-07-06,25.9453
2020-07-07,25.9542
2020-07-08,25.5851
2020-07-09,25.3450
2020-07-10,25.7852
2020-07-13,25.7852
2020-07-14,26.4344
2020-07-15,26.8790
2020-07-16,26.9680
2020-07-17,27.1947
2020-07-20,26.9591
2020-07-21,27.1947
2020-07-22,27.5104
2020-07-23,27.4259
2020-07-24,27.3326
2020-07-27,27.7283
2020-07-28,27.1191
2020-07-29,27.3415
2020-07-30,26.8123
2020-07-31,26.8390
2020-08-03,26.6878
2020-08-04,27.0658
2020-08-05,27.4615
2020-08-06,27.3459
2020-08-07,27.4393
2020-08-10,27.7061
2020-08-11,27.6572
2020-08-12,27.8217
2020-08-13,27.8172
2020-08-14,27.8484
2020-08-17,27.9729
2020-08-18,27.8573
2020-08-19,27.7772
2020-08-20,27.6794
2020-08-21,27.5193
2020-08-24,28.0040
2020-08-25,27.8928
2020-08-26,28.1863
2020-08-27,28.1107
2020-08-28,28.4442
2020-08-31,28.0084
2020-09-01,28.7955
2020-09-02,29.4491
2020-09-03,28.6354
2020-09-04,28.6532
2020-09-08,28.1152
2020-09-09,28.8399
2020-09-10,28.5687
2020-09-11,28.9333
2020-09-14,29.3513
2020-09-15,29.4936
2020-09-16,29.5158
2020-09-17,29.7337
2020-09-18,29.2223
2020-09-21,28.2384
2020-09-22,28.2920
2020-09-23,27.4611
2020-09-24,27.6577
2020-09-25,27.9034
2020-09-28,28.3546
2020-09-29,28.1446
2020-09-30,28.4305
2020-10-01,28.0285
2020-10-02,28.2786
2020-10-05,28.8192
2020-10-06,28.4573
2020-10-07,29.1900
2020-10-08,29.4848
2020-10-09,29.7127
2020-10-12,29.6635
2020-10-13,29.3999
2020-10-14,29.4848
2020-10-15,29.3999
2020-10-16,29.6054
2020-10-19,29.2615
2020-10-20,29.3285
2020-10-21,29.2168
2020-10-22,29.3776
2020-10-23,29.4848
2020-10-26,28.7477
2020-10-27,28.4752
2020-10-28,27.6711
2020-10-29,28.2429
2020-10-30,28.2250
2020-11-02,29.1632
2020-11-03,29.6188
2020-11-04,29.1140
2020-11-05,30.3024
2020-11-06,30.3783
2020-11-09,31.0618
2020-11-10,31.4281
2020-11-11,30.9591
2020-11-12,30.3068
2020-11-13,30.8295
2020-11-16,31.4371
2020-11-17,31.3209
2020-11-18,31.0618
2020-11-19,31.1914
2020-11-20,31.1646
2020-11-23,31.4237
2020-11-24,32.2055
2020-11-25,31.8704
2020-11-27,32.0357
2020-11-30,31.7141
2020-12-01,32.0625
2020-12-02,31.6515
2020-12-03,31.4326
2020-12-04,32.0670
2020-12-07,31.8570
2020-12-08,32.0357
2020-12-09,32.0536
2020-12-10,31.8570
2020-12-11,31.6739
2020-12-14,31.2718
2020-12-15,31.8391
2020-12-16,31.7498
2020-12-17,32.1161
2020-12-18,32.2591
2020-12-21,32.0882
2020-12-22,31.8906
2020-12-23,31.9355
2020-12-24,32.1376
2020-12-28,32.0118
2020-12-29,31.9355
2020-12-30,32.3755
2020-12-31,32.5012
2021-01-04,32.1914
2021-01-05,32.9143
2021-01-06,34.2612
2021-01-07,34.5171
2021-01-08,34.3510
2021-01-11,34.3510
2021-01-12,34.7865
2021-01-13,34.4318
2021-01-14,34.3151
2021-01-15,33.8257
2021-01-19,33.9424
2021-01-20,34.0547
2021-01-21,33.5563
2021-01-22,33.3947
2021-01-25,33.2196
2021-01-26,32.7616
2021-01-27,31.7963
2021-01-28,32.3441
2021-01-29,31.7155
2021-02-01,32.0882
2021-02-02,32.5102
2021-02-03,32.5731
2021-02-04,32.4563
2021-02-05,33.0131
2021-02-08,33.2869
2021-02-09,33.0400
2021-02-10,33.0041
2021-02-11,33.0355
2021-02-12,33.3767
2021-02-16,33.3139
2021-02-17,33.2959
2021-02-18,33.0894
2021-02-19,33.6955
2021-02-22,33.8257
2021-02-23,33.9424
2021-02-24,34.2388
2021-02-25,33.4486
2021-02-26,33.0220
2021-03-01,33.8571
2021-03-02,34.0457
2021-03-03,33.7090
2021-03-04,33.0535
2021-03-05,33.8122
2021-03-08,34.2657
2021-03-09,34.4767
2021-03-10,35.0469
2021-03-11,35.2355
2021-03-12,35.3298
2021-03-15,35.3702
2021-03-16,35.0783
2021-03-17,35.3926
2021-03-18,35.1951
2021-03-19,35.0200
2021-03-22,35.0414
2021-03-23,34.3110
2021-03-24,34.5590
2021-03-25,35.0594
2021-03-26,35.9296
2021-03-29,35.8079
2021-03-30,35.7042
2021-03-31,35.5283
2021-04-01,35.8394
2021-04-05,36.2813
2021-04-06,36.3624
2021-04-07,35.7357
2021-04-08,35.7808
2021-04-09,36.0919
2021-04-12,36.2181
2021-04-13,36.1325
2021-04-14,36.3940
2021-04-15,36.8223
2021-04-16,37.2687
2021-04-19,37.0973
2021-04-20,36.7411
2021-04-21,37.4084
2021-04-22,36.7772
2021-04-23,37.3814
2021-04-26,37.6023
2021-04-27,37.5031
2021-04-28,37.6068
2021-04-29,37.8413
2021-04-30,37.4400
2021-05-03,37.9991
2021-05-04,38.4139
2021-05-05,38.9008
2021-05-06,39.2299
2021-05-07,39.6177
2021-05-10,39.4418
2021-05-11,39.5726
2021-05-12,38.5762
2021-05-13,39.1668
2021-05-14,39.6357
2021-05-17,39.9829
2021-05-18,39.5410
2021-05-19,38.9369
2021-05-20,38.9594
2021-05-21,39.0451
2021-05-24,39.3922
2021-05-25,39.0586
2021-05-26,39.0721
2021-05-27,39.3832
2021-05-28,39.3427
2021-06-01,39.8927
2021-06-02,39.5591
2021-06-03,39.5501
2021-06-04,39.6357
2021-06-07,39.1533
2021-06-08,39.2254
2021-06-09,38.9188
2021-06-10,38.6844
2021-06-11,38.8287
2021-06-14,38.3507
2021-06-15,38.2696
2021-06-16,37.8458
2021-06-17,37.0027
2021-06-18,36.4030
2021-06-21,37.1586
2021-06-22,37.3080
2021-06-23,37.0680
2021-06-24,37.1858
2021-06-25,37.1903
2021-06-28,37.1903
2021-06-29,37.1722
2021-06-30,37.2718
2021-07-01,37.4756
2021-07-02,37.5299
2021-07-06,36.9729
2021-07-07,37.3578
2021-07-08,36.8507
2021-07-09,37.5752
2021-07-12,37.6974
2021-07-13,37.3533
2021-07-14,37.2763
2021-07-15,37.2808
2021-07-16,36.7193
2021-07-19,35.9314
2021-07-20,36.3390
2021-07-21,36.7375
2021-07-22,36.7510
2021-07-23,37.0092
2021-07-26,37.3216
2021-07-27,37.3714
2021-07-28,37.4801
2021-07-29,37.8922
2021-07-30,38.0461
2021-08-02,37.5842
2021-08-03,37.9737
2021-08-04,37.6114
2021-08-05,37.5571
2021-08-06,38.1005
2021-08-09,38.0552
2021-08-10,38.6303
2021-08-11,39.1736
2021-08-12,39.1103
2021-08-13,39.1465
2021-08-16,38.9518
2021-08-17,38.5035
2021-08-18,38.0552
2021-08-19,37.7156
2021-08-20,37.9374
2021-08-23,38.2635
2021-08-24,38.5035
2021-08-25,38.6801
2021-08-26,38.4129
2021-08-27,38.9201
2021-08-30,38.8793
2021-08-31,38.7661
2021-09-01,38.6665
2021-09-02,38.9155
2021-09-03,38.6574
2021-09-07,38.4038
2021-09-08,38.0371
2021-09-09,38.0506
2021-09-10,38.0416
2021-09-13,38.0325
2021-09-14,37.6159
2021-09-15,38.0144
2021-09-16,37.6024
2021-09-17,36.8280
2021-09-20,36.1202
2021-09-21,36.0338
2021-09-22,36.4067
2021-09-23,36.9252
2021-09-24,36.8706
2021-09-27,37.1571
2021-09-28,36.6978
2021-09-29,36.5477
2021-09-30,35.9792
2021-10-01,36.5523
2021-10-04,36.3931
2021-10-05,36.7160
2021-10-06,36.6478
2021-10-07,37.1253
2021-10-08,36.9207
2021-10-11,36.9252
2021-10-12,36.9752
2021-10-13,37.2527
2021-10-14,38.1577
2021-10-15,38.2714
2021-10-18,38.2441
2021-10-19,38.4442
2021-10-20,38.7535
2021-10-21,38.6534
2021-10-22,38.5807
2021-10-25,38.9673
2021-10-26,39.0764
2021-10-27,38.5170
2021-10-28,38.8990
2021-10-29,38.7126
2021-11-01,38.8035
2021-11-02,39.2447
2021-11-03,39.6540
2021-11-04,39.6313
2021-11-05,39.9405
2021-11-08,40.4408
2021-11-09,40.6273
2021-11-10,40.3498
2021-11-11,40.6728
2021-11-12,40.9775
2021-11-15,40.7910
2021-11-16,40.6773
2021-11-17,40.4090
2021-11-18,40.2361
2021-11-19,40.1634
2021-11-22,40.2270
2021-11-23,40.2680
2021-11-24,39.9815
2021-11-26,39.2947
2021-11-29,39.4766
2021-11-30,38.4988
2021-12-01,38.1077
2021-12-02,38.8854
2021-12-03,38.7990
2021-12-06,39.3675
2021-12-07,39.9678
2021-12-08,40.1361
2021-12-09,39.9132
2021-12-10,40.1588
2021-12-13,39.9178
2021-12-14,39.8769
2021-12-15,39.9633
2021-12-16,40.3726
2021-12-17,39.8678
2021-12-20,39.1555
2021-12-21,39.6491
2021-12-22,39.9645
2021-12-23,40.3668
2021-12-27,40.9747
2021-12-28,41.2124
2021-12-29,41.3815
2021-12-30,41.2353
2021-12-31,41.4181
2022-01-03,40.8787
2022-01-04,41.3815
2022-01-05,41.3770
2022-01-06,40.8559
2022-01-07,40.8193
2022-01-10,40.4033
2022-01-11,40.8467
2022-01-12,41.2581
2022-01-13,40.9382
2022-01-14,40.5908
2022-01-18,40.0559
2022-01-19,39.9554
2022-01-20,39.3749
2022-01-21,38.4149
2022-01-24,38.4378
2022-01-25,38.0904
2022-01-26,37.6927
2022-01-27,37.8207
2022-01-28,38.0401
2022-01-31,38.6024
2022-02-01,39.1966
2022-02-02,39.3200
2022-02-03,38.6344
2022-02-04,37.9944
2022-02-07,37.8070
2022-02-08,38.3921
2022-02-09,39.2286
2022-02-10,39.0000
2022-02-11,38.3967
2022-02-14,38.0813
2022-02-15,38.7806
2022-02-16,39.0640
2022-02-17,38.3967
2022-02-18,38.3327
2022-02-22,37.7887
2022-02-23,37.3042
2022-02-24,37.1945
2022-02-25,38.5521
2022-02-28,38.1133
2022-03-01,37.2356
2022-03-02,38.0538
2022-03-03,38.0995
2022-03-04,37.9670
2022-03-07,36.6505
2022-03-08,36.4631
2022-03-09,37.5922
2022-03-10,37.6927
2022-03-11,37.4139
2022-03-14,37.3590
2022-03-15,37.7887
2022-03-16,38.3829
2022-03-17,39.1189
2022-03-18,39.3566
2022-03-21,39.6835
2022-03-22,39.8991
2022-03-23,39.7156
2022-03-24,40.5140
2022-03-25,40.9682
2022-03-28,40.7847
2022-03-29,41.1288
2022-03-30,40.9911
2022-03-31,40.4451
2022-04-01,40.8718
2022-04-04,40.8810
2022-04-05,40.5552
2022-04-06,40.0872
2022-04-07,40.3488
2022-04-08,40.5965
2022-04-11,40.3947
2022-04-12,40.4038
2022-04-13,41.0003
2022-04-14,40.8627
2022-04-18,40.8994
2022-04-19,41.2848
2022-04-20,41.5463
2022-04-21,40.8672
2022-04-22,39.3394
2022-04-25,39.2293
2022-04-26,38.6236
2022-04-27,39.1925
2022-04-28,39.8120
2022-04-29,39.0136
2022-05-02,38.8943
2022-05-03,39.3302
2022-05-04,40.6057
2022-05-05,39.3485
2022-05-06,38.7842
2022-05-09,37.5591
2022-05-10,37.3251
2022-05-11,37.3435
2022-05-12,37.2747
2022-05-13,37.8482
2022-05-16,37.7794
2022-05-17,38.8484
2022-05-18,37.6417
2022-05-19,37.9078
2022-05-20,37.8161
2022-05-23,38.5089
2022-05-24,38.2887
2022-05-25,38.4584
2022-05-26,39.1650
2022-05-27,40.0827
2022-05-31,39.4724
2022-06-01,39.0778
2022-06-02,40.1561
2022-06-03,39.7661
2022-06-06,40.1423
2022-06-07,40.4314
2022-06-08,39.5917
2022-06-09,38.6557
2022-06-10,37.4720
2022-06-13,36.0083
2022-06-14,35.7330
2022-06-15,35.7239
2022-06-16,34.4346
2022-06-17,34.3749
2022-06-21,34.8925
2022-06-22,34.4444
2022-06-23,33.9732
2022-06-24,35.3222
2022-06-27,35.0311
2022-06-28,34.6569
2022-06-29,34.4075
2022-06-30,34.0009
2022-07-01,34.2412
2022-07-05,33.5528
2022-07-06,33.7653
2022-07-07,34.0656
2022-07-08,33.7330
2022-07-11,33.6406
2022-07-12,33.5759
2022-07-13,33.3819
2022-07-14,32.7675
2022-07-15,33.2803
2022-07-18,33.3588
2022-07-19,34.3751
2022-07-20,34.4352
2022-07-21,34.9249
2022-07-22,34.6754
2022-07-25,34.8186
2022-07-26,34.5830
2022-07-27,34.9988
2022-07-28,35.6178
2022-07-29,36.0937
2022-08-01,35.8026
2022-08-02,35.4377
2022-08-03,35.4746
2022-08-04,35.4977
2022-08-05,35.6224
2022-08-08,35.8211
2022-08-09,35.6455
2022-08-10,36.6573
2022-08-11,36.7820
2022-08-12,37.4749
2022-08-15,37.4518
2022-08-16,37.6597
2022-08-17,37.1423
2022-08-18,37.2578
2022-08-19,36.5741
2022-08-22,35.9920
2022-08-23,36.3477
2022-08-24,36.4263
2022-08-25,37.2532
2022-08-26,36.1121
2022-08-29,35.8580
2022-08-30,35.2713
2022-08-31,34.8371
2022-09-01,34.3797
2022-09-02,34.3474
2022-09-06,34.2412
2022-09-07,35.1882
2022-09-08,35.5300
2022-09-09,36.0659
2022-09-12,36.4032
2022-09-13,35.1050
2022-09-14,34.6754
2022-09-15,34.2181
2022-09-16,33.6776
2022-09-19,34.2350
2022-09-20,33.5846
2022-09-21,32.8505
2022-09-22,32.4556
2022-09-23,31.7913
2022-09-26,31.2756
2022-09-27,31.3453
2022-09-28,32.1537
2022-09-29,31.6798
2022-09-30,31.5962
2022-10-03,32.6229
2022-10-04,33.8215
2022-10-05,33.4406
2022-10-06,33.0875
2022-10-07,32.2698
2022-10-10,32.3395
2022-10-11,32.0886
2022-10-12,31.8470
2022-10-13,32.7808
2022-10-14,31.6751
2022-10-17,32.4649
2022-10-18,33.1014
2022-10-19,32.7112
2022-10-20,32.4742
2022-10-21,33.5985
2022-10-24,33.4034
2022-10-25,34.2303
2022-10-26,34.4719
2022-10-27,34.3836
2022-10-28,34.7274
2022-10-31,34.4162
2022-11-01,34.5044
2022-11-02,33.6078
2022-11-03,33.8633
2022-11-04,35.0387
2022-11-07,35.3128
2022-11-08,35.9214
2022-11-09,35.3407
2022-11-10,37.2966
2022-11-11,37.7472
2022-11-14,37.6961
2022-11-15,37.6404
2022-11-16,37.2733
2022-11-17,36.9156
2022-11-18,37.1618
2022-11-21,37.2873
2022-11-22,38.1328
2022-11-23,38.2815
2022-11-25,38.2675
2022-11-28,37.4127
2022-11-29,37.5382
2022-11-30,38.4441
2022-12-01,38.4905
2022-12-02,38.9133
2022-12-05,38.1421
2022-12-06,37.8030
2022-12-07,37.7193
2022-12-08,37.9981
2022-12-09,37.6218
2022-12-12,37.9470
2022-12-13,38.4720
2022-12-14,38.0585
2022-12-15,36.8970
2022-12-16,36.7391
2022-12-19,36.2617
2022-12-20,36.5001
2022-12-21,36.8181
2022-12-22,36.4627
2022-12-23,36.7152
2022-12-27,36.7480
2022-12-28,36.1869
2022-12-29,36.5796
2022-12-30,36.3225
2023-01-03,36.2850
2023-01-04,36.9163
2023-01-05,36.3318
2023-01-06,37.5803
2023-01-09,37.8187
2023-01-10,38.1975
2023-01-11,38.7960
2023-01-12,38.9410
2023-01-13,39.1794
2023-01-17,38.7867
2023-01-18,38.2396
2023-01-19,37.9450
2023-01-20,38.7072
2023-01-23,38.8334
2023-01-24,38.8568
2023-01-25,38.9363
2023-01-26,39.1233
2023-01-27,38.9971
2023-01-30,38.7305
2023-01-31,39.5816
2023-02-01,39.8434
2023-02-02,39.7172
2023-02-03,39.0017
2023-02-06,38.5716
2023-02-07,39.0906
2023-02-08,38.7773
2023-02-09,38.2162
2023-02-10,38.3565
2023-02-13,38.5575
2023-02-14,38.6464
2023-02-15,38.8147
2023-02-16,38.3752
2023-02-17,38.0151
2023-02-21,37.3886
2023-02-22,37.6691
2023-02-23,37.7112
2023-02-24,37.9637
2023-02-27,38.0899
2023-02-28,38.2630
2023-03-01,38.5622
2023-03-02,39.0017
2023-03-03,39.5582
2023-03-06,38.9176
2023-03-07,38.1507
2023-03-08,38.3378
2023-03-09,37.3512
2023-03-10,36.5562
2023-03-13,36.1822
2023-03-14,36.6451
2023-03-15,35.4574
2023-03-16,35.8642
2023-03-17,35.3078
2023-03-20,36.0344
2023-03-21,36.4712
2023-03-22,35.8231
2023-03-23,35.7808
2023-03-24,36.0720
2023-03-27,36.3397
2023-03-28,36.5135
2023-03-29,37.0206
2023-03-30,37.2742
2023-03-31,37.8801
2023-04-03,38.1196
2023-04-04,37.5701
2023-04-05,37.4856
2023-04-06,37.3964
2023-04-10,37.5748
2023-04-11,37.8660
2023-04-12,37.8942
2023-04-13,38.2839
2023-04-14,38.0069
2023-04-17,38.2276
2023-04-18,38.3873
2023-04-19,38.2792
2023-04-20,38.2370
2023-04-21,37.8989
2023-04-24,38.1571
2023-04-25,37.3306
2023-04-26,36.8892
2023-04-27,37.3917
2023-04-28,37.8284
2023-05-01,37.8096
2023-05-02,37.4433
2023-05-03,37.0300
2023-05-04,36.7905
2023-05-05,37.4104
2023-05-08,37.2883
2023-05-09,36.9502
2023-05-10,36.9737
2023-05-11,36.6121
2023-05-12,36.6778
2023-05-15,36.9878
2023-05-16,36.3773
2023-05-17,36.6168
2023-05-18,36.8328
2023-05-19,36.9267
2023-05-22,36.7342
2023-05-23,36.1659
2023-05-24,35.7527
2023-05-25,35.6259
2023-05-26,35.8043
2023-05-30,35.6118
2023-05-31,35.2314
2023-06-01,35.7010
2023-06-02,36.8985
2023-06-05,36.8704
2023-06-06,37.1052
2023-06-07,37.5466
2023-06-08,37.4104
2023-06-09,37.1005
2023-06-12,37.2696
2023-06-13,38.1337
2023-06-14,37.9740
2023-06-15,38.2980
2023-06-16,38.3920
2023-06-20,37.8757
2023-06-21,37.9984
2023-06-22,37.9088
2023-06-23,37.6020
2023-06-26,37.9937
2023-06-27,38.5318
2023-06-28,38.2674
2023-06-29,38.7489
2023-06-30,39.1123
2023-07-03,39.2586
2023-07-05,38.2910
2023-07-06,38.0126
2023-07-07,38.3430
2023-07-10,38.3335
2023-07-11,38.7111
2023-07-12,39.2208
2023-07-13,39.5276
2023-07-14,39.2963
2023-07-17,39.3341
2023-07-18,39.6409
2023-07-19,39.4285
2023-07-20,39.5229
2023-07-21,39.5276
2023-07-24,39.6503
2023-07-25,40.3630
2023-07-26,40.2261
2023-07-27,39.9665
2023-07-28,40.2450
2023-07-31,40.4574
2023-08-01,40.2780
2023-08-02,39.7778
2023-08-03,39.5323
2023-08-04,39.4427
2023-08-07,39.7022
2023-08-08,39.2822
2023-08-09,39.1217
2023-08-10,39.1500
2023-08-11,39.0415
2023-08-14,39.1264
2023-08-15,38.4893
2023-08-16,38.2297
2023-08-17,38.1542
2023-08-18,38.1495
2023-08-21,38.1542
2023-08-22,38.1211
2023-08-23,38.1825
2023-08-24,38.0220
2023-08-25,38.1353
2023-08-28,38.4138
2023-08-29,39.0509
2023-08-30,39.1406
2023-08-31,39.1217
2023-09-01,39.5607
2023-09-05,38.8291
2023-09-06,38.7441
2023-09-07,38.5695
2023-09-08,38.6073
2023-09-11,38.7725
2023-09-12,38.6828
2023-09-13,38.4562
2023-09-14,38.9990
2023-09-15,38.5648
2023-09-18,38.4047
2023-09-19,38.3715
2023-09-20,37.9683
2023-09-21,37.2048
2023-09-22,37.1669
2023-09-25,37.4609
2023-09-26,36.9203
2023-09-27,36.9155
2023-09-28,37.3139
2023-09-29,37.2522
2023-10-02,36.7590
2023-10-03,36.6594
2023-10-04,37.0910
2023-10-05,36.6405
2023-10-06,36.9867
2023-10-09,37.0341
2023-10-10,37.4277
2023-10-11,37.5178
2023-10-12,36.9582
2023-10-13,36.8207
2023-10-16,37.1811
2023-10-17,37.5463
2023-10-18,36.5741
2023-10-19,36.1472
2023-10-20,35.7109
2023-10-23,35.3126
2023-10-24,35.7299
2023-10-25,35.3126
2023-10-26,35.5592
2023-10-27,35.5449
2023-10-30,35.9101
2023-10-31,36.0714
2023-11-01,36.0903
2023-11-02,36.7875
2023-11-03,37.3661
2023-11-06,37.1811
2023-11-07,36.4602
2023-11-08,36.5741
2023-11-09,36.2611
2023-11-10,36.6879
2023-11-13,36.6357
2023-11-14,37.7170
2023-11-15,37.8830
2023-11-16,37.9968
2023-11-17,38.0679
2023-11-20,38.1343
2023-11-21,38.2814
2023-11-22,38.3051
2023-11-24,38.4711
2023-11-27,38.4236
2023-11-28,38.4995
2023-11-29,38.6987
2023-11-30,39.0828
2023-12-01,39.5286
2023-12-04,39.0686
2023-12-05,38.5327
2023-12-06,38.4521
2023-12-07,38.7129
2023-12-08,38.8552
2023-12-11,39.1303
2023-12-12,39.3579
2023-12-13,39.8369
2023-12-14,40.4961
2023-12-15,40.3918
2023-12-18,40.4544
2023-12-19,40.8269
2023-12-20,40.2013
2023-12-21,40.6263
2023-12-22,40.8794
2023-12-26,41.0705
2023-12-27,41.1707
2023-12-28,41.0131
2023-12-29,40.8508
2024-01-02,40.7791
2024-01-03,40.3398
2024-01-04,40.2108
2024-01-05,40.2777
2024-01-08,40.4496
2024-01-09,39.9864
2024-01-10,39.9339
2024-01-11,39.8145
2024-01-12,39.8527
2024-01-16,39.3942
2024-01-17,39.1077
2024-01-18,39.2318
2024-01-19,39.2700
2024-01-22,39.3847
2024-01-23,39.5136
2024-01-24,38.9787
2024-01-25,39.3894
2024-01-26,39.4038
2024-01-29,39.5996
2024-01-30,39.7810
2024-01-31,39.2605
2024-02-01,39.9147
2024-02-02,39.6807
2024-02-05,38.6731
2024-02-06,39.3560
2024-02-07,39.6712
2024-02-08,39.6187
2024-02-09,39.7046
2024-02-12,40.0198
2024-02-13,39.4563
2024-02-14,39.7094
2024-02-15,40.4592
2024-02-16,40.6741
2024-02-20,40.5881
2024-02-21,40.8126
2024-02-22,41.2233
2024-02-23,41.4668
2024-02-26,41.2185
2024-02-27,41.3713
2024-02-28,41.5003
2024-02-29,41.8155
2024-03-01,42.0065
2024-03-04,42.3121
2024-03-05,42.0877
2024-03-06,42.3981
2024-03-07,42.9186
2024-03-08,42.6703
2024-03-11,43.1526
2024-03-12,43.1479
2024-03-13,43.5729
2024-03-14,43.3437
2024-03-15,43.3628
2024-03-18,43.4418
2024-03-19,43.4466
2024-03-20,43.8827
2024-03-21,44.0649
2024-03-22,43.7917
2024-03-25,43.8061
2024-03-26,43.7725
2024-03-27,44.4004
2024-03-28,44.5202
2024-04-01,44.4147
2024-04-02,44.2518
2024-04-03,44.5154
2024-04-04,44.0649
2024-04-05,44.4627
2024-04-08,44.4962
2024-04-09,44.6017
2024-04-10,43.9067
2024-04-11,43.8731
2024-04-12,43.0967
2024-04-15,42.8906
2024-04-16,42.5599
2024-04-17,42.6558
2024-04-18,42.6702
2024-04-19,42.6366
2024-04-22,42.6797
2024-04-23,42.3107
2024-04-24,42.3395
2024-04-25,42.6414
2024-04-26,42.9050
2024-04-29,43.2645
2024-04-30,42.4784
2024-05-01,42.6989
2024-05-02,42.4784
2024-05-03,42.9098
2024-05-06,43.1686
2024-05-07,43.6814
2024-05-08,43.4801
2024-05-09,43.9642
2024-05-10,44.0169
2024-05-13,43.9882
2024-05-14,44.0313
2024-05-15,44.1080
2024-05-16,43.7917
2024-05-17,44.1655
2024-05-20,44.2278
2024-05-21,44.2278
2024-05-22,43.7965
2024-05-23,43.4082
2024-05-24,43.7869
2024-05-28,43.6191
2024-05-29,42.9961
2024-05-30,43.3459
2024-05-31,43.8684
2024-06-03,43.6095
2024-06-04,43.1255
2024-06-05,43.4226
2024-06-06,43.4706
2024-06-07,43.0344
2024-06-10,42.9913
2024-06-11,42.9769
2024-06-12,43.0584
2024-06-13,43.0440
2024-06-14,42.6462
2024-06-17,42.9625
2024-06-18,42.9146
2024-06-20,42.9577
2024-06-21,42.9625
2024-06-24,43.2397
2024-06-25,42.6907
2024-06-26,42.6618
2024-06-27,42.5414
2024-06-28,42.5269
2024-07-01,41.8720
2024-07-02,41.9491
2024-07-03,42.2621
2024-07-05,42.3295
2024-07-08,42.4547
2024-07-09,42.0213
2024-07-10,42.5847
2024-07-11,43.1674
2024-07-12,43.5816
2024-07-15,43.4708
2024-07-16,44.3135
2024-07-17,44.2220
2024-07-18,43.7838
2024-07-19,43.3938
2024-07-22,43.5382
2024-07-23,43.7116
2024-07-24,43.1530
2024-07-25,43.2734
2024-07-26,43.9813
2024-07-29,44.0583
2024-07-30,43.9138
2024-07-31,44.3713
2024-08-01,44.1931
2024-08-02,43.3600
2024-08-05,42.3921
2024-08-06,42.6088
2024-08-07,42.0309
2024-08-08,42.6810
2024-08-09,42.6473
2024-08-12,42.4595
2024-08-13,42.8833
2024-08-14,42.8833
2024-08-15,43.5623
2024-08-16,43.6153
2024-08-19,43.8223
2024-08-20,43.6634
2024-08-21,44.1643
2024-08-22,44.0728
2024-08-23,44.6554
2024-08-26,44.8529
2024-08-27,44.8577
2024-08-28,44.6651
2024-08-29,44.9107
2024-08-30,45.4019
2024-09-03,44.3713
2024-09-04,44.1883
2024-09-05,43.8416
2024-09-06,43.2878
2024-09-09,43.7068
2024-09-10,43.7260
2024-09-11,43.8320
2024-09-12,44.2365
2024-09-13,44.6362
2024-09-16,45.0503
2024-09-17,45.1370
2024-09-18,44.9444
2024-09-19,45.6234
2024-09-20,45.3007
2024-09-23,45.6966
2024-09-24,46.3206
2024-09-25,46.0111
2024-09-26,46.9640
2024-09-27,46.8817
2024-09-30,46.6205
2024-10-01,46.5044
2024-10-02,46.3255
2024-10-03,45.8127
2024-10-04,46.0352
2024-10-07,45.8998
2024-10-08,45.6870
2024-10-09,45.9772
2024-10-10,46.0836
2024-10-11,46.3835
2024-10-14,46.6496
2024-10-15,46.6012
2024-10-16,46.9640
2024-10-17,47.0365
2024-10-18,47.2252
2024-10-21,46.8624
2024-10-22,46.4319
2024-10-23,46.3061
2024-10-24,45.7402
2024-10-25,45.4499
2024-10-28,45.8272
2024-10-29,45.5322
2024-10-30,45.7789
2024-10-31,45.1742
2024-11-01,45.0485
2024-11-04,45.2468
2024-11-05,45.3145
2024-11-06,45.9385
2024-11-07,46.1175
2024-11-08,45.6966
2024-11-11,45.4983
2024-11-12,44.7244
2024-11-13,44.8308
2024-11-14,44.4632
2024-11-15,44.1536
2024-11-18,44.4970
2024-11-19,44.3519
2024-11-20,44.7147
2024-11-21,45.2613
2024-11-22,45.5128
2024-11-25,45.9820
2024-11-26,45.6386
2024-11-27,45.6144
2024-11-29,45.8466
2024-12-02,45.8176
2024-12-03,45.6725
2024-12-04,45.2274
2024-12-05,44.6325
2024-12-06,44.4583
2024-12-09,44.4487
2024-12-10,43.9940
2024-12-11,43.8392
2024-12-12,43.5344
2024-12-13,43.1620
2024-12-16,42.7798
2024-12-17,42.5428
2024-12-18,41.3335
2024-12-19,40.8885
2024-12-20,41.3964
2024-12-23,41.3645
2024-12-24,41.5881
2024-12-26,41.5249
2024-12-27,41.3012
2024-12-30,40.7469
2024-12-31,40.9123
2025-01-02,40.4601
2025-01-03,40.4503
2025-01-06,40.7226
2025-01-07,40.6983
2025-01-08,40.9220
2025-01-10,40.5038
2025-01-13,41.4082
2025-01-14,41.9236
2025-01-15,42.3224
2025-01-16,42.6724
2025-01-17,42.9496
2025-01-21,43.4991
2025-01-22,43.1490
2025-01-23,43.3872
2025-01-24,43.2754
2025-01-27,43.2997
2025-01-28,43.1587
2025-01-29,43.0809
2025-01-30,43.4893
2025-01-31,43.1733
2025-02-03,43.2170
2025-02-04,43.3435
2025-02-05,43.3094
2025-02-06,43.4602
2025-02-07,42.9302
2025-02-10,43.1490
2025-02-11,43.4018
2025-02-12,43.0906
2025-02-13,43.8394
2025-02-14,43.6887
2025-02-18,44.2430
2025-02-19,43.7227
2025-02-20,43.6206
2025-02-21,42.8232
2025-02-24,42.7746
2025-02-25,43.1052
2025-02-26,43.0857
2025-02-27,42.7940
2025-02-28,43.1587
2025-03-03,42.2932
2025-03-04,41.7194
2025-03-05,42.8086
2025-03-06,42.5849
2025-03-07,42.7016
2025-03-10,41.8118
2025-03-11,41.4909
2025-03-12,41.2964
2025-03-13,41.2672
2025-03-14,41.8069
2025-03-17,42.3321
2025-03-18,42.2591
2025-03-19,42.4001
2025-03-20,42.1327
2025-03-21,41.7146
2025-03-24,42.2797
2025-03-25,42.2699
2025-03-26,42.3481
2025-03-27,42.3286
2025-03-28,41.5518
2025-03-31,42.0061
2025-04-01,42.1625
2025-04-02,42.5093
2025-04-03,40.5893
2025-04-04,38.0488
2025-04-07,37.4381
2025-04-08,36.2851
2025-04-09,39.4558
2025-04-10,38.1954
2025-04-11,39.3288
2025-04-14,39.8027
2025-04-15,39.4900
2025-04-16,39.1823
2025-04-17,39.4510
2025-04-21,38.8500
2025-04-22,39.7588
2025-04-23,39.8076
2025-04-24,40.6675
2025-04-25,40.3646
2025-04-28,40.4378
2025-04-29,40.7749
2025-04-30,40.9850
2025-05-01,40.8043
2025-05-02,41.4931
2025-05-05,41.1853
2025-05-06,40.8873
2025-05-07,40.6626
2025-05-08,41.2049
2025-05-09,41.3124
2025-05-12,42.2699
2025-05-13,42.0599
2025-05-14,41.6739
2025-05-15,42.0989
2025-05-16,42.5289
2025-05-19,42.6364
2025-05-20,42.5631
2025-05-21,41.9963
2025-05-22,41.9524
2025-05-23,41.8693
2025-05-27,42.6022
2025-05-28,42.0208
2025-05-29,42.1771
2025-05-30,42.1820
2025-06-02,42.4312
2025-06-03,42.8660
2025-06-04,43.0272
2025-06-05,42.7731
2025-06-06,42.8855
2025-06-09,43.1738
2025-06-10,43.4425
2025-06-11,43.0125
2025-06-12,43.1933
2025-06-13,42.6901
2025-06-16,43.0516
2025-06-17,42.6315
2025-06-18,42.5093
2025-06-20,42.2211
2025-06-23,42.6914
2025-06-24,43.0450
2025-06-25,42.6325
2025-06-26,43.1039
2025-06-27,43.1579
2025-06-30,43.1186
2025-07-01,44.2333
2025-07-02,44.8962
2025-07-03,44.8668
2025-07-07,44.4346
2025-07-08,44.7980
2025-07-09,45.0681
2025-07-10,45.3087
2025-07-11,44.9404
2025-07-14,44.6900
2025-07-15,43.7717
2025-07-16,43.8896
2025-07-17,44.1989
2025-07-18,44.3021
2025-07-21,44.5279
2025-07-22,45.1418
2025-07-23,45.2940
2025-07-24,44.8275
2025-07-25,45.3578
2025-07-28,44.6998
2025-07-29,44.5279
2025-07-30,43.6293
2025-07-31,43.0794
2025-08-01,42.5834
2025-08-04,43.1481
2025-08-05,43.4526
2025-08-06,42.9812
2025-08-07,43.1678
2025-08-08,43.3838
2025-08-11,43.2856
2025-08-12,43.8503
2025-08-13,44.6753
2025-08-14,44.2088
2025-08-15,44.2088
2025-08-18,43.9534
2025-08-19,44.2186
2025-08-20,44.2530
2025-08-21,44.3855
2025-08-22,45.2645
2025-08-25,45.0141
2025-08-26,45.1368
2025-08-27,45.2498
2025-08-28,45.2498
2025-08-29,45.3136
2025-09-02,44.9748
2025-09-03,44.6703
2025-09-04,44.8422
2025-09-05,45.1565
2025-09-08,45.1958
2025-09-09,44.4592
2025-09-10,44.5427
2025-09-11,45.4757
2025-09-12,45.0190
2025-09-15,44.6556
2025-09-16,44.5181
2025-09-17,44.6212
2025-09-18,44.6212
2025-09-19,44.6016
2025-09-22,44.5862
2025-09-23,44.4432
2025-09-24,43.9005
2025-09-25,43.3281
2025-09-26,43.8314
2025-09-29,43.9991
2025-09-30,44.2162
2025-10-01,43.7524
2025-10-02,44.2606
2025-10-03,44.3346
2025-10-06,44.2952
2025-10-07,44.1175
2025-10-08,44.3544
2025-10-09,43.7475
2025-10-10,42.8496
2025-10-13,43.5304
2025-10-14,43.9646
2025-10-15,43.7672
2025-10-16,43.4416
2025-10-17,43.3577
2025-10-20,43.8758
2025-10-21,43.7080
2025-10-22,43.5748
2025-10-23,44.0978
2025-10-24,43.9153
2025-10-27,43.8955
2025-10-28,43.9547
2025-10-29,43.0913
2025-10-30,42.5141
2025-10-31,42.2674
2025-11-03,42.0059
2025-11-04,41.7987
2025-11-05,42.0454
2025-11-06,41.8382
2025-11-07,42.3414
2025-11-10,42.7410
2025-11-11,43.1851
2025-11-12,43.4910
2025-11-13,43.2048
2025-11-14,42.8101
2025-11-17,42.1588
2025-11-18,42.1934
2025-11-19,42.3019
2025-11-20,41.6704
2025-11-21,42.6029
2025-11-24,42.6868
2025-11-25,43.3232
2025-11-26,43.8561
2025-11-28,44.1077
2025-12-01,43.9991
2025-12-02,43.5995
2025-12-03,43.9054
2025-12-04,43.6488
2025-12-05,43.5058
2025-12-08,42.9038
2025-12-09,42.8150
2025-12-10,43.6538
2025-12-11,44.5221
2025-12-12,44.5517
2025-12-15,44.5221
2025-12-16,44.4037
2025-12-17,44.5912
2025-12-18,44.5714
2025-12-19,44.7688
2025-12-22,45.2973
2025-12-23,45.3767
2025-12-24,45.4659
2025-12-26,45.7337
2025-12-29,45.3667
2025-12-30,45.3568
2025-12-31,44.9799
2026-01-02,45.7436
2026-01-05,46.1999
2026-01-06,47.1124
2026-01-07,46.2991
2026-01-08,47.1124
2026-01-09,47.8662
2026-01-12,48.1241
2026-01-13,48.3323
2026-01-14,48.3522
2026-01-15,48.5605
2026-01-16,48.2827
2026-01-20,47.7967
2026-01-21,48.8382
2026-01-22,49.1159
2026-01-23,49.5622
2026-01-26,49.6217
2026-01-27,49.5721
2026-01-28,49.5424
2026-01-29,49.5920
2026-01-30,48.8679
2026-02-02,49.2448
2026-02-03,50.2863
2026-02-04,51.4666
2026-02-05,50.0879
2026-02-06,51.0897
2026-02-09,51.7542
2026-02-10,52.4782
2026-02-11,53.1824
2026-02-12,52.3989
2026-02-13,52.8750
2026-02-17,52.2699
2026-02-18,52.5873
2026-02-19,52.3989
2026-02-20,52.5278
2026-02-23,52.5278
2026-02-24,52.9246
2026-02-25,52.6270
2026-02-26,52.5675
2026-02-27,52.9741
2026-03-02,52.8155
2026-03-03,51.5161
2026-03-04,51.4963
2026-03-05,50.4152
2026-03-06,49.4531
2026-03-09,49.5821
2026-03-10,49.4730
2026-03-11,49.4333
2026-03-12,49.2746
2026-03-13,48.7886
2026-03-16,48.9969
2026-03-17,49.1159
2026-03-18,48.0844
2026-03-19,47.3504
2026-03-20,46.5966
2026-03-23,47.3720
2026-03-24,48.2686
2026-03-25,49.2250
2026-03-26,48.9062
2026-03-27,48.7269
2026-03-30,48.9062
2026-03-31,49.7829
2026-04-01,50.2711
2026-04-02,50.2213
2026-04-06,50.0320
2026-04-07,49.8925
2026-04-08,51.5563
2026-04-09,51.4766
2026-04-10,51.7655
2026-04-13,51.9946
2026-04-14,51.8153
2026-04-15,51.1877
2026-04-16,51.5563
2026-04-17,51.6858
2026-04-20,52.0345
2026-04-21,51.5762
2026-04-22,51.6360
2026-04-23,51.6160
2026-04-24,51.7256
2026-04-27,51.5862
2026-04-28,51.2076
2026-04-29,50.7692
2026-04-30,51.2773
2026-05-01,51.1578
2026-05-04,50.4604
2026-05-05,51.3371
2026-05-06,52.2138
2026-05-07,51.2076
2026-05-08,51.3969
2026-05-11,52.0644
2026-05-12,51.9448
2026-05-13,51.8651
2026-05-14,51.4766
2026-05-15,50.1117
2026-05-18,50.0320
2026-05-19,48.8564
2026-05-20,49.5339
2026-05-21,49.8327
2026-05-22,50.1017
2026-05-26,50.7991
2026-05-27,50.9884
2026-05-28,51.1677
2026-05-29,50.9585
2026-06-01,50.7294
2026-06-02,51.3271
2026-06-03,51.4367
2026-06-04,51.4268
2026-06-05,50.4405
2026-06-08,49.7730
2026-06-09,50.5799
2026-06-10,49.4143
2026-06-11,51.0283
2026-06-12,51.9847
2026-06-15,52.3035
2026-06-16,52.5226
2026-06-17,51.8253
2026-06-18,51.6160
2026-06-22,51.6200
2026-06-23,50.8700
2026-06-24,51.1600
2026-06-25,51.8400
2026-06-26,51.6000
2026-06-29,50.6600
2026-06-30,50.8300
2026-07-01,51.0200
2026-07-02,52.0100
