date,XLE.US
2017-01-03,25.9149
2017-01-04,25.8604
2017-01-05,25.7958
2017-01-06,25.8196
2017-01-09,25.4454
2017-01-10,25.2140
2017-01-11,25.4862
2017-01-12,25.3807
2017-01-13,25.3059
2017-01-17,25.4624
2017-01-18,25.4045
2017-01-19,25.2650
2017-01-20,25.3603
2017-01-23,25.0915
2017-01-24,25.3671
2017-01-25,25.4998
2017-01-26,25.5202
2017-01-27,25.2548
2017-01-30,24.7921
2017-01-31,24.8023
2017-02-01,24.6186
2017-02-02,24.7581
2017-02-03,24.9725
2017-02-06,24.7615
2017-02-07,24.4111
2017-02-08,24.4689
2017-02-09,24.7445
2017-02-10,24.9316
2017-02-13,24.9793
2017-02-14,25.0609
2017-02-15,24.9622
2017-02-16,24.6220
2017-02-17,24.4859
2017-02-21,24.6526
2017-02-22,24.2784
2017-02-23,24.3805
2017-02-24,24.1525
2017-02-27,24.3600
2017-02-28,24.2852
2017-03-01,24.7717
2017-03-02,24.5370
2017-03-03,24.4927
2017-03-06,24.5472
2017-03-07,24.3294
2017-03-08,23.6966
2017-03-09,23.8531
2017-03-10,23.8191
2017-03-13,23.8225
2017-03-14,23.5537
2017-03-15,24.0777
2017-03-16,23.9075
2017-03-17,23.8901
2017-03-20,23.8716
2017-03-21,23.6882
2017-03-22,23.6539
2017-03-23,23.5581
2017-03-24,23.4657
2017-03-27,23.3562
2017-03-28,23.6882
2017-03-29,24.0133
2017-03-30,24.0065
2017-03-31,23.9243
2017-04-03,23.8833
2017-04-04,24.0578
2017-04-05,23.9825
2017-04-06,24.1742
2017-04-07,24.0818
2017-04-10,24.2632
2017-04-11,24.2666
2017-04-12,24.1639
2017-04-13,23.7224
2017-04-17,23.7737
2017-04-18,23.5513
2017-04-19,23.2056
2017-04-20,23.3185
2017-04-21,23.2021
2017-04-24,23.3391
2017-04-25,23.5376
2017-04-26,23.4588
2017-04-27,23.2021
2017-04-28,23.2193
2017-05-01,23.1542
2017-05-02,23.0379
2017-05-03,23.1029
2017-05-04,22.6785
2017-05-05,23.0379
2017-05-08,23.2021
2017-05-09,23.0105
2017-05-10,23.3151
2017-05-11,23.2672
2017-05-12,23.1885
2017-05-15,23.3699
2017-05-16,23.2535
2017-05-17,23.0242
2017-05-18,23.0173
2017-05-19,23.3014
2017-05-22,23.2501
2017-05-23,23.3048
2017-05-24,23.1816
2017-05-25,22.7606
2017-05-26,22.7983
2017-05-30,22.4937
2017-05-31,22.3978
2017-06-01,22.5382
2017-06-02,22.2780
2017-06-05,22.3191
2017-06-06,22.5826
2017-06-07,22.2643
2017-06-08,22.1993
2017-06-09,22.7332
2017-06-12,22.8941
2017-06-13,23.0652
2017-06-14,22.6477
2017-06-15,22.4765
2017-06-16,22.8484
2017-06-19,22.7037
2017-06-20,22.4142
2017-06-21,22.0524
2017-06-22,22.0386
2017-06-23,22.1868
2017-06-26,22.1385
2017-06-27,22.1041
2017-06-28,22.2247
2017-06-29,22.2729
2017-06-30,22.3729
2017-07-03,22.8036
2017-07-05,22.3418
2017-07-06,22.0937
2017-07-07,22.0593
2017-07-10,22.1316
2017-07-11,22.2522
2017-07-12,22.3143
2017-07-13,22.4039
2017-07-14,22.5383
2017-07-17,22.5107
2017-07-18,22.4039
2017-07-19,22.7313
2017-07-20,22.6623
2017-07-21,22.4383
2017-07-24,22.3970
2017-07-25,22.6796
2017-07-26,22.7037
2017-07-27,22.9346
2017-07-28,22.9070
2017-07-31,22.9587
2017-08-01,22.9553
2017-08-02,22.8691
2017-08-03,22.5486
2017-08-04,22.6210
2017-08-07,22.4487
2017-08-08,22.3970
2017-08-09,22.4177
2017-08-10,22.1799
2017-08-11,22.0351
2017-08-14,21.9697
2017-08-15,21.8869
2017-08-16,21.6767
2017-08-17,21.3700
2017-08-18,21.4768
2017-08-21,21.3666
2017-08-22,21.5079
2017-08-23,21.6009
2017-08-24,21.6147
2017-08-25,21.7112
2017-08-28,21.6147
2017-08-29,21.5871
2017-08-30,21.5975
2017-08-31,21.7009
2017-09-01,21.9111
2017-09-05,22.0317
2017-09-06,22.3901
2017-09-07,22.4314
2017-09-08,22.1937
2017-09-11,22.4039
2017-09-12,22.5417
2017-09-13,22.8243
2017-09-14,22.9346
2017-09-15,22.9889
2017-09-18,23.0866
2017-09-19,23.1809
2017-09-20,23.3380
2017-09-21,23.3450
2017-09-22,23.4637
2017-09-25,23.8024
2017-09-26,23.7919
2017-09-27,23.8932
2017-09-28,23.9141
2017-09-29,23.9106
2017-10-02,23.9037
2017-10-03,23.8792
2017-10-04,23.8618
2017-10-05,23.9700
2017-10-06,23.7675
2017-10-09,23.8164
2017-10-10,23.8373
2017-10-11,23.8932
2017-10-12,23.8059
2017-10-13,23.7919
2017-10-16,23.8443
2017-10-17,23.8583
2017-10-18,23.6907
2017-10-19,23.6173
2017-10-20,23.6627
2017-10-23,23.5405
2017-10-24,23.5859
2017-10-25,23.4218
2017-10-26,23.4707
2017-10-27,23.5126
2017-10-30,23.6348
2017-10-31,23.7116
2017-11-01,23.9805
2017-11-02,23.9106
2017-11-03,23.9805
2017-11-06,24.5287
2017-11-07,24.4972
2017-11-08,24.3785
2017-11-09,24.4518
2017-11-10,24.3227
2017-11-13,24.1830
2017-11-14,23.7919
2017-11-15,23.5231
2017-11-16,23.4288
2017-11-17,23.5440
2017-11-20,23.4882
2017-11-21,23.5405
2017-11-22,23.6348
2017-11-24,23.7011
2017-11-27,23.4602
2017-11-28,23.6418
2017-11-29,23.7710
2017-11-30,24.1271
2017-12-01,24.3296
2017-12-04,24.3192
2017-12-05,24.2144
2017-12-06,23.9002
2017-12-07,23.9700
2017-12-08,24.1900
2017-12-11,24.3646
2017-12-12,24.2982
2017-12-13,24.2633
2017-12-14,24.1760
2017-12-15,24.1543
2017-12-18,24.3406
2017-12-19,24.3758
2017-12-20,24.7202
2017-12-21,25.2439
2017-12-22,25.2967
2017-12-26,25.5181
2017-12-27,25.4337
2017-12-28,25.4724
2017-12-29,25.3986
2018-01-02,25.8169
2018-01-03,26.2035
2018-01-04,26.3617
2018-01-05,26.3511
2018-01-08,26.5093
2018-01-09,26.4425
2018-01-10,26.4109
2018-01-11,26.9522
2018-01-12,27.2123
2018-01-16,26.8678
2018-01-17,27.1033
2018-01-18,26.8819
2018-01-19,26.8467
2018-01-22,27.4267
2018-01-23,27.3845
2018-01-24,27.3107
2018-01-25,27.0963
2018-01-26,27.2439
2018-01-29,26.8327
2018-01-30,26.2914
2018-01-31,26.3089
2018-02-01,26.5796
2018-02-02,25.4689
2018-02-05,24.4004
2018-02-06,24.5937
2018-02-07,24.1824
2018-02-08,23.4513
2018-02-09,23.4338
2018-02-12,23.8169
2018-02-13,23.7185
2018-02-14,24.0629
2018-02-15,24.0032
2018-02-16,23.9434
2018-02-20,23.8134
2018-02-21,23.4127
2018-02-22,23.6693
2018-02-23,24.1824
2018-02-26,24.3266
2018-02-27,24.0102
2018-02-28,23.4584
2018-03-01,23.4232
2018-03-02,23.5322
2018-03-05,23.7817
2018-03-06,23.7958
2018-03-07,23.6165
2018-03-08,23.6095
2018-03-09,24.0594
2018-03-12,24.0524
2018-03-13,23.8802
2018-03-14,23.7396
2018-03-15,23.6165
2018-03-16,23.8271
2018-03-19,23.4589
2018-03-20,23.6572
2018-03-21,24.2767
2018-03-22,23.7811
2018-03-23,23.6359
2018-03-26,24.0607
2018-03-27,23.8342
2018-03-28,23.3704
2018-03-29,23.8625
2018-04-02,23.3846
2018-04-03,23.8837
2018-04-04,23.8519
2018-04-05,24.2802
2018-04-06,23.8413
2018-04-09,23.9545
2018-04-10,24.7475
2018-04-11,25.0059
2018-04-12,25.0023
2018-04-13,25.2785
2018-04-16,25.5369
2018-04-17,25.6360
2018-04-18,26.0395
2018-04-19,26.0714
2018-04-20,25.9475
2018-04-23,26.1068
2018-04-24,25.8271
2018-04-25,26.0325
2018-04-26,26.4112
2018-04-27,26.1316
2018-04-30,26.1280
2018-05-01,25.9687
2018-05-02,26.0749
2018-05-03,26.0148
2018-05-04,26.1422
2018-05-07,26.1776
2018-05-08,26.3829
2018-05-09,26.9210
2018-05-10,27.1227
2018-05-11,27.1617
2018-05-14,27.3493
2018-05-15,27.3564
2018-05-16,27.4520
2018-05-17,27.8661
2018-05-18,27.6502
2018-05-21,27.9334
2018-05-22,27.5617
2018-05-23,27.5581
2018-05-24,27.1050
2018-05-25,26.4006
2018-05-29,26.3192
2018-05-30,27.1157
2018-05-31,26.9103
2018-06-01,27.0378
2018-06-04,26.8041
2018-06-05,26.7404
2018-06-06,26.8679
2018-06-07,27.2750
2018-06-08,27.2219
2018-06-11,27.3635
2018-06-12,27.1546
2018-06-13,27.0519
2018-06-14,27.0130
2018-06-15,26.4329
2018-06-18,26.6967
2018-06-19,26.6361
2018-06-20,26.7537
2018-06-21,26.2583
2018-06-22,26.7822
2018-06-25,26.2441
2018-06-26,26.5755
2018-06-27,26.9319
2018-06-28,26.8962
2018-06-29,27.0637
2018-07-02,26.6646
2018-07-03,26.8321
2018-07-05,26.8036
2018-07-06,26.9675
2018-07-09,27.3702
2018-07-10,27.5734
2018-07-11,26.9889
2018-07-12,27.0352
2018-07-13,27.1778
2018-07-16,26.8642
2018-07-17,26.7573
2018-07-18,26.7751
2018-07-19,26.7822
2018-07-20,26.6895
2018-07-23,26.5719
2018-07-24,26.9069
2018-07-25,27.1315
2018-07-26,27.4273
2018-07-27,27.3097
2018-07-30,27.5342
2018-07-31,27.4843
2018-08-01,27.1029
2018-08-02,26.9533
2018-08-03,26.8143
2018-08-06,26.9141
2018-08-07,27.1136
2018-08-08,26.9176
2018-08-09,26.6682
2018-08-10,26.8321
2018-08-13,26.4900
2018-08-14,26.5541
2018-08-15,25.6275
2018-08-16,25.8128
2018-08-17,25.8770
2018-08-20,26.0516
2018-08-21,26.1835
2018-08-22,26.4971
2018-08-23,26.3724
2018-08-24,26.5648
2018-08-27,26.7608
2018-08-28,26.6468
2018-08-29,26.8107
2018-08-30,26.7359
2018-08-31,26.5292
2018-09-04,26.4721
2018-09-05,26.4365
2018-09-06,25.9483
2018-09-07,25.9447
2018-09-10,25.9340
2018-09-11,26.1799
2018-09-12,26.3153
2018-09-13,26.3260
2018-09-14,26.4650
2018-09-17,26.5078
2018-09-18,26.6824
2018-09-19,26.7644
2018-09-20,26.7715
2018-09-21,26.9485
2018-09-24,27.3432
2018-09-25,27.5190
2018-09-26,27.2535
2018-09-27,27.2535
2018-09-28,27.1781
2018-10-01,27.5549
2018-10-02,27.5836
2018-10-03,27.8061
2018-10-04,27.6913
2018-10-05,27.6877
2018-10-08,27.6661
2018-10-09,27.9137
2018-10-10,27.0382
2018-10-11,26.1232
2018-10-12,26.1949
2018-10-15,25.9760
2018-10-16,26.1913
2018-10-17,26.0263
2018-10-18,25.8971
2018-10-19,25.6674
2018-10-22,25.3840
2018-10-23,24.7201
2018-10-24,23.7441
2018-10-25,24.0347
2018-10-26,23.8553
2018-10-29,23.4104
2018-10-30,23.9522
2018-10-31,24.0993
2018-11-01,24.3039
2018-11-02,24.2429
2018-11-05,24.6483
2018-11-06,24.7632
2018-11-07,25.1687
2018-11-08,24.6232
2018-11-09,24.5802
2018-11-12,24.0706
2018-11-13,23.5180
2018-11-14,23.4785
2018-11-15,23.8230
2018-11-16,24.1065
2018-11-19,24.0993
2018-11-20,23.3099
2018-11-21,23.6759
2018-11-23,22.9331
2018-11-26,23.2776
2018-11-27,23.2130
2018-11-28,23.6113
2018-11-29,23.7656
2018-11-30,23.7226
2018-12-03,24.2500
2018-12-04,23.5539
2018-12-06,23.1197
2018-12-07,22.9905
2018-12-10,22.6317
2018-12-11,22.6389
2018-12-12,22.7286
2018-12-13,22.8003
2018-12-14,22.2800
2018-12-17,21.8746
2018-12-18,21.3578
2018-12-19,21.1066
2018-12-20,20.5217
2018-12-21,20.3226
2018-12-24,19.5004
2018-12-26,20.7137
2018-12-27,20.8224
2018-12-28,20.6630
2018-12-31,20.7717
2019-01-02,21.1810
2019-01-03,20.9709
2019-01-04,21.6844
2019-01-07,22.0067
2019-01-08,22.1770
2019-01-09,22.5283
2019-01-10,22.5935
2019-01-11,22.4595
2019-01-14,22.4052
2019-01-15,22.4848
2019-01-16,22.4559
2019-01-17,22.6623
2019-01-18,23.1223
2019-01-22,22.6189
2019-01-23,22.3870
2019-01-24,22.5066
2019-01-25,22.7927
2019-01-28,22.5645
2019-01-29,22.6333
2019-01-30,22.9521
2019-01-31,23.1006
2019-02-01,23.5026
2019-02-04,23.5569
2019-02-05,23.5931
2019-02-06,23.4193
2019-02-07,22.9014
2019-02-08,22.7963
2019-02-11,22.9050
2019-02-12,23.1947
2019-02-13,23.4845
2019-02-14,23.5678
2019-02-15,23.9481
2019-02-19,24.0205
2019-02-20,24.1219
2019-02-21,23.7489
2019-02-22,23.8177
2019-02-25,23.8575
2019-02-26,23.7815
2019-02-27,23.8720
2019-02-28,23.6330
2019-03-01,24.0676
2019-03-04,24.1111
2019-03-05,24.0314
2019-03-06,23.7272
2019-03-07,23.5859
2019-03-08,23.1440
2019-03-11,23.5062
2019-03-12,23.6583
2019-03-13,23.8974
2019-03-14,23.9227
2019-03-15,23.9131
2019-03-18,24.2453
2019-03-19,24.1796
2019-03-20,24.3913
2019-03-21,24.5629
2019-03-22,23.8985
2019-03-25,23.9095
2019-03-26,24.2526
2019-03-27,24.0810
2019-03-28,24.1723
2019-03-29,24.1358
2019-04-01,24.4533
2019-04-02,24.2854
2019-04-03,24.0518
2019-04-04,24.2526
2019-04-05,24.6797
2019-04-08,24.7892
2019-04-09,24.4862
2019-04-10,24.5775
2019-04-11,24.5957
2019-04-12,24.6614
2019-04-15,24.5154
2019-04-16,24.6760
2019-04-17,24.6432
2019-04-18,24.5264
2019-04-22,25.0447
2019-04-23,25.0045
2019-04-24,24.5665
2019-04-25,24.4898
2019-04-26,24.1723
2019-04-29,24.1504
2019-04-30,24.1321
2019-05-01,23.6503
2019-05-02,23.2378
2019-05-03,23.4532
2019-05-06,23.4751
2019-05-07,23.2706
2019-05-08,23.2706
2019-05-09,23.2706
2019-05-10,23.3802
2019-05-13,22.9786
2019-05-14,23.2597
2019-05-15,23.3802
2019-05-16,23.5079
2019-05-17,23.2706
2019-05-20,23.2816
2019-05-21,23.5517
2019-05-22,23.1867
2019-05-23,22.4092
2019-05-24,22.4931
2019-05-28,22.2595
2019-05-29,22.1172
2019-05-30,21.8361
2019-05-31,21.4528
2019-06-03,21.7266
2019-06-04,22.1026
2019-06-05,21.8580
2019-06-06,22.2632
2019-06-07,22.3654
2019-06-10,22.4311
2019-06-11,22.4749
2019-06-12,22.1573
2019-06-13,22.4165
2019-06-14,22.2705
2019-06-17,22.4566
2019-06-18,22.7669
2019-06-19,22.7414
2019-06-20,23.2451
2019-06-21,23.4132
2019-06-24,23.2033
2019-06-25,23.0191
2019-06-26,23.3727
2019-06-27,23.1996
2019-06-28,23.4685
2019-07-01,23.4906
2019-07-02,23.1149
2019-07-03,23.2070
2019-07-05,23.2401
2019-07-08,23.2733
2019-07-09,23.2917
2019-07-10,23.5901
2019-07-11,23.6379
2019-07-12,23.7374
2019-07-15,23.5238
2019-07-16,23.2733
2019-07-17,23.0080
2019-07-18,23.0117
2019-07-19,23.1185
2019-07-22,23.2254
2019-07-23,23.2880
2019-07-24,23.3875
2019-07-25,23.1222
2019-07-26,23.0044
2019-07-29,22.9123
2019-07-30,23.1701
2019-07-31,23.0964
2019-08-01,22.5734
2019-08-02,22.2492
2019-08-05,21.5862
2019-08-06,21.5604
2019-08-07,21.3983
2019-08-08,22.0135
2019-08-09,21.7703
2019-08-12,21.5125
2019-08-13,21.7114
2019-08-14,20.8605
2019-08-15,20.7315
2019-08-16,21.0041
2019-08-19,21.4683
2019-08-20,21.2878
2019-08-21,21.4241
2019-08-22,21.3283
2019-08-23,20.6137
2019-08-26,20.7021
2019-08-27,20.5732
2019-08-28,20.8678
2019-08-29,21.1736
2019-08-30,21.1736
2019-09-03,21.0704
2019-09-04,21.3651
2019-09-05,21.6304
2019-09-06,21.7446
2019-09-09,22.1792
2019-09-10,22.4408
2019-09-11,22.4629
2019-09-12,22.3229
2019-09-13,22.4997
2019-09-16,23.2548
2019-09-17,22.9307
2019-09-18,22.8202
2019-09-19,22.7612
2019-09-20,22.7800
2019-09-23,22.7874
2019-09-24,22.4268
2019-09-25,22.4640
2019-09-26,22.1703
2019-09-27,22.1666
2019-09-30,22.0068
2019-10-01,21.4975
2019-10-02,20.9696
2019-10-03,21.1964
2019-10-04,21.3302
2019-10-07,21.1406
2019-10-08,20.7801
2019-10-09,20.9696
2019-10-10,21.2336
2019-10-11,21.5198
2019-10-14,21.5087
2019-10-15,21.5979
2019-10-16,21.2968
2019-10-17,21.3116
2019-10-18,21.2001
2019-10-21,21.5793
2019-10-22,21.8581
2019-10-23,22.0402
2019-10-24,21.9473
2019-10-25,22.1257
2019-10-28,21.9993
2019-10-29,22.0886
2019-10-30,21.6388
2019-10-31,21.5458
2019-11-01,22.0365
2019-11-04,22.7540
2019-11-05,22.7837
2019-11-06,22.3190
2019-11-07,22.6536
2019-11-08,22.5607
2019-11-11,22.4343
2019-11-12,22.3190
2019-11-13,22.2224
2019-11-14,22.1629
2019-11-15,22.3339
2019-11-18,22.0625
2019-11-19,21.7354
2019-11-20,21.9547
2019-11-21,22.3153
2019-11-22,22.2410
2019-11-25,22.2633
2019-11-26,22.0588
2019-11-27,22.1146
2019-11-29,21.8915
2019-12-02,21.8915
2019-12-03,21.5644
2019-12-04,21.8878
2019-12-05,21.7837
2019-12-06,22.2001
2019-12-09,22.1741
2019-12-10,22.2187
2019-12-11,22.1815
2019-12-12,22.5904
2019-12-13,22.4194
2019-12-16,22.7205
2019-12-17,22.7354
2019-12-18,22.8209
2019-12-19,22.8135
2019-12-20,22.8099
2019-12-23,23.0441
2019-12-24,23.0329
2019-12-26,23.0255
2019-12-27,22.9288
2019-12-30,22.8566
2019-12-31,22.9867
2020-01-02,23.1935
2020-01-03,23.1246
2020-01-06,23.3045
2020-01-07,23.2432
2020-01-08,22.8604
2020-01-09,23.0288
2020-01-10,22.8987
2020-01-13,22.9063
2020-01-14,22.9102
2020-01-15,22.7417
2020-01-16,22.7800
2020-01-17,22.6345
2020-01-21,22.2287
2020-01-22,22.0143
2020-01-23,21.9300
2020-01-24,21.6774
2020-01-27,21.0763
2020-01-28,21.1720
2020-01-29,20.9499
2020-01-30,21.1184
2020-01-31,20.4599
2020-02-03,20.1919
2020-02-04,20.2646
2020-02-05,21.0265
2020-02-06,20.8121
2020-02-07,20.6666
2020-02-10,20.5632
2020-02-11,20.7930
2020-02-12,21.0724
2020-02-13,21.0074
2020-02-14,20.8963
2020-02-18,20.7240
2020-02-19,20.9997
2020-02-20,20.9767
2020-02-21,20.7279
2020-02-24,19.7707
2020-02-25,18.8978
2020-02-26,18.3274
2020-02-27,17.3472
2020-02-28,17.3319
2020-03-02,18.0326
2020-03-03,17.4812
2020-03-04,17.8947
2020-03-05,17.2400
2020-03-06,16.2714
2020-03-09,12.9942
2020-03-10,13.6106
2020-03-11,12.8908
2020-03-12,11.2828
2020-03-13,12.3242
2020-03-16,10.6472
2020-03-17,10.7200
2020-03-18,9.1809
2020-03-19,9.8050
2020-03-20,9.9007
2020-03-23,9.2258
2020-03-24,10.7053
2020-03-25,11.2103
2020-03-26,11.8953
2020-03-27,11.0889
2020-03-30,11.2024
2020-03-31,11.3747
2020-04-01,10.8110
2020-04-02,11.8013
2020-04-03,11.6761
2020-04-06,12.2945
2020-04-07,12.5568
2020-04-08,13.3944
2020-04-09,13.2731
2020-04-13,13.2300
2020-04-14,13.1674
2020-04-15,12.5489
2020-04-16,12.0127
2020-04-17,13.2887
2020-04-20,12.8738
2020-04-21,12.6468
2020-04-22,13.0969
2020-04-23,13.5197
2020-04-24,13.5510
2020-04-27,13.8445
2020-04-28,14.1616
2020-04-29,15.2106
2020-04-30,14.8740
2020-05-01,14.0324
2020-05-04,14.5178
2020-05-05,14.5295
2020-05-06,14.1498
2020-05-07,14.5178
2020-05-08,15.1793
2020-05-11,14.9131
2020-05-12,14.6509
2020-05-13,13.9854
2020-05-14,14.1420
2020-05-15,14.0872
2020-05-18,15.2380
2020-05-19,14.8113
2020-05-20,15.4024
2020-05-21,15.1558
2020-05-22,15.0619
2020-05-26,15.4807
2020-05-27,15.6803
2020-05-28,15.2419
2020-05-29,15.1714
2020-06-01,15.4376
2020-06-02,15.8682
2020-06-03,16.3340
2020-06-04,16.3379
2020-06-05,17.5513
2020-06-08,18.3420
2020-06-09,17.6531
2020-06-10,16.7841
2020-06-11,15.2028
2020-06-12,15.5864
2020-06-15,15.6333
2020-06-16,16.0835
2020-06-17,15.5355
2020-06-18,15.7273
2020-06-19,15.4885
2020-06-22,15.5603
2020-06-23,15.5761
2020-06-24,14.7119
2020-06-25,14.9934
2020-06-26,14.4740
2020-06-29,14.6683
2020-06-30,15.0053
2020-07-01,14.6405
2020-07-02,14.8031
2020-07-06,14.8467
2020-07-07,14.3749
2020-07-08,14.3630
2020-07-09,13.6534
2020-07-10,14.0895
2020-07-13,14.0142
2020-07-14,14.5057
2020-07-15,14.8189
2020-07-16,14.7515
2020-07-17,14.5454
2020-07-20,14.3036
2020-07-21,15.1678
2020-07-22,14.9815
2020-07-23,14.9537
2020-07-24,14.8705
2020-07-27,14.8863
2020-07-28,14.6326
2020-07-29,14.9379
2020-07-30,14.3511
2020-07-31,14.2837
2020-08-03,14.3353
2020-08-04,14.6841
2020-08-05,14.8388
2020-08-06,14.7198
2020-08-07,14.7396
2020-08-10,15.1955
2020-08-11,15.1440
2020-08-12,15.2947
2020-08-13,14.9973
2020-08-14,15.1400
2020-08-17,15.0528
2020-08-18,14.8625
2020-08-19,14.6921
2020-08-20,14.3749
2020-08-21,14.2837
2020-08-24,14.6762
2020-08-25,14.4701
2020-08-26,14.1648
2020-08-27,14.1926
2020-08-28,14.4463
2020-08-31,14.1331
2020-09-01,14.0379
2020-09-02,13.9705
2020-09-03,13.8675
2020-09-04,13.8239
2020-09-08,13.3204
2020-09-09,13.4116
2020-09-10,12.9200
2020-09-11,12.9319
2020-09-14,13.0310
2020-09-15,12.9358
2020-09-16,13.4552
2020-09-17,13.4750
2020-09-18,13.3244
2020-09-21,12.8825
2020-09-22,12.7496
2020-09-23,12.1733
2020-09-24,12.1693
2020-09-25,12.1612
2020-09-28,12.4473
2020-09-29,12.1048
2020-09-30,12.0686
2020-10-01,11.6978
2020-10-02,11.8107
2020-10-05,12.1653
2020-10-06,11.9839
2020-10-07,12.1532
2020-10-08,12.6085
2020-10-09,12.4071
2020-10-12,12.4393
2020-10-13,12.2459
2020-10-14,12.2983
2020-10-15,12.4473
2020-10-16,12.1653
2020-10-19,11.9074
2020-10-20,12.0484
2020-10-21,11.8187
2020-10-22,12.3063
2020-10-23,12.2459
2020-10-26,11.8066
2020-10-27,11.6535
2020-10-28,11.1659
2020-10-29,11.5085
2020-10-30,11.5729
2020-11-02,11.9678
2020-11-03,11.8993
2020-11-04,11.9154
2020-11-05,11.9154
2020-11-06,11.6576
2020-11-09,13.3218
2020-11-10,13.7529
2020-11-11,13.6119
2020-11-12,13.1727
2020-11-13,13.6522
2020-11-16,14.5508
2020-11-17,14.6999
2020-11-18,14.2727
2020-11-19,14.5065
2020-11-20,14.4299
2020-11-23,15.4494
2020-11-24,16.2432
2020-11-25,15.8644
2020-11-27,15.6791
2020-11-30,14.8127
2020-12-01,14.8812
2020-12-02,15.3648
2020-12-03,15.5259
2020-12-04,16.3721
2020-12-07,15.9893
2020-12-08,16.2271
2020-12-09,16.2634
2020-12-10,16.7630
2020-12-11,16.5696
2020-12-14,15.9893
2020-12-15,16.3036
2020-12-16,16.2231
2020-12-17,16.1465
2020-12-18,15.8765
2020-12-21,15.5703
2020-12-22,15.3090
2020-12-23,15.6479
2020-12-24,15.5662
2020-12-28,15.4682
2020-12-29,15.3661
2020-12-30,15.6071
2020-12-31,15.4764
2021-01-04,15.5009
2021-01-05,16.1951
2021-01-06,16.6892
2021-01-07,16.9342
2021-01-08,16.9138
2021-01-11,17.1792
2021-01-12,17.7795
2021-01-13,17.6406
2021-01-14,18.1633
2021-01-15,17.4569
2021-01-19,17.8081
2021-01-20,17.8734
2021-01-21,17.2690
2021-01-22,17.1792
2021-01-25,17.0036
2021-01-26,16.6402
2021-01-27,16.4156
2021-01-28,16.6075
2021-01-29,16.0562
2021-02-01,16.1706
2021-02-02,16.3462
2021-02-03,17.0444
2021-02-04,17.2323
2021-02-05,17.3793
2021-02-08,18.1061
2021-02-09,17.9142
2021-02-10,18.2572
2021-02-11,17.9755
2021-02-12,18.2409
2021-02-16,18.6983
2021-02-17,18.9759
2021-02-18,18.5472
2021-02-19,18.8575
2021-02-22,19.5109
2021-02-23,19.8335
2021-02-24,20.5358
2021-02-25,20.1397
2021-02-26,19.6620
2021-03-01,20.1724
2021-03-02,20.0621
2021-03-03,20.3561
2021-03-04,20.8421
2021-03-05,21.6220
2021-03-08,21.6629
2021-03-09,21.2831
2021-03-10,21.8221
2021-03-11,21.8303
2021-03-12,21.8752
2021-03-15,21.6261
2021-03-16,21.0095
2021-03-17,21.1728
2021-03-18,20.2214
2021-03-19,20.2255
2021-03-22,20.0315
2021-03-23,19.7385
2021-03-24,20.2337
2021-03-25,20.3080
2021-03-26,20.8115
2021-03-29,20.5638
2021-03-30,20.3864
2021-03-31,20.2461
2021-04-01,20.7619
2021-04-05,20.2667
2021-04-06,20.2131
2021-04-07,20.2832
2021-04-08,20.0191
2021-04-09,19.8871
2021-04-12,19.7302
2021-04-13,19.7509
2021-04-14,20.2997
2021-04-15,20.1347
2021-04-16,19.9737
2021-04-19,19.9531
2021-04-20,19.4249
2021-04-21,19.6725
2021-04-22,19.4414
2021-04-23,19.6188
2021-04-26,19.7509
2021-04-27,19.9902
2021-04-28,20.6794
2021-04-29,20.9105
2021-04-30,20.3823
2021-05-03,20.9435
2021-05-04,20.9559
2021-05-05,21.6327
2021-05-06,21.7441
2021-05-07,22.1320
2021-05-10,22.1403
2021-05-11,21.5708
2021-05-12,21.6740
2021-05-13,21.4098
2021-05-14,22.0743
2021-05-17,22.5860
2021-05-18,22.0619
2021-05-19,21.5130
2021-05-20,21.4800
2021-05-21,21.5254
2021-05-24,21.7400
2021-05-25,21.2984
2021-05-26,21.4883
2021-05-27,21.5048
2021-05-28,21.5460
2021-06-01,22.3755
2021-06-02,22.7923
2021-06-03,22.8542
2021-06-04,23.0069
2021-06-07,22.9079
2021-06-08,23.1060
2021-06-09,22.9615
2021-06-10,22.9326
2021-06-11,22.8542
2021-06-14,22.7552
2021-06-15,23.1885
2021-06-16,23.0647
2021-06-17,22.2806
2021-06-18,21.6203
2021-06-21,22.5418
2021-06-22,22.6919
2021-06-23,22.7544
2021-06-24,22.9503
2021-06-25,23.0712
2021-06-28,22.2916
2021-06-29,22.1832
2021-06-30,22.4584
2021-07-01,22.8503
2021-07-02,22.8003
2021-07-06,22.0582
2021-07-07,21.6996
2021-07-08,21.5746
2021-07-09,22.0332
2021-07-12,21.9998
2021-07-13,21.8331
2021-07-14,21.1827
2021-07-15,20.8867
2021-07-16,20.2947
2021-07-19,19.5776
2021-07-20,19.8403
2021-07-21,20.5323
2021-07-22,20.3030
2021-07-23,20.2280
2021-07-26,20.7283
2021-07-27,20.5365
2021-07-28,20.7241
2021-07-29,20.9242
2021-07-30,20.5907
2021-08-02,20.4364
2021-08-03,20.7866
2021-08-04,20.2238
2021-08-05,20.4531
2021-08-06,20.6407
2021-08-09,20.3489
2021-08-10,20.7074
2021-08-11,20.8700
2021-08-12,20.8492
2021-08-13,20.6032
2021-08-16,20.2238
2021-08-17,20.0154
2021-08-18,19.5985
2021-08-19,19.0899
2021-08-20,19.1315
2021-08-23,19.8486
2021-08-24,20.1780
2021-08-25,20.3322
2021-08-26,20.0237
2021-08-27,20.5573
2021-08-30,20.3155
2021-08-31,20.1780
2021-09-01,19.8820
2021-09-02,20.3864
2021-09-03,20.2697
2021-09-07,20.1488
2021-09-08,19.8903
2021-09-09,19.9320
2021-09-10,19.9237
2021-09-13,20.4948
2021-09-14,20.1988
2021-09-15,20.9534
2021-09-16,20.7158
2021-09-17,20.5615
2021-09-20,19.9336
2021-09-21,19.9800
2021-09-22,20.5961
2021-09-23,21.3176
2021-09-24,21.4780
2021-09-27,22.2417
2021-09-28,22.3177
2021-09-29,22.3177
2021-09-30,21.9801
2021-10-01,22.7185
2021-10-04,23.0899
2021-10-05,23.2249
2021-10-06,22.9802
2021-10-07,23.1574
2021-10-08,23.8705
2021-10-11,23.7819
2021-10-12,23.8030
2021-10-13,23.7819
2021-10-14,24.0730
2021-10-15,24.1912
2021-10-18,24.2081
2021-10-19,24.4824
2021-10-20,24.6807
2021-10-21,24.2250
2021-10-22,24.4528
2021-10-25,24.8115
2021-10-26,24.9550
2021-10-27,24.2376
2021-10-28,24.4106
2021-10-29,24.2503
2021-11-01,24.6680
2021-11-02,24.4359
2021-11-03,24.2334
2021-11-04,24.2672
2021-11-05,24.5836
2021-11-08,24.8073
2021-11-09,24.9085
2021-11-10,24.2503
2021-11-11,24.3431
2021-11-12,24.2840
2021-11-15,24.4866
2021-11-16,24.5246
2021-11-17,24.1490
2021-11-18,24.0055
2021-11-19,23.0688
2021-11-22,23.4781
2021-11-23,24.1996
2021-11-24,24.4359
2021-11-26,23.4528
2021-11-29,23.5878
2021-11-30,23.0350
2021-12-01,22.7903
2021-12-02,23.4528
2021-12-03,23.2671
2021-12-06,23.6131
2021-12-07,24.1659
2021-12-08,24.1617
2021-12-09,23.9760
2021-12-10,24.1532
2021-12-13,23.4823
2021-12-14,23.3852
2021-12-15,23.2713
2021-12-16,23.4190
2021-12-17,22.9422
2021-12-20,22.6580
2021-12-21,23.3034
2021-12-22,23.4530
2021-12-23,23.4658
2021-12-27,23.9787
2021-12-28,23.9616
2021-12-29,23.8077
2021-12-30,23.6624
2021-12-31,23.7223
2022-01-03,24.4574
2022-01-04,25.3037
2022-01-05,25.2995
2022-01-06,25.8637
2022-01-07,26.2184
2022-01-10,26.1372
2022-01-11,27.0263
2022-01-12,27.0776
2022-01-13,26.9408
2022-01-14,27.5734
2022-01-18,27.6845
2022-01-19,27.4836
2022-01-20,27.2314
2022-01-21,26.6929
2022-01-24,26.8724
2022-01-25,27.9153
2022-01-26,27.8683
2022-01-27,28.1718
2022-01-28,28.0521
2022-01-31,28.1760
2022-02-01,29.1805
2022-02-02,29.2745
2022-02-03,28.9967
2022-02-04,29.4498
2022-02-07,29.8259
2022-02-08,29.1848
2022-02-09,29.4284
2022-02-10,29.2446
2022-02-11,30.0952
2022-02-14,29.3857
2022-02-15,29.0779
2022-02-16,29.3130
2022-02-17,29.2660
2022-02-18,29.0865
2022-02-22,28.6163
2022-02-23,28.9112
2022-02-24,28.6847
2022-02-25,29.4412
2022-02-28,30.1679
2022-03-01,30.4713
2022-03-02,31.1680
2022-03-03,31.2535
2022-03-04,32.1554
2022-03-07,32.6298
2022-03-08,33.1428
2022-03-09,32.1298
2022-03-10,33.1128
2022-03-11,32.8478
2022-03-14,31.8648
2022-03-15,30.6979
2022-03-16,30.5568
2022-03-17,31.6083
2022-03-18,31.5784
2022-03-21,32.8513
2022-03-22,32.6097
2022-03-23,33.1707
2022-03-24,33.2526
2022-03-25,33.9819
2022-03-28,33.1404
2022-03-29,33.0541
2022-03-30,33.4382
2022-03-31,32.9851
2022-04-01,33.2526
2022-04-04,33.2958
2022-04-05,32.7737
2022-04-06,32.9678
2022-04-07,33.3994
2022-04-08,34.3185
2022-04-11,33.2872
2022-04-12,33.8395
2022-04-13,34.3444
2022-04-14,34.4566
2022-04-18,34.9614
2022-04-19,34.6766
2022-04-20,34.8104
2022-04-21,33.7057
2022-04-22,32.8815
2022-04-25,31.7941
2022-04-26,31.8373
2022-04-27,32.3033
2022-04-28,33.2828
2022-04-29,32.4284
2022-05-02,32.9463
2022-05-03,33.8697
2022-05-04,35.2765
2022-05-05,34.7457
2022-05-06,35.7813
2022-05-09,32.8211
2022-05-10,33.1189
2022-05-11,33.5633
2022-05-12,33.7057
2022-05-13,34.8579
2022-05-16,35.7770
2022-05-17,36.1913
2022-05-18,35.2635
2022-05-19,35.1341
2022-05-20,35.2851
2022-05-23,36.2172
2022-05-24,36.3552
2022-05-25,37.1061
2022-05-26,37.5160
2022-05-27,38.2021
2022-05-31,37.6282
2022-06-01,38.2410
2022-06-02,38.1201
2022-06-03,38.6250
2022-06-06,38.5819
2022-06-07,39.7340
2022-06-08,39.8203
2022-06-09,38.9400
2022-06-10,38.2798
2022-06-13,36.2819
2022-06-14,36.3509
2022-06-15,35.5483
2022-06-16,33.5461
2022-06-17,31.7121
2022-06-21,33.3406
2022-06-22,32.0059
2022-06-23,30.8196
2022-06-24,31.2252
2022-06-27,32.1411
2022-06-28,33.0091
2022-06-29,31.8620
2022-06-30,31.1903
2022-07-01,31.6570
2022-07-05,30.4008
2022-07-06,29.8818
2022-07-07,30.9591
2022-07-08,30.9460
2022-07-11,30.6495
2022-07-12,30.0519
2022-07-13,30.0039
2022-07-14,29.4369
2022-07-15,29.9167
2022-07-18,30.6015
2022-07-19,31.5436
2022-07-20,31.8489
2022-07-21,31.2906
2022-07-22,31.0333
2022-07-25,32.1717
2022-07-26,31.8794
2022-07-27,32.5991
2022-07-28,32.7823
2022-07-29,34.2042
2022-08-01,33.4976
2022-08-02,33.4191
2022-08-03,32.4595
2022-08-04,31.2557
2022-08-05,31.8751
2022-08-08,32.0408
2022-08-09,32.6035
2022-08-10,32.8390
2022-08-11,33.9687
2022-08-12,34.2260
2022-08-15,33.5587
2022-08-16,33.4802
2022-08-17,33.7593
2022-08-18,34.6666
2022-08-19,34.6578
2022-08-22,34.5924
2022-08-23,35.8398
2022-08-24,36.2804
2022-08-25,36.5595
2022-08-26,36.1321
2022-08-29,36.6773
2022-08-30,35.4342
2022-08-31,35.1114
2022-09-01,34.2478
2022-09-02,34.8759
2022-09-06,34.5531
2022-09-07,34.1519
2022-09-08,34.3002
2022-09-09,35.1551
2022-09-12,35.8006
2022-09-13,34.8977
2022-09-14,35.8835
2022-09-15,34.9588
2022-09-16,34.2129
2022-09-19,34.2333
2022-09-20,33.9952
2022-09-21,33.4970
2022-09-22,33.3779
2022-09-23,31.0763
2022-09-26,30.3135
2022-09-27,30.6530
2022-09-28,32.0111
2022-09-29,32.0111
2022-09-30,31.7553
2022-10-03,33.5499
2022-10-04,34.9917
2022-10-05,35.7148
2022-10-06,36.3498
2022-10-07,36.0676
2022-10-10,35.3268
2022-10-11,35.0446
2022-10-12,35.3268
2022-10-13,36.7686
2022-10-14,35.3974
2022-10-17,35.8383
2022-10-18,36.1513
2022-10-19,37.2184
2022-10-20,37.2537
2022-10-21,38.3295
2022-10-24,38.5103
2022-10-25,38.5500
2022-10-26,39.0747
2022-10-27,39.2158
2022-10-28,39.3525
2022-10-31,39.6831
2022-11-01,40.0667
2022-11-02,39.1011
2022-11-03,39.8242
2022-11-04,40.3093
2022-11-07,41.0015
2022-11-08,41.0412
2022-11-09,39.0350
2022-11-10,39.9036
2022-11-11,41.0632
2022-11-14,41.0500
2022-11-15,41.4821
2022-11-16,40.6355
2022-11-17,40.7237
2022-11-18,40.4019
2022-11-21,39.8551
2022-11-22,41.1029
2022-11-23,40.6576
2022-11-25,40.5077
2022-11-28,39.3965
2022-11-29,39.9918
2022-11-30,40.1902
2022-12-01,40.0579
2022-12-02,39.8198
2022-12-05,38.6382
2022-12-06,37.6196
2022-12-07,37.5314
2022-12-08,37.3639
2022-12-09,36.4556
2022-12-12,37.4124
2022-12-13,38.1223
2022-12-14,37.8886
2022-12-15,37.6593
2022-12-16,37.1963
2022-12-19,37.1917
2022-12-20,37.7530
2022-12-21,38.4702
2022-12-22,37.5837
2022-12-23,38.7820
2022-12-27,39.1963
2022-12-28,38.3187
2022-12-29,38.7196
2022-12-30,38.9647
2023-01-03,37.5971
2023-01-04,37.5926
2023-01-05,38.2786
2023-01-06,39.0047
2023-01-09,38.8667
2023-01-10,39.1428
2023-01-11,39.2631
2023-01-12,40.0115
2023-01-13,40.0694
2023-01-17,40.1540
2023-01-18,39.4190
2023-01-19,39.9090
2023-01-20,40.3055
2023-01-23,40.3590
2023-01-24,40.2030
2023-01-25,40.2075
2023-01-26,41.4771
2023-01-27,40.6396
2023-01-30,39.7086
2023-01-31,40.0605
2023-02-01,39.2720
2023-02-02,38.3766
2023-02-03,38.2920
2023-02-06,38.1183
2023-02-07,39.3567
2023-02-08,39.0047
2023-02-09,38.6706
2023-02-10,40.1852
2023-02-13,40.0828
2023-02-14,40.0961
2023-02-15,39.4146
2023-02-16,39.0270
2023-02-17,37.6372
2023-02-21,37.4501
2023-02-22,37.2006
2023-02-23,37.7619
2023-02-24,37.7129
2023-02-27,37.8243
2023-02-28,37.2808
2023-03-01,38.0158
2023-03-02,38.3499
2023-03-03,38.8711
2023-03-06,38.8889
2023-03-07,38.2118
2023-03-08,37.8198
2023-03-09,37.2853
2023-03-10,36.8086
2023-03-13,36.0602
2023-03-14,36.4166
2023-03-15,34.4610
2023-03-16,34.8352
2023-03-17,34.2873
2023-03-20,34.9739
2023-03-21,36.1847
2023-03-22,35.4150
2023-03-23,34.9244
2023-03-24,35.0594
2023-03-27,35.8066
2023-03-28,36.3602
2023-03-29,36.8643
2023-03-30,37.0264
2023-03-31,37.2830
2023-04-03,38.9709
2023-04-04,38.2642
2023-04-05,38.8403
2023-04-06,38.2507
2023-04-10,38.5568
2023-04-11,38.9214
2023-04-12,38.9484
2023-04-13,39.1914
2023-04-14,39.2635
2023-04-17,38.7998
2023-04-18,38.9529
2023-04-19,38.8178
2023-04-20,38.4758
2023-04-21,38.2507
2023-04-24,38.8358
2023-04-25,38.1067
2023-04-26,37.5980
2023-04-27,37.7331
2023-04-28,38.3182
2023-05-01,37.8861
2023-05-02,36.2387
2023-05-03,35.5545
2023-05-04,35.1584
2023-05-05,36.1127
2023-05-08,36.1127
2023-05-09,36.1262
2023-05-10,35.7166
2023-05-11,35.2889
2023-05-12,35.3430
2023-05-15,35.5230
2023-05-16,34.6498
2023-05-17,35.3160
2023-05-18,35.5725
2023-05-19,35.8471
2023-05-22,35.6986
2023-05-23,36.0811
2023-05-24,36.2387
2023-05-25,35.5950
2023-05-26,35.4555
2023-05-30,35.0909
2023-05-31,34.4742
2023-06-01,34.9019
2023-06-02,35.9641
2023-06-05,35.7256
2023-06-06,36.0136
2023-06-07,36.9679
2023-06-08,36.8103
2023-06-09,36.6078
2023-06-12,36.2567
2023-06-13,36.4277
2023-06-14,36.0541
2023-06-15,36.4502
2023-06-16,36.3962
2023-06-20,35.5915
2023-06-21,35.8731
2023-06-22,35.3917
2023-06-23,35.1373
2023-06-26,35.7687
2023-06-27,35.8504
2023-06-28,36.2138
2023-06-29,36.6317
2023-06-30,36.8679
2023-07-03,36.9542
2023-07-05,36.7498
2023-07-06,35.9231
2023-07-07,36.6953
2023-07-10,36.9814
2023-07-11,37.7944
2023-07-12,38.1442
2023-07-13,37.9988
2023-07-14,36.9950
2023-07-17,36.9224
2023-07-18,37.2948
2023-07-19,37.5128
2023-07-20,37.9534
2023-07-21,38.2895
2023-07-24,38.9072
2023-07-25,39.1116
2023-07-26,39.1253
2023-07-27,38.8754
2023-07-28,38.9935
2023-07-31,39.7339
2023-08-01,39.5477
2023-08-02,39.0299
2023-08-03,39.4250
2023-08-04,39.4795
2023-08-07,39.5250
2023-08-08,39.7203
2023-08-09,40.2199
2023-08-10,40.2154
2023-08-11,40.8331
2023-08-14,40.6605
2023-08-15,39.8157
2023-08-16,39.4705
2023-08-17,39.9428
2023-08-18,40.3380
2023-08-21,40.0836
2023-08-22,39.7748
2023-08-23,39.6748
2023-08-24,39.4023
2023-08-25,39.7839
2023-08-28,40.0518
2023-08-29,40.1608
2023-08-30,40.3607
2023-08-31,40.3880
2023-09-01,41.2146
2023-09-05,41.4326
2023-09-06,41.4508
2023-09-07,41.4099
2023-09-08,41.8096
2023-09-11,41.2600
2023-09-12,42.2320
2023-09-13,41.9141
2023-09-14,42.4046
2023-09-15,41.7914
2023-09-18,42.1454
2023-09-19,41.7519
2023-09-20,41.3630
2023-09-21,40.7956
2023-09-22,40.8643
2023-09-25,41.3767
2023-09-26,41.1388
2023-09-27,42.1637
2023-09-28,42.2095
2023-09-29,41.3584
2023-10-02,40.5348
2023-10-03,40.5074
2023-10-04,39.2354
2023-10-05,38.9929
2023-10-06,39.2262
2023-10-09,40.5348
2023-10-10,40.5851
2023-10-11,40.0635
2023-10-12,40.1093
2023-10-13,40.9924
2023-10-16,41.2669
2023-10-17,41.6970
2023-10-18,42.0768
2023-10-19,42.0036
2023-10-20,41.2989
2023-10-23,40.6309
2023-10-24,40.0590
2023-10-25,39.9857
2023-10-26,39.6746
2023-10-27,38.7229
2023-10-30,38.8510
2023-10-31,38.9791
2023-11-01,38.8876
2023-11-02,40.0635
2023-11-03,39.6609
2023-11-06,39.2125
2023-11-07,38.3431
2023-11-08,37.8627
2023-11-09,37.7483
2023-11-10,38.1647
2023-11-13,38.4392
2023-11-14,38.7824
2023-11-15,38.7092
2023-11-16,37.9542
2023-11-17,38.7504
2023-11-20,38.8053
2023-11-21,38.7183
2023-11-22,38.7000
2023-11-24,38.8602
2023-11-27,38.7229
2023-11-28,38.7320
2023-11-29,38.4438
2023-11-30,38.7000
2023-12-01,38.9013
2023-12-04,38.7229
2023-12-05,38.0457
2023-12-06,37.4783
2023-12-07,37.2221
2023-12-08,37.6248
2023-12-11,37.6705
2023-12-12,37.1535
2023-12-13,37.6705
2023-12-14,38.7778
2023-12-15,38.5719
2023-12-18,38.8870
2023-12-19,39.3536
2023-12-20,38.9886
2023-12-21,39.1411
2023-12-22,39.2566
2023-12-26,39.5938
2023-12-27,39.4183
2023-12-28,38.8177
2023-12-29,38.7300
2024-01-02,39.1457
2024-01-03,39.7832
2024-01-04,39.0857
2024-01-05,39.1180
2024-01-08,38.6653
2024-01-09,38.0463
2024-01-10,37.6721
2024-01-11,37.7691
2024-01-12,38.1941
2024-01-16,37.2840
2024-01-17,36.9745
2024-01-18,36.9145
2024-01-19,37.0346
2024-01-22,37.1732
2024-01-23,37.2517
2024-01-24,37.7830
2024-01-25,38.6329
2024-01-26,38.9194
2024-01-29,38.8639
2024-01-30,39.2658
2024-01-31,38.5313
2024-02-01,38.5267
2024-02-02,38.5821
2024-02-05,38.4851
2024-02-06,38.6098
2024-02-07,38.6884
2024-02-08,39.0857
2024-02-09,38.4851
2024-02-12,38.9101
2024-02-13,38.5175
2024-02-14,38.4805
2024-02-15,39.5522
2024-02-16,39.5291
2024-02-20,39.1688
2024-02-21,39.9033
2024-02-22,39.9726
2024-02-23,39.7093
2024-02-26,39.8479
2024-02-27,39.6770
2024-02-28,39.5984
2024-02-29,39.7924
2024-03-01,40.2544
2024-03-04,39.8248
2024-03-05,40.1204
2024-03-06,40.2452
2024-03-07,40.5870
2024-03-08,40.7302
2024-03-11,41.1506
2024-03-12,41.0859
2024-03-13,41.7419
2024-03-14,42.1715
2024-03-15,42.2962
2024-03-18,42.4424
2024-03-19,42.9267
2024-03-20,42.8662
2024-03-21,43.1223
2024-03-22,43.0292
2024-03-25,43.4297
2024-03-26,43.0944
2024-03-27,43.4949
2024-03-28,43.9652
2024-04-01,44.2912
2024-04-02,44.9105
2024-04-03,45.2179
2024-04-04,45.1899
2024-04-05,45.6743
2024-04-08,45.3855
2024-04-09,45.3995
2024-04-10,45.5392
2024-04-11,45.5066
2024-04-12,44.7662
2024-04-15,44.3471
2024-04-16,43.9605
2024-04-17,43.8348
2024-04-18,43.6998
2024-04-19,44.2260
2024-04-22,44.5147
2024-04-23,44.7615
2024-04-24,44.7941
2024-04-25,44.9990
2024-04-26,44.5846
2024-04-29,44.8873
2024-04-30,43.5507
2024-05-01,42.8569
2024-05-02,43.1037
2024-05-03,43.1083
2024-05-06,43.4483
2024-05-07,43.4064
2024-05-08,43.3552
2024-05-09,43.9373
2024-05-10,43.6951
2024-05-13,43.5787
2024-05-14,43.6346
2024-05-15,43.7324
2024-05-16,43.6113
2024-05-17,44.2213
2024-05-20,43.9326
2024-05-21,43.7184
2024-05-22,42.8802
2024-05-23,42.4890
2024-05-24,42.5495
2024-05-28,42.9873
2024-05-29,42.2282
2024-05-30,42.3493
2024-05-31,43.4017
2024-06-03,42.2655
2024-06-04,41.8603
2024-06-05,41.8557
2024-06-06,42.0745
2024-06-07,41.9069
2024-06-10,42.2235
2024-06-11,42.1397
2024-06-12,41.6880
2024-06-13,41.3061
2024-06-14,40.9988
2024-06-17,41.1059
2024-06-18,41.2782
2024-06-20,42.0373
2024-06-21,41.7951
2024-06-24,42.8489
2024-06-25,42.9475
2024-06-26,42.5250
2024-06-27,42.6236
2024-06-28,42.7879
2024-07-01,42.8113
2024-07-02,42.7785
2024-07-03,42.9662
2024-07-05,42.2950
2024-07-08,42.0368
2024-07-09,41.6659
2024-07-10,41.9476
2024-07-11,42.3842
2024-07-12,42.4921
2024-07-15,43.1352
2024-07-16,43.3277
2024-07-17,43.7596
2024-07-18,43.8394
2024-07-19,43.3606
2024-07-22,43.0883
2024-07-23,42.4029
2024-07-24,42.4076
2024-07-25,43.1399
2024-07-26,43.2761
2024-07-29,42.9052
2024-07-30,43.5718
2024-07-31,43.7549
2024-08-01,42.5954
2024-08-02,41.4970
2024-08-05,40.5816
2024-08-06,40.8304
2024-08-07,40.9947
2024-08-08,41.8772
2024-08-09,41.9711
2024-08-12,42.1776
2024-08-13,41.7692
2024-08-14,42.0133
2024-08-15,42.5156
2024-08-16,42.4687
2024-08-19,42.7550
2024-08-20,41.6284
2024-08-21,41.6988
2024-08-22,41.8068
2024-08-23,42.4311
2024-08-26,42.8113
2024-08-27,42.4123
2024-08-28,42.1401
2024-08-29,42.6893
2024-08-30,42.8489
2024-09-03,41.7833
2024-09-04,41.2059
2024-09-05,40.8867
2024-09-06,40.3750
2024-09-09,40.6661
2024-09-10,39.9666
2024-09-11,39.5958
2024-09-12,39.9526
2024-09-13,40.1779
2024-09-16,40.6379
2024-09-17,41.1871
2024-09-18,41.2669
2024-09-19,41.7598
2024-09-20,41.6659
2024-09-23,42.1807
2024-09-24,42.0765
2024-09-25,41.2530
2024-09-26,40.4436
2024-09-27,41.2672
2024-09-30,41.5559
2024-10-01,42.5025
2024-10-02,42.9379
2024-10-03,43.6952
2024-10-04,44.1023
2024-10-07,44.2585
2024-10-08,43.1036
2024-10-09,43.3639
2024-10-10,43.6574
2024-10-11,43.9271
2024-10-14,43.9082
2024-10-15,42.4930
2024-10-16,42.6966
2024-10-17,42.9001
2024-10-18,42.7581
2024-10-21,42.6303
2024-10-22,42.7297
2024-10-23,42.5072
2024-10-24,42.5025
2024-10-25,42.4883
2024-10-28,42.2185
2024-10-29,41.5748
2024-10-30,41.6695
2024-10-31,41.9298
2024-11-01,41.6648
2024-11-04,42.3936
2024-11-05,42.6776
2024-11-06,44.2821
2024-11-07,44.0786
2024-11-08,44.3720
2024-11-11,44.6229
2024-11-12,44.3862
2024-11-13,44.7318
2024-11-14,44.9021
2024-11-15,44.8359
2024-11-18,45.4322
2024-11-19,45.1435
2024-11-20,45.5979
2024-11-21,45.9671
2024-11-22,46.0381
2024-11-25,45.1293
2024-11-26,45.0678
2024-11-27,45.0205
2024-11-29,45.2145
2024-12-02,44.7365
2024-12-03,44.7318
2024-12-04,43.6526
2024-12-05,43.8230
2024-12-06,43.0799
2024-12-09,43.0089
2024-12-10,42.7155
2024-12-11,42.7865
2024-12-12,42.4410
2024-12-13,42.2280
2024-12-16,41.3003
2024-12-17,40.9927
2024-12-18,39.7810
2024-12-19,39.4355
2024-12-20,39.8236
2024-12-23,40.0575
2024-12-24,40.3963
2024-12-26,40.3629
2024-12-27,40.3582
2024-12-30,40.3534
2024-12-31,40.8832
2025-01-02,41.3604
2025-01-03,41.7470
2025-01-06,41.5561
2025-01-07,41.9713
2025-01-08,42.0143
2025-01-10,42.1861
2025-01-13,43.0738
2025-01-14,43.5368
2025-01-15,44.1811
2025-01-16,44.5009
2025-01-17,44.8445
2025-01-21,44.6154
2025-01-22,43.8041
2025-01-23,44.0045
2025-01-24,43.5797
2025-01-27,43.1263
2025-01-28,42.7159
2025-01-29,42.8113
2025-01-30,43.0309
2025-01-31,41.8282
2025-02-03,42.0907
2025-02-04,42.9736
2025-02-05,43.0643
2025-02-06,42.2720
2025-02-07,42.2672
2025-02-10,43.1979
2025-02-11,43.5463
2025-02-12,42.4963
2025-02-13,42.8161
2025-02-14,42.9879
2025-02-18,43.5750
2025-02-19,43.9186
2025-02-20,44.3195
2025-02-21,43.3984
2025-02-24,43.4079
2025-02-25,42.7827
2025-02-26,42.5393
2025-02-27,42.7684
2025-02-28,43.4318
2025-03-03,41.9141
2025-03-04,41.5084
2025-03-05,40.9022
2025-03-06,41.0263
2025-03-07,41.7279
2025-03-10,42.0382
2025-03-11,41.7041
2025-03-12,41.8950
2025-03-13,41.6086
2025-03-14,42.8400
2025-03-17,43.5225
2025-03-18,43.5941
2025-03-19,44.3052
2025-03-20,44.4675
2025-03-21,44.1572
2025-03-24,44.6605
2025-03-25,44.8433
2025-03-26,45.1078
2025-03-27,44.6701
2025-03-28,44.4585
2025-03-31,44.9491
2025-04-01,45.2137
2025-04-02,45.2762
2025-04-03,41.7216
2025-04-04,37.8833
2025-04-07,37.6380
2025-04-08,36.7674
2025-04-09,39.6149
2025-04-10,37.0271
2025-04-11,37.9458
2025-04-14,38.0805
2025-04-15,38.0228
2025-04-16,38.3354
2025-04-17,39.2012
2025-04-21,38.1767
2025-04-22,39.1483
2025-04-23,39.0761
2025-04-24,39.7014
2025-04-25,39.6293
2025-04-28,39.9083
2025-04-29,39.7928
2025-04-30,38.7202
2025-05-01,38.8645
2025-05-02,39.4321
2025-05-05,38.7202
2025-05-06,38.7298
2025-05-07,38.7443
2025-05-08,39.2541
2025-05-09,39.6485
2025-05-12,40.6827
2025-05-13,41.2551
2025-05-14,41.0049
2025-05-15,41.1781
2025-05-16,41.1156
2025-05-19,40.5817
2025-05-20,40.2065
2025-05-21,39.4658
2025-05-22,39.3118
2025-05-23,39.4369
2025-05-27,39.7784
2025-05-28,39.2734
2025-05-29,39.5668
2025-05-30,39.2156
2025-06-02,39.7303
2025-06-03,40.2017
2025-06-04,39.4177
2025-06-05,39.3792
2025-06-06,40.1199
2025-06-09,40.1969
2025-06-10,40.9136
2025-06-11,41.5052
2025-06-12,41.6495
2025-06-13,42.3758
2025-06-16,42.2507
2025-06-17,42.6451
2025-06-18,42.3662
2025-06-20,42.7991
2025-06-23,41.7169
2025-06-24,41.1738
2025-06-25,40.9944
2025-06-26,41.5811
2025-06-27,41.3629
2025-06-30,41.1253
2025-07-01,41.4405
2025-07-02,42.1533
2025-07-03,42.2018
2025-07-07,41.7945
2025-07-08,42.9194
2025-07-09,42.7012
2025-07-10,43.0261
2025-07-11,43.2201
2025-07-14,42.7449
2025-07-15,42.1290
2025-07-16,41.7654
2025-07-17,42.0224
2025-07-18,41.6829
2025-07-21,41.2514
2025-07-22,41.4453
2025-07-23,42.0951
2025-07-24,42.3957
2025-07-25,42.2357
2025-07-28,42.7158
2025-07-29,43.1328
2025-07-30,42.5170
2025-07-31,42.2891
2025-08-01,41.5035
2025-08-04,41.4114
2025-08-05,41.4647
2025-08-06,41.0816
2025-08-07,40.9216
2025-08-08,41.1835
2025-08-11,40.8537
2025-08-12,41.0525
2025-08-13,41.5278
2025-08-14,41.4890
2025-08-15,41.4890
2025-08-18,41.2417
2025-08-19,41.2562
2025-08-20,41.6005
2025-08-21,41.8866
2025-08-22,42.7400
2025-08-25,42.8516
2025-08-26,42.7837
2025-08-27,43.2637
2025-08-28,43.5935
2025-08-29,43.8311
2025-09-02,43.8941
2025-09-03,42.9097
2025-09-04,43.1958
2025-09-05,42.3618
2025-09-08,42.2648
2025-09-09,42.4685
2025-09-10,43.2104
2025-09-11,43.2201
2025-09-12,42.9631
2025-09-15,42.8176
2025-09-16,43.5353
2025-09-17,43.6371
2025-09-18,43.5013
2025-09-19,42.9243
2025-09-22,42.8748
2025-09-23,43.6132
2025-09-24,44.1805
2025-09-25,44.5767
2025-09-26,44.9875
2025-09-29,44.1610
2025-09-30,43.6915
2025-10-01,43.6915
2025-10-02,43.2513
2025-10-03,43.4812
2025-10-06,43.6964
2025-10-07,43.7648
2025-10-08,43.5105
2025-10-09,42.9188
2025-10-10,41.6766
2025-10-13,42.2439
2025-10-14,42.2390
2025-10-15,42.2146
2025-10-16,41.7060
2025-10-17,42.0483
2025-10-20,42.4933
2025-10-21,42.3955
2025-10-22,42.9384
2025-10-23,43.5105
2025-10-24,43.0704
2025-10-27,43.1731
2025-10-28,42.7232
2025-10-29,43.0411
2025-10-30,42.7867
2025-10-31,43.0997
2025-11-03,43.1046
2025-11-04,42.6400
2025-11-05,42.7525
2025-11-06,43.1682
2025-11-07,43.7893
2025-11-10,44.1854
2025-11-11,44.7625
2025-11-12,44.1365
2025-11-13,44.2490
2025-11-14,45.0021
2025-11-17,44.1805
2025-11-18,44.5326
2025-11-19,43.9556
2025-11-20,43.4567
2025-11-21,43.7306
2025-11-24,43.6083
2025-11-25,43.3345
2025-11-26,43.6621
2025-11-28,44.2343
2025-12-01,44.6598
2025-12-02,44.0827
2025-12-03,44.9092
2025-12-04,45.0999
2025-12-05,44.9141
2025-12-08,44.4251
2025-12-09,44.6989
2025-12-10,45.1684
2025-12-11,44.9532
2025-12-12,44.5131
2025-12-15,44.2001
2025-12-16,42.8503
2025-12-17,43.7991
2025-12-18,43.1633
2025-12-19,43.1633
2025-12-22,43.6102
2025-12-23,43.8962
2025-12-24,43.7680
2025-12-26,43.6003
2025-12-29,44.0146
2025-12-30,44.3500
2025-12-31,44.1034
2026-01-02,45.0306
2026-01-05,46.2538
2026-01-06,45.0208
2026-01-07,44.5177
2026-01-08,45.9184
2026-01-09,46.0368
2026-01-12,45.7113
2026-01-13,46.3623
2026-01-14,47.4079
2026-01-15,46.9640
2026-01-16,47.0430
2026-01-20,46.9542
2026-01-21,48.0886
2026-01-22,48.2464
2026-01-23,48.5226
2026-01-26,48.5522
2026-01-27,48.9961
2026-01-28,49.3709
2026-01-29,49.8247
2026-01-30,50.3574
2026-02-02,49.3709
2026-02-03,50.9690
2026-02-04,52.1132
2026-02-05,51.5016
2026-02-06,52.5275
2026-02-09,52.9122
2026-02-10,52.8530
2026-02-11,54.2341
2026-02-12,53.2476
2026-02-13,53.6126
2026-02-17,53.0207
2026-02-18,54.0368
2026-02-19,54.4313
2026-02-20,54.1354
2026-02-23,54.4017
2026-02-24,54.3524
2026-02-25,54.1255
2026-02-26,54.3031
2026-02-27,55.1613
2026-03-02,56.2661
2026-03-03,55.7532
2026-03-04,55.4276
2026-03-05,55.7137
2026-03-06,55.8025
2026-03-09,55.5559
2026-03-10,54.8456
2026-03-11,56.2069
2026-03-12,56.7297
2026-03-13,56.9171
2026-03-16,57.1144
2026-03-17,57.7162
2026-03-18,57.6372
2026-03-19,58.5546
2026-03-20,58.5053
2026-03-23,59.2055
2026-03-24,60.4068
2026-03-25,60.1388
2026-03-26,61.0820
2026-03-27,62.1146
2026-03-30,61.5189
2026-03-31,60.8239
2026-04-01,58.5502
2026-04-02,58.8282
2026-04-06,59.2551
2026-04-07,59.7317
2026-04-08,57.6367
2026-04-09,56.9218
2026-04-10,56.5346
2026-04-13,56.7034
2026-04-14,55.5517
2026-04-15,55.3630
2026-04-16,56.1772
2026-04-17,54.6283
2026-04-20,54.6779
2026-04-21,55.4722
2026-04-22,56.1375
2026-04-23,56.5743
2026-04-24,56.4651
2026-04-27,56.3658
2026-04-28,57.2991
2026-04-29,58.6097
2026-04-30,59.2253
2026-05-01,58.4310
2026-05-04,58.9672
2026-05-05,59.0267
2026-05-06,56.5942
2026-05-07,55.5517
2026-05-08,55.3034
2026-05-11,56.7630
2026-05-12,57.1601
2026-05-13,57.2197
2026-05-14,57.6566
2026-05-15,59.0168
2026-05-18,60.1487
2026-05-19,60.8536
2026-05-20,59.3743
2026-05-21,58.7090
2026-05-22,59.0665
2026-05-26,57.4381
2026-05-27,56.5843
2026-05-28,56.5445
2026-05-29,55.8892
2026-06-01,56.8921
2026-06-02,57.5474
2026-06-03,58.2920
2026-06-04,58.3317
2026-06-05,57.2594
2026-06-08,57.9147
2026-06-09,56.9814
2026-06-10,57.8353
2026-06-11,56.7133
2026-06-12,57.1403
2026-06-15,55.1545
2026-06-16,54.9659
2026-06-17,54.2808
2026-06-18,53.3872
2026-06-22,54.0600
2026-06-23,54.4600
2026-06-24,53.5700
2026-06-25,54.0900
2026-06-26,53.8400
2026-06-29,53.5800
2026-06-30,53.1100
2026-07-01,52.8100
2026-07-02,53.2200
