date,XLF.US
2017-01-03,19.7206
2017-01-04,19.8799
2017-01-05,19.6786
2017-01-06,19.7457
2017-01-09,19.6115
2017-01-10,19.6534
2017-01-11,19.7793
2017-01-12,19.6115
2017-01-13,19.7206
2017-01-17,19.2508
2017-01-18,19.4102
2017-01-19,19.3263
2017-01-20,19.4186
2017-01-23,19.2928
2017-01-24,19.5360
2017-01-25,19.8632
2017-01-26,19.9135
2017-01-27,19.8380
2017-01-30,19.6786
2017-01-31,19.5528
2017-02-01,19.5780
2017-02-02,19.5025
2017-02-03,19.8967
2017-02-06,19.8044
2017-02-07,19.7541
2017-02-08,19.6199
2017-02-09,19.8883
2017-02-10,19.9470
2017-02-13,20.1735
2017-02-14,20.4084
2017-02-15,20.5678
2017-02-16,20.5174
2017-02-17,20.5258
2017-02-21,20.6265
2017-02-22,20.6432
2017-02-23,20.6432
2017-02-24,20.4839
2017-02-27,20.5929
2017-02-28,20.5845
2017-03-01,21.1717
2017-03-02,20.8446
2017-03-03,20.9452
2017-03-06,20.7858
2017-03-07,20.7271
2017-03-08,20.7355
2017-03-09,20.8110
2017-03-10,20.7942
2017-03-13,20.8446
2017-03-14,20.7858
2017-03-15,20.7523
2017-03-16,20.7858
2017-03-17,20.5821
2017-03-20,20.4138
2017-03-21,19.8413
2017-03-22,19.7993
2017-03-23,19.8413
2017-03-24,19.8161
2017-03-27,19.7403
2017-03-28,20.0097
2017-03-29,19.8834
2017-03-30,20.1444
2017-03-31,19.9760
2017-04-03,19.9339
2017-04-04,19.9087
2017-04-05,19.7572
2017-04-06,19.8834
2017-04-07,19.7993
2017-04-10,19.7487
2017-04-11,19.6898
2017-04-12,19.5299
2017-04-13,19.2773
2017-04-17,19.6141
2017-04-18,19.4289
2017-04-19,19.3699
2017-04-20,19.6982
2017-04-21,19.4962
2017-04-24,19.9339
2017-04-25,20.1107
2017-04-26,20.0939
2017-04-27,20.0013
2017-04-28,19.8077
2017-05-01,19.9339
2017-05-02,19.9087
2017-05-03,20.0686
2017-05-04,20.1023
2017-05-05,20.0686
2017-05-08,20.0518
2017-05-09,19.9760
2017-05-10,20.0434
2017-05-11,19.9171
2017-05-12,19.8329
2017-05-15,19.9844
2017-05-16,20.0434
2017-05-17,19.4120
2017-05-18,19.4878
2017-05-19,19.6561
2017-05-22,19.7067
2017-05-23,19.8582
2017-05-24,19.8498
2017-05-25,19.8834
2017-05-26,19.8750
2017-05-30,19.7403
2017-05-31,19.5720
2017-06-01,19.8161
2017-06-02,19.7403
2017-06-05,19.7740
2017-06-06,19.6898
2017-06-07,19.8413
2017-06-08,20.0686
2017-06-09,20.4474
2017-06-12,20.4895
2017-06-13,20.5990
2017-06-14,20.6326
2017-06-15,20.5485
2017-06-16,20.5256
2017-06-19,20.7369
2017-06-20,20.5594
2017-06-21,20.3904
2017-06-22,20.2637
2017-06-23,20.1876
2017-06-26,20.2975
2017-06-27,20.3989
2017-06-28,20.7200
2017-06-29,20.8637
2017-06-30,20.8468
2017-07-03,21.1510
2017-07-05,21.1848
2017-07-06,21.0242
2017-07-07,21.1679
2017-07-10,21.1425
2017-07-11,20.9566
2017-07-12,21.0242
2017-07-13,21.1510
2017-07-14,21.0580
2017-07-17,20.9904
2017-07-18,20.9566
2017-07-19,20.9651
2017-07-20,20.9566
2017-07-21,20.9566
2017-07-24,21.0496
2017-07-25,21.3115
2017-07-26,21.1679
2017-07-27,21.0496
2017-07-28,21.0496
2017-07-31,21.2017
2017-08-01,21.3538
2017-08-02,21.3876
2017-08-03,21.3115
2017-08-04,21.4552
2017-08-07,21.4214
2017-08-08,21.3622
2017-08-09,21.3622
2017-08-10,20.9820
2017-08-11,20.8975
2017-08-14,21.1848
2017-08-15,21.2017
2017-08-16,21.1594
2017-08-17,20.7961
2017-08-18,20.8045
2017-08-21,20.7453
2017-08-22,20.9735
2017-08-23,20.9059
2017-08-24,20.9059
2017-08-25,20.9651
2017-08-28,20.8299
2017-08-29,20.7622
2017-08-30,20.8468
2017-08-31,20.8721
2017-09-01,20.9313
2017-09-05,20.4834
2017-09-06,20.5341
2017-09-07,20.1792
2017-09-08,20.3651
2017-09-11,20.7200
2017-09-12,20.9651
2017-09-13,20.9989
2017-09-14,20.9566
2017-09-15,21.0185
2017-09-18,21.2646
2017-09-19,21.4259
2017-09-20,21.5531
2017-09-21,21.6040
2017-09-22,21.5786
2017-09-25,21.5531
2017-09-26,21.5446
2017-09-27,21.8077
2017-09-28,21.8416
2017-09-29,21.9435
2017-10-02,22.1301
2017-10-03,22.2065
2017-10-04,22.1047
2017-10-05,22.3338
2017-10-06,22.3593
2017-10-09,22.2744
2017-10-10,22.3762
2017-10-11,22.3338
2017-10-12,22.1641
2017-10-13,22.1726
2017-10-16,22.3168
2017-10-17,22.2065
2017-10-18,22.3253
2017-10-19,22.3423
2017-10-20,22.6053
2017-10-23,22.5884
2017-10-24,22.7496
2017-10-25,22.6138
2017-10-26,22.7411
2017-10-27,22.7241
2017-10-30,22.6308
2017-10-31,22.5714
2017-11-01,22.6053
2017-11-02,22.8175
2017-11-03,22.7241
2017-11-06,22.6987
2017-11-07,22.3847
2017-11-08,22.2744
2017-11-09,22.1980
2017-11-10,22.1301
2017-11-13,22.1641
2017-11-14,22.1556
2017-11-15,22.2150
2017-11-16,22.2235
2017-11-17,22.1980
2017-11-20,22.2999
2017-11-21,22.3677
2017-11-22,22.2574
2017-11-24,22.2489
2017-11-27,22.2320
2017-11-28,22.8090
2017-11-29,23.1993
2017-11-30,23.3521
2017-12-01,23.4030
2017-12-04,23.7594
2017-12-05,23.6321
2017-12-06,23.5472
2017-12-07,23.6236
2017-12-08,23.7678
2017-12-11,23.7084
2017-12-12,23.9460
2017-12-13,23.6490
2017-12-14,23.4963
2017-12-15,23.7077
2017-12-18,23.9209
2017-12-19,23.8186
2017-12-20,23.7759
2017-12-21,23.9805
2017-12-22,23.9123
2017-12-26,23.8441
2017-12-27,23.8697
2017-12-28,23.9635
2017-12-29,23.7930
2018-01-02,23.8015
2018-01-03,23.9294
2018-01-04,24.1510
2018-01-05,24.2192
2018-01-08,24.1851
2018-01-09,24.3727
2018-01-10,24.5773
2018-01-11,24.6966
2018-01-12,24.9183
2018-01-16,24.8501
2018-01-17,25.0376
2018-01-18,25.0035
2018-01-19,25.1825
2018-01-22,25.3871
2018-01-23,25.4127
2018-01-24,25.5832
2018-01-25,25.5321
2018-01-26,25.7196
2018-01-29,25.6173
2018-01-30,25.2848
2018-01-31,25.3530
2018-02-01,25.5917
2018-02-02,25.0291
2018-02-05,23.7674
2018-02-06,24.2022
2018-02-07,24.2192
2018-02-08,23.1536
2018-02-09,23.5969
2018-02-12,23.9294
2018-02-13,24.0317
2018-02-14,24.6028
2018-02-15,24.7392
2018-02-16,24.7051
2018-02-20,24.6284
2018-02-21,24.6625
2018-02-22,24.4579
2018-02-23,24.8245
2018-02-26,25.1996
2018-02-27,24.9609
2018-02-28,24.6114
2018-03-01,24.1851
2018-03-02,24.2448
2018-03-05,24.5858
2018-03-06,24.6881
2018-03-07,24.6455
2018-03-08,24.7222
2018-03-09,25.3189
2018-03-12,25.2337
2018-03-13,24.9524
2018-03-14,24.6710
2018-03-15,24.6796
2018-03-16,24.7010
2018-03-19,24.5213
2018-03-20,24.5812
2018-03-21,24.5726
2018-03-22,23.6657
2018-03-23,22.9470
2018-03-26,23.6914
2018-03-27,23.2293
2018-03-28,23.2721
2018-03-29,23.5887
2018-04-02,23.0668
2018-04-03,23.3833
2018-04-04,23.6315
2018-04-05,23.8197
2018-04-06,23.2464
2018-04-09,23.3748
2018-04-10,23.7256
2018-04-11,23.4432
2018-04-12,23.8539
2018-04-13,23.4946
2018-04-16,23.5972
2018-04-17,23.5972
2018-04-18,23.4860
2018-04-19,23.8454
2018-04-20,23.8539
2018-04-23,23.8283
2018-04-24,23.6742
2018-04-25,23.6571
2018-04-26,23.6657
2018-04-27,23.6999
2018-04-30,23.4860
2018-05-01,23.4946
2018-05-02,23.2293
2018-05-03,23.0326
2018-05-04,23.3320
2018-05-07,23.4860
2018-05-08,23.6486
2018-05-09,23.9994
2018-05-10,24.1962
2018-05-11,24.1790
2018-05-14,24.1619
2018-05-15,24.1192
2018-05-16,24.1619
2018-05-17,24.1106
2018-05-18,23.9138
2018-05-21,24.0849
2018-05-22,24.2475
2018-05-23,24.0935
2018-05-24,23.9053
2018-05-25,23.8283
2018-05-29,23.0326
2018-05-30,23.4518
2018-05-31,23.2550
2018-06-01,23.5117
2018-06-04,23.5887
2018-06-05,23.4860
2018-06-06,23.9138
2018-06-07,23.9908
2018-06-08,24.0250
2018-06-11,23.9737
2018-06-12,23.9138
2018-06-13,23.8283
2018-06-14,23.6058
2018-06-15,23.6049
2018-06-18,23.5620
2018-06-19,23.5018
2018-06-20,23.4417
2018-06-21,23.3729
2018-06-22,23.2612
2018-06-25,23.0120
2018-06-26,22.9347
2018-06-27,22.6511
2018-06-28,22.8488
2018-06-29,22.8488
2018-07-02,22.9605
2018-07-03,22.7542
2018-07-05,22.8058
2018-07-06,22.9175
2018-07-09,23.4417
2018-07-10,23.3557
2018-07-11,23.2440
2018-07-12,23.2870
2018-07-13,23.1839
2018-07-16,23.5963
2018-07-17,23.6221
2018-07-18,24.0002
2018-07-19,23.6393
2018-07-20,23.6823
2018-07-23,24.0088
2018-07-24,24.0776
2018-07-25,24.1291
2018-07-26,24.1205
2018-07-27,24.1721
2018-07-30,24.1893
2018-07-31,24.0174
2018-08-01,24.0174
2018-08-02,24.0260
2018-08-03,24.1635
2018-08-06,24.2924
2018-08-07,24.4041
2018-08-08,24.4642
2018-08-09,24.3182
2018-08-10,24.0346
2018-08-13,23.8026
2018-08-14,24.0260
2018-08-15,23.8369
2018-08-16,24.1549
2018-08-17,24.2064
2018-08-20,24.2838
2018-08-21,24.3783
2018-08-22,24.2924
2018-08-23,24.1807
2018-08-24,24.2666
2018-08-27,24.5931
2018-08-28,24.5674
2018-08-29,24.5588
2018-08-30,24.3697
2018-08-31,24.3439
2018-09-04,24.4642
2018-09-05,24.4814
2018-09-06,24.3697
2018-09-07,24.3439
2018-09-10,24.3182
2018-09-11,24.3439
2018-09-12,24.1205
2018-09-13,24.0861
2018-09-14,24.2580
2018-09-17,24.1549
2018-09-18,24.2752
2018-09-19,24.6877
2018-09-20,24.9025
2018-09-21,24.8058
2018-09-24,24.5296
2018-09-25,24.4347
2018-09-26,24.1412
2018-09-27,24.0549
2018-09-28,23.8046
2018-10-01,23.8995
2018-10-02,23.8995
2018-10-03,24.1240
2018-10-04,24.2879
2018-10-05,24.1671
2018-10-08,24.3311
2018-10-09,24.2362
2018-10-10,23.4853
2018-10-11,22.7861
2018-10-12,22.8120
2018-10-15,22.7085
2018-10-16,23.0882
2018-10-17,23.3213
2018-10-18,22.9329
2018-10-19,23.0192
2018-10-22,22.5272
2018-10-23,22.3459
2018-10-24,21.7849
2018-10-25,22.1215
2018-10-26,21.8022
2018-10-29,21.9921
2018-10-30,22.3718
2018-10-31,22.6826
2018-11-01,22.7861
2018-11-02,22.7689
2018-11-05,23.1314
2018-11-06,23.2522
2018-11-07,23.5543
2018-11-08,23.6233
2018-11-09,23.4076
2018-11-12,22.9415
2018-11-13,23.0710
2018-11-14,22.7602
2018-11-15,23.0969
2018-11-16,23.1227
2018-11-19,23.1141
2018-11-20,22.6049
2018-11-21,22.6221
2018-11-23,22.4409
2018-11-26,22.8983
2018-11-27,22.9156
2018-11-28,23.3558
2018-11-29,23.1573
2018-11-30,23.2781
2018-12-03,23.4248
2018-12-04,22.4064
2018-12-06,22.0956
2018-12-07,21.6727
2018-12-10,21.3706
2018-12-11,21.1635
2018-12-12,21.2843
2018-12-13,21.1290
2018-12-14,20.9218
2018-12-17,20.7147
2018-12-18,20.6370
2018-12-19,20.3781
2018-12-20,20.1968
2018-12-21,19.7929
2018-12-24,19.3761
2018-12-26,20.2533
2018-12-27,20.4964
2018-12-28,20.4877
2018-12-31,20.6875
2019-01-02,20.8612
2019-01-03,20.3922
2019-01-04,21.0696
2019-01-07,21.0957
2019-01-08,21.1131
2019-01-09,21.2173
2019-01-10,21.2260
2019-01-11,21.2781
2019-01-14,21.4257
2019-01-15,21.6168
2019-01-16,22.0771
2019-01-17,22.1987
2019-01-18,22.5808
2019-01-22,22.3203
2019-01-23,22.3463
2019-01-24,22.3984
2019-01-25,22.5808
2019-01-28,22.5113
2019-01-29,22.4332
2019-01-30,22.5634
2019-01-31,22.5287
2019-02-01,22.6242
2019-02-04,22.7198
2019-02-05,22.6590
2019-02-06,22.6329
2019-02-07,22.4071
2019-02-08,22.2942
2019-02-11,22.3637
2019-02-12,22.6937
2019-02-13,22.7545
2019-02-14,22.4766
2019-02-15,22.9543
2019-02-19,22.9890
2019-02-20,23.1366
2019-02-21,23.0151
2019-02-22,22.9803
2019-02-25,23.0759
2019-02-26,23.0064
2019-02-27,23.0932
2019-02-28,23.0324
2019-03-01,23.1801
2019-03-04,23.0324
2019-03-05,22.9456
2019-03-06,22.7979
2019-03-07,22.5634
2019-03-08,22.5548
2019-03-11,22.7892
2019-03-12,22.8414
2019-03-13,22.9977
2019-03-14,23.0845
2019-03-15,23.2460
2019-03-18,23.4817
2019-03-19,23.2984
2019-03-20,22.8183
2019-03-21,22.7485
2019-03-22,22.1200
2019-03-25,22.0239
2019-03-26,22.2858
2019-03-27,22.1898
2019-03-28,22.3818
2019-03-29,22.4429
2019-04-01,22.9929
2019-04-02,22.9754
2019-04-03,23.0453
2019-04-04,23.1849
2019-04-05,23.2198
2019-04-08,23.2460
2019-04-09,23.0540
2019-04-10,23.1238
2019-04-11,23.2635
2019-04-12,23.6912
2019-04-15,23.5428
2019-04-16,23.8745
2019-04-17,23.9356
2019-04-18,23.8658
2019-04-22,23.7960
2019-04-23,23.9444
2019-04-24,23.9182
2019-04-25,23.9618
2019-04-26,24.1801
2019-04-29,24.4245
2019-04-30,24.4594
2019-05-01,24.2586
2019-05-02,24.2848
2019-05-03,24.5030
2019-05-06,24.3372
2019-05-07,23.9356
2019-05-08,23.8833
2019-05-09,23.8309
2019-05-10,23.9880
2019-05-13,23.2897
2019-05-14,23.4730
2019-05-15,23.3857
2019-05-16,23.6214
2019-05-17,23.4643
2019-05-20,23.4904
2019-05-21,23.7349
2019-05-22,23.5952
2019-05-23,23.2635
2019-05-24,23.4468
2019-05-28,23.1762
2019-05-29,23.1325
2019-05-30,23.0540
2019-05-31,22.7048
2019-06-03,22.8532
2019-06-04,23.4730
2019-06-05,23.6214
2019-06-06,23.7087
2019-06-07,23.6738
2019-06-10,23.8745
2019-06-11,23.8833
2019-06-12,23.6476
2019-06-13,23.7261
2019-06-14,23.7785
2019-06-17,23.5603
2019-06-18,23.8745
2019-06-19,23.8309
2019-06-20,23.9356
2019-06-21,23.8821
2019-06-24,23.7856
2019-06-25,23.7066
2019-06-26,23.6628
2019-06-27,23.8733
2019-06-28,24.2155
2019-07-01,24.5051
2019-07-02,24.4436
2019-07-03,24.6367
2019-07-05,24.7069
2019-07-08,24.5840
2019-07-09,24.6279
2019-07-10,24.5402
2019-07-11,24.6805
2019-07-12,24.8472
2019-07-15,24.7069
2019-07-16,24.6454
2019-07-17,24.4349
2019-07-18,24.6191
2019-07-19,24.5138
2019-07-22,24.5665
2019-07-23,24.8209
2019-07-24,25.0753
2019-07-25,24.8999
2019-07-26,25.1719
2019-07-29,24.9788
2019-07-30,24.9086
2019-07-31,24.7858
2019-08-01,24.2243
2019-08-02,24.2155
2019-08-05,23.4083
2019-08-06,23.7856
2019-08-07,23.4698
2019-08-08,23.9172
2019-08-09,23.8383
2019-08-12,23.3820
2019-08-13,23.6716
2019-08-14,22.7942
2019-08-15,22.9082
2019-08-16,23.3118
2019-08-19,23.5487
2019-08-20,23.2329
2019-08-21,23.3381
2019-08-22,23.4961
2019-08-23,22.8995
2019-08-26,23.1188
2019-08-27,22.9784
2019-08-28,23.1890
2019-08-29,23.5399
2019-08-30,23.6189
2019-09-03,23.3732
2019-09-04,23.6014
2019-09-05,24.0839
2019-09-06,24.0751
2019-09-09,24.4436
2019-09-10,24.5314
2019-09-11,24.6718
2019-09-12,24.8034
2019-09-13,24.9964
2019-09-16,24.9086
2019-09-17,24.9350
2019-09-18,25.0227
2019-09-19,24.9086
2019-09-20,24.7623
2019-09-23,24.8064
2019-09-24,24.5683
2019-09-25,24.7711
2019-09-26,24.6564
2019-09-27,24.7534
2019-09-30,24.6917
2019-10-01,24.1714
2019-10-02,23.6776
2019-10-03,23.7746
2019-10-04,24.2155
2019-10-07,24.0921
2019-10-08,23.6159
2019-10-09,23.8363
2019-10-10,24.0832
2019-10-11,24.3831
2019-10-14,24.4183
2019-10-15,24.7711
2019-10-16,24.7094
2019-10-17,24.7270
2019-10-18,24.7887
2019-10-21,25.1326
2019-10-22,25.0621
2019-10-23,25.1679
2019-10-24,25.1326
2019-10-25,25.2561
2019-10-28,25.3884
2019-10-29,25.4501
2019-10-30,25.4325
2019-10-31,25.3090
2019-11-01,25.6794
2019-11-04,25.8998
2019-11-05,25.9968
2019-11-06,26.1291
2019-11-07,26.3231
2019-11-08,26.3143
2019-11-11,26.2438
2019-11-12,26.2790
2019-11-13,26.1115
2019-11-14,26.1644
2019-11-15,26.2349
2019-11-18,26.2879
2019-11-19,26.3408
2019-11-20,26.2173
2019-11-21,26.1909
2019-11-22,26.3849
2019-11-25,26.5524
2019-11-26,26.5260
2019-11-27,26.6318
2019-11-29,26.5877
2019-12-02,26.4201
2019-12-03,26.0498
2019-12-04,26.2967
2019-12-05,26.4201
2019-12-06,26.7729
2019-12-09,26.7111
2019-12-10,26.7200
2019-12-11,26.6582
2019-12-12,27.1785
2019-12-13,27.0815
2019-12-16,27.1785
2019-12-17,27.2843
2019-12-18,27.1697
2019-12-19,27.1609
2019-12-20,27.1928
2019-12-23,27.1307
2019-12-24,27.1928
2019-12-26,27.3435
2019-12-27,27.2726
2019-12-30,27.1928
2019-12-31,27.2814
2020-01-02,27.5473
2020-01-03,27.2548
2020-01-06,27.2371
2020-01-07,27.0598
2020-01-08,27.2371
2020-01-09,27.4055
2020-01-10,27.2017
2020-01-13,27.3878
2020-01-14,27.3346
2020-01-15,27.1839
2020-01-16,27.4232
2020-01-17,27.5030
2020-01-21,27.2726
2020-01-22,27.3523
2020-01-23,27.2814
2020-01-24,26.9358
2020-01-27,26.5192
2020-01-28,26.8294
2020-01-29,26.7851
2020-01-30,27.1219
2020-01-31,26.5546
2020-02-03,26.7408
2020-02-04,26.9978
2020-02-05,27.5385
2020-02-06,27.5030
2020-02-07,27.4055
2020-02-10,27.4853
2020-02-11,27.5828
2020-02-12,27.6005
2020-02-13,27.5916
2020-02-14,27.6271
2020-02-18,27.3878
2020-02-19,27.5916
2020-02-20,27.5385
2020-02-21,27.2726
2020-02-24,26.3862
2020-02-25,25.4910
2020-02-26,25.3049
2020-02-27,24.2236
2020-02-28,23.5677
2020-03-02,24.7731
2020-03-03,23.8424
2020-03-04,24.6313
2020-03-05,23.4436
2020-03-06,22.6459
2020-03-09,20.2173
2020-03-10,21.4050
2020-03-11,20.2439
2020-03-12,18.0547
2020-03-13,20.4300
2020-03-16,17.6292
2020-03-17,18.5865
2020-03-18,17.0088
2020-03-19,17.3811
2020-03-20,16.7606
2020-03-23,15.7854
2020-03-24,17.7430
2020-03-25,18.2256
2020-03-26,19.3698
2020-03-27,18.7798
2020-03-30,19.1374
2020-03-31,18.6100
2020-04-01,17.4748
2020-04-02,17.9128
2020-04-03,17.5553
2020-04-06,18.8156
2020-04-07,19.0033
2020-04-08,19.8346
2020-04-09,20.8983
2020-04-13,20.1385
2020-04-14,20.2279
2020-04-15,19.3519
2020-04-16,19.0122
2020-04-17,20.0133
2020-04-20,19.6647
2020-04-21,19.0301
2020-04-22,19.2357
2020-04-23,19.1552
2020-04-24,19.4323
2020-04-27,20.0938
2020-04-28,20.3083
2020-04-29,20.8983
2020-04-30,20.3709
2020-05-01,19.7184
2020-05-04,19.5396
2020-05-05,19.4770
2020-05-06,19.0569
2020-05-07,19.5038
2020-05-08,19.9240
2020-05-11,19.5396
2020-05-12,19.0301
2020-05-13,18.4670
2020-05-14,18.9407
2020-05-15,18.8156
2020-05-18,19.7809
2020-05-19,19.2983
2020-05-20,19.7273
2020-05-21,19.6647
2020-05-22,19.5932
2020-05-26,20.6122
2020-05-27,21.5061
2020-05-28,21.1664
2020-05-29,20.9251
2020-06-01,21.1664
2020-06-02,21.3362
2020-06-03,22.1318
2020-06-04,22.6145
2020-06-05,23.4547
2020-06-08,23.9016
2020-06-09,23.3921
2020-06-10,22.5161
2020-06-11,20.6748
2020-06-12,21.3005
2020-06-15,21.5955
2020-06-16,21.9351
2020-06-17,21.6044
2020-06-18,21.5776
2020-06-19,21.4346
2020-06-22,21.3284
2020-06-23,21.4274
2020-06-24,20.6717
2020-06-25,21.2205
2020-06-26,20.3119
2020-06-29,20.5368
2020-06-30,20.8157
2020-07-01,20.6358
2020-07-02,20.6628
2020-07-06,21.0586
2020-07-07,20.6268
2020-07-08,20.8427
2020-07-09,20.4019
2020-07-10,21.1035
2020-07-13,21.1935
2020-07-14,21.3014
2020-07-15,21.7242
2020-07-16,21.7242
2020-07-17,21.5443
2020-07-20,21.4454
2020-07-21,21.8682
2020-07-22,21.8682
2020-07-23,21.8861
2020-07-24,21.8322
2020-07-27,21.6523
2020-07-28,21.5983
2020-07-29,22.0031
2020-07-30,21.6073
2020-07-31,21.6163
2020-08-03,21.6792
2020-08-04,21.5893
2020-08-05,21.8861
2020-08-06,21.8771
2020-08-07,22.3449
2020-08-10,22.5068
2020-08-11,22.7677
2020-08-12,22.7047
2020-08-13,22.5608
2020-08-14,22.6508
2020-08-17,22.2730
2020-08-18,22.1290
2020-08-19,22.1200
2020-08-20,21.9131
2020-08-21,21.8682
2020-08-24,22.3899
2020-08-25,22.4529
2020-08-26,22.3449
2020-08-27,22.7227
2020-08-28,22.8127
2020-08-31,22.5428
2020-09-01,22.6058
2020-09-02,22.9296
2020-09-03,22.5788
2020-09-04,22.7497
2020-09-08,22.1650
2020-09-09,22.3899
2020-09-10,22.0750
2020-09-11,22.2280
2020-09-14,22.5338
2020-09-15,22.2280
2020-09-16,22.4798
2020-09-17,22.2460
2020-09-18,22.2010
2020-09-21,21.6447
2020-09-22,21.4638
2020-09-23,20.9844
2020-09-24,21.0297
2020-09-25,21.2467
2020-09-28,21.7533
2020-09-29,21.4819
2020-09-30,21.7713
2020-10-01,21.8075
2020-10-02,21.9794
2020-10-05,22.3412
2020-10-06,22.1151
2020-10-07,22.4859
2020-10-08,22.7934
2020-10-09,22.8206
2020-10-12,23.0738
2020-10-13,22.6306
2020-10-14,22.4135
2020-10-15,22.5854
2020-10-16,22.6035
2020-10-19,22.2598
2020-10-20,22.4407
2020-10-21,22.3231
2020-10-22,22.7663
2020-10-23,22.8387
2020-10-26,22.3231
2020-10-27,21.9161
2020-10-28,21.3553
2020-10-29,21.5181
2020-10-30,21.5814
2020-11-02,21.9884
2020-11-03,22.4769
2020-11-04,22.2146
2020-11-05,22.7573
2020-11-06,22.5764
2020-11-09,24.4306
2020-11-10,24.5572
2020-11-11,24.4577
2020-11-12,24.0507
2020-11-13,24.4487
2020-11-16,24.9914
2020-11-17,24.9552
2020-11-18,24.7200
2020-11-19,24.8014
2020-11-20,24.5843
2020-11-23,25.0456
2020-11-24,25.9230
2020-11-25,25.8326
2020-11-27,25.7512
2020-11-30,25.2175
2020-12-01,25.6064
2020-12-02,25.8868
2020-12-03,25.8959
2020-12-04,26.2125
2020-12-07,26.0316
2020-12-08,26.0225
2020-12-09,25.9592
2020-12-10,26.0044
2020-12-11,25.7421
2020-12-14,25.4436
2020-12-15,25.8778
2020-12-16,25.9230
2020-12-17,25.9954
2020-12-18,25.7692
2020-12-21,26.1166
2020-12-22,25.8620
2020-12-23,26.2894
2020-12-24,26.3258
2020-12-28,26.4531
2020-12-29,26.3621
2020-12-30,26.4804
2020-12-31,26.8077
2021-01-04,26.4440
2021-01-05,26.5622
2021-01-06,27.7353
2021-01-07,28.1354
2021-01-08,28.1172
2021-01-11,28.2081
2021-01-12,28.4991
2021-01-13,28.4809
2021-01-14,28.6082
2021-01-15,28.1354
2021-01-19,28.2081
2021-01-20,28.0899
2021-01-21,27.7898
2021-01-22,27.5898
2021-01-25,27.3897
2021-01-26,27.1715
2021-01-27,26.3712
2021-01-28,26.8623
2021-01-29,26.3258
2021-02-01,26.6713
2021-02-02,27.3170
2021-02-03,27.4716
2021-02-04,28.0808
2021-02-05,28.0899
2021-02-08,28.4537
2021-02-09,28.4627
2021-02-10,28.4627
2021-02-11,28.3718
2021-02-12,28.6628
2021-02-16,29.1539
2021-02-17,29.2994
2021-02-18,29.1266
2021-02-19,29.4721
2021-02-22,29.7449
2021-02-23,29.9268
2021-02-24,30.5088
2021-02-25,29.9541
2021-02-26,29.3812
2021-03-01,30.2996
2021-03-02,30.1905
2021-03-03,30.4270
2021-03-04,30.0814
2021-03-05,30.6543
2021-03-08,31.0453
2021-03-09,30.7634
2021-03-10,31.3909
2021-03-11,31.2999
2021-03-12,31.6182
2021-03-15,31.4363
2021-03-16,31.1090
2021-03-17,31.3181
2021-03-18,31.4818
2021-03-19,31.1181
2021-03-22,30.7171
2021-03-23,30.2878
2021-03-24,30.3974
2021-03-25,30.9089
2021-03-26,31.3930
2021-03-29,31.1190
2021-03-30,31.3382
2021-03-31,31.1007
2021-04-01,31.4843
2021-04-05,31.7309
2021-04-06,31.6670
2021-04-07,31.8223
2021-04-08,31.8314
2021-04-09,32.1054
2021-04-12,32.2424
2021-04-13,31.9410
2021-04-14,32.1328
2021-04-15,32.1054
2021-04-16,32.3338
2021-04-19,32.2424
2021-04-20,31.6396
2021-04-21,32.0780
2021-04-22,31.7218
2021-04-23,32.3155
2021-04-26,32.4434
2021-04-27,32.6991
2021-04-28,32.8270
2021-04-29,33.4116
2021-04-30,33.1193
2021-05-03,33.2837
2021-05-04,33.5486
2021-05-05,33.8226
2021-05-06,34.3249
2021-05-07,34.5076
2021-05-10,34.4802
2021-05-11,33.8683
2021-05-12,33.5212
2021-05-13,34.0601
2021-05-14,34.5990
2021-05-17,34.6629
2021-05-18,34.1788
2021-05-19,33.9687
2021-05-20,33.9870
2021-05-21,34.3249
2021-05-24,34.4894
2021-05-25,34.1423
2021-05-26,34.2427
2021-05-27,34.6355
2021-05-28,34.6994
2021-06-01,34.9095
2021-06-02,34.9643
2021-06-03,35.0465
2021-06-04,35.1379
2021-06-07,34.9095
2021-06-08,34.8182
2021-06-09,34.4894
2021-06-10,34.0875
2021-06-11,34.3067
2021-06-14,33.9505
2021-06-15,34.0144
2021-06-16,33.9779
2021-06-17,32.9731
2021-06-18,32.1785
2021-06-21,32.9295
2021-06-22,32.9845
2021-06-23,33.0487
2021-06-24,33.4614
2021-06-25,33.8649
2021-06-28,33.6173
2021-06-29,33.4981
2021-06-30,33.6448
2021-07-01,33.9107
2021-07-02,33.8740
2021-07-06,33.3422
2021-07-07,33.3880
2021-07-08,32.7186
2021-07-09,33.6631
2021-07-12,33.9932
2021-07-13,33.6264
2021-07-14,33.4706
2021-07-15,33.5806
2021-07-16,33.1221
2021-07-19,32.1959
2021-07-20,32.9937
2021-07-21,33.5623
2021-07-22,33.1955
2021-07-23,33.2505
2021-07-26,33.4430
2021-07-27,33.4339
2021-07-28,33.3880
2021-07-29,33.7548
2021-07-30,33.4889
2021-08-02,33.4981
2021-08-03,33.8740
2021-08-04,33.5898
2021-08-05,34.0299
2021-08-06,34.7177
2021-08-09,34.8094
2021-08-10,35.1762
2021-08-11,35.5797
2021-08-12,35.6438
2021-08-13,35.3779
2021-08-16,35.2862
2021-08-17,35.0386
2021-08-18,34.6076
2021-08-19,34.3509
2021-08-20,34.5618
2021-08-23,34.8461
2021-08-24,35.0570
2021-08-25,35.4696
2021-08-26,35.2954
2021-08-27,35.7631
2021-08-30,35.2587
2021-08-31,35.2129
2021-09-01,35.0111
2021-09-02,35.1303
2021-09-03,34.9102
2021-09-07,34.6993
2021-09-08,34.6168
2021-09-09,34.7177
2021-09-10,34.4609
2021-09-13,34.8552
2021-09-14,34.3876
2021-09-15,34.7177
2021-09-16,34.6168
2021-09-17,34.4609
2021-09-20,33.6615
2021-09-21,33.6155
2021-09-22,34.1773
2021-09-23,35.0153
2021-09-24,35.1995
2021-09-27,35.6784
2021-09-28,35.0890
2021-09-29,35.1166
2021-09-30,34.5641
2021-10-01,35.1351
2021-10-04,34.8311
2021-10-05,35.5127
2021-10-06,35.5495
2021-10-07,35.7613
2021-10-08,35.9363
2021-10-11,35.5771
2021-10-12,35.4666
2021-10-13,35.2640
2021-10-14,35.8534
2021-10-15,36.3876
2021-10-18,36.3968
2021-10-19,36.7560
2021-10-20,37.0507
2021-10-21,36.8941
2021-10-22,37.4099
2021-10-25,37.3638
2021-10-26,37.3914
2021-10-27,36.7744
2021-10-28,37.2257
2021-10-29,37.0783
2021-11-01,37.0967
2021-11-02,37.1888
2021-11-03,37.3270
2021-11-04,36.8389
2021-11-05,36.8573
2021-11-08,37.0599
2021-11-09,36.8573
2021-11-10,36.7928
2021-11-11,36.8941
2021-11-12,36.9770
2021-11-15,36.9770
2021-11-16,36.9402
2021-11-17,36.5165
2021-11-18,36.3323
2021-11-19,35.9363
2021-11-22,36.4428
2021-11-23,37.0138
2021-11-24,36.9310
2021-11-26,35.7061
2021-11-29,35.8166
2021-11-30,34.9601
2021-12-01,34.5733
2021-12-02,35.6048
2021-12-03,35.0245
2021-12-06,35.5587
2021-12-07,36.1942
2021-12-08,36.0008
2021-12-09,35.9271
2021-12-10,35.9639
2021-12-13,35.5771
2021-12-14,35.7890
2021-12-15,35.8903
2021-12-16,36.3415
2021-12-17,35.5403
2021-12-20,34.8500
2021-12-21,35.5718
2021-12-22,35.7383
2021-12-23,35.9234
2021-12-27,36.2936
2021-12-28,36.3121
2021-12-29,36.2658
2021-12-30,36.2010
2021-12-31,36.1362
2022-01-03,36.5804
2022-01-04,37.5428
2022-01-05,37.1079
2022-01-06,37.6539
2022-01-07,38.0981
2022-01-10,37.9685
2022-01-11,38.3016
2022-01-12,38.3294
2022-01-13,38.1813
2022-01-14,37.7834
2022-01-18,36.9413
2022-01-19,36.3213
2022-01-20,36.0900
2022-01-21,35.3497
2022-01-24,35.4515
2022-01-25,35.5995
2022-01-26,35.6921
2022-01-27,35.3682
2022-01-28,35.8309
2022-01-31,36.1455
2022-02-01,36.6452
2022-02-02,36.8951
2022-02-03,36.4879
2022-02-04,37.1079
2022-02-07,37.2189
2022-02-08,37.7372
2022-02-09,37.9778
2022-02-10,37.6446
2022-02-11,37.1171
2022-02-14,36.7007
2022-02-15,37.2004
2022-02-16,37.2282
2022-02-17,36.3028
2022-02-18,36.2936
2022-02-22,36.1085
2022-02-23,35.4792
2022-02-24,35.0535
2022-02-25,36.1825
2022-02-28,35.6458
2022-03-01,34.3317
2022-03-02,35.2201
2022-03-03,35.1091
2022-03-04,34.4520
2022-03-07,33.1935
2022-03-08,32.9992
2022-03-09,34.2114
2022-03-10,33.9246
2022-03-11,33.6840
2022-03-14,34.1096
2022-03-15,34.5908
2022-03-16,35.5625
2022-03-17,36.0067
2022-03-18,36.0900
2022-03-21,36.0547
2022-03-22,36.6399
2022-03-23,35.9618
2022-03-24,36.2498
2022-03-25,36.7143
2022-03-28,36.6121
2022-03-29,36.6957
2022-03-30,36.4356
2022-03-31,35.5995
2022-04-01,35.5066
2022-04-04,35.3486
2022-04-05,35.1257
2022-04-06,34.8841
2022-04-07,34.8470
2022-04-08,35.2000
2022-04-11,35.0421
2022-04-12,34.6612
2022-04-13,34.6612
2022-04-14,34.2710
2022-04-18,34.4754
2022-04-19,34.9492
2022-04-20,35.1907
2022-04-21,34.6333
2022-04-22,33.6021
2022-04-25,33.6578
2022-04-26,32.8124
2022-04-27,32.7846
2022-04-28,33.2026
2022-04-29,32.0599
2022-05-02,32.0692
2022-05-03,32.4873
2022-05-04,33.4813
2022-05-05,32.5059
2022-05-06,32.2736
2022-05-09,31.5025
2022-05-10,31.2238
2022-05-11,30.9359
2022-05-12,30.7036
2022-05-13,31.1495
2022-05-16,30.8894
2022-05-17,31.7162
2022-05-18,30.8430
2022-05-19,30.6386
2022-05-20,30.5828
2022-05-23,31.5769
2022-05-24,31.5118
2022-05-25,31.7627
2022-05-26,32.4966
2022-05-27,33.0447
2022-05-31,32.9518
2022-06-01,32.4223
2022-06-02,32.8682
2022-06-03,32.3944
2022-06-06,32.4873
2022-06-07,32.7381
2022-06-08,32.1621
2022-06-09,31.3539
2022-06-10,30.2205
2022-06-13,29.3194
2022-06-14,29.0686
2022-06-15,29.3937
2022-06-16,28.6505
2022-06-17,28.7341
2022-06-21,29.3053
2022-06-22,29.2400
2022-06-23,29.1279
2022-06-24,30.2019
2022-06-27,30.0991
2022-06-28,29.8003
2022-06-29,29.6322
2022-06-30,29.3707
2022-07-01,29.7723
2022-07-05,29.6695
2022-07-06,29.5948
2022-07-07,30.0244
2022-07-08,29.9590
2022-07-11,29.7162
2022-07-12,29.5295
2022-07-13,29.2680
2022-07-14,28.7076
2022-07-15,29.6789
2022-07-18,29.5668
2022-07-19,30.4540
2022-07-20,30.5661
2022-07-21,30.7622
2022-07-22,30.5847
2022-07-25,30.7809
2022-07-26,30.3513
2022-07-27,30.8182
2022-07-28,31.0423
2022-07-29,31.4813
2022-08-01,31.2198
2022-08-02,30.8742
2022-08-03,31.3412
2022-08-04,31.2385
2022-08-05,31.4626
2022-08-08,31.4439
2022-08-09,31.6027
2022-08-10,32.3124
2022-08-11,32.6953
2022-08-12,33.2090
2022-08-15,33.1996
2022-08-16,33.4424
2022-08-17,33.2743
2022-08-18,33.3117
2022-08-19,32.6486
2022-08-22,31.9295
2022-08-23,31.7988
2022-08-24,31.9669
2022-08-25,32.4619
2022-08-26,31.4906
2022-08-29,31.2665
2022-08-30,31.0984
2022-08-31,30.8649
2022-09-01,30.9583
2022-09-02,30.7155
2022-09-06,30.6408
2022-09-07,31.2478
2022-09-08,31.7988
2022-09-09,32.0883
2022-09-12,32.3498
2022-09-13,31.1451
2022-09-14,31.0517
2022-09-15,31.1544
2022-09-16,30.8742
2022-09-19,31.2244
2022-09-20,30.7644
2022-09-21,30.1260
2022-09-22,29.6191
2022-09-23,29.1497
2022-09-26,28.6897
2022-09-27,28.5676
2022-09-28,29.1309
2022-09-29,28.7648
2022-09-30,28.5019
2022-10-03,29.2717
2022-10-04,30.3607
2022-10-05,30.1260
2022-10-06,29.7036
2022-10-07,28.9995
2022-10-10,28.8680
2022-10-11,28.5019
2022-10-12,28.4362
2022-10-13,29.6097
2022-10-14,29.1121
2022-10-17,29.8444
2022-10-18,30.3232
2022-10-19,29.8256
2022-10-20,29.3468
2022-10-21,30.2199
2022-10-24,30.6236
2022-10-25,30.9897
2022-10-26,31.0648
2022-10-27,31.3183
2022-10-28,32.0975
2022-10-31,31.9004
2022-11-01,31.9848
2022-11-02,31.5812
2022-11-03,31.2620
2022-11-04,31.8346
2022-11-07,32.1538
2022-11-08,32.3416
2022-11-09,31.7971
2022-11-10,33.4024
2022-11-11,33.6747
2022-11-14,33.1959
2022-11-15,33.2710
2022-11-16,33.1114
2022-11-17,32.9330
2022-11-18,33.2053
2022-11-21,33.3086
2022-11-22,33.6465
2022-11-23,33.7873
2022-11-25,33.9000
2022-11-28,33.3179
2022-11-29,33.5151
2022-11-30,34.0878
2022-12-01,33.8906
2022-12-02,33.7310
2022-12-05,32.8955
2022-12-06,32.6045
2022-12-07,32.4730
2022-12-08,32.5012
2022-12-09,32.4167
2022-12-12,32.8485
2022-12-13,32.9330
2022-12-14,32.5200
2022-12-15,31.8816
2022-12-16,31.6375
2022-12-19,31.5525
2022-12-20,31.6847
2022-12-21,32.1760
2022-12-22,31.8926
2022-12-23,32.0720
2022-12-27,32.0626
2022-12-28,31.9492
2022-12-29,32.3932
2022-12-30,32.3082
2023-01-03,32.4216
2023-01-04,32.9412
2023-01-05,32.6955
2023-01-06,33.4229
2023-01-09,33.3001
2023-01-10,33.4891
2023-01-11,33.8008
2023-01-12,33.8669
2023-01-13,34.1220
2023-01-17,33.8953
2023-01-18,33.2624
2023-01-19,32.8750
2023-01-20,33.3946
2023-01-23,33.7819
2023-01-24,33.8008
2023-01-25,34.0653
2023-01-26,34.2448
2023-01-27,34.2448
2023-01-30,34.0748
2023-01-31,34.5377
2023-02-01,34.5377
2023-02-02,34.6321
2023-02-03,34.5660
2023-02-06,34.5566
2023-02-07,34.9533
2023-02-08,34.7455
2023-02-09,34.3582
2023-02-10,34.4715
2023-02-13,34.8683
2023-02-14,34.6794
2023-02-15,34.7172
2023-02-16,34.3676
2023-02-17,34.3771
2023-02-21,33.6686
2023-02-22,33.6308
2023-02-23,33.6591
2023-02-24,33.6875
2023-02-27,33.6780
2023-02-28,33.7441
2023-03-01,33.6308
2023-03-02,33.4702
2023-03-03,33.9992
2023-03-06,34.0275
2023-03-07,33.1490
2023-03-08,33.0262
2023-03-09,31.6847
2023-03-10,31.1085
2023-03-13,29.8804
2023-03-14,30.4850
2023-03-15,29.6725
2023-03-16,30.2394
2023-03-17,29.2663
2023-03-20,29.5920
2023-03-21,30.3420
2023-03-22,29.6394
2023-03-23,29.4401
2023-03-24,29.4211
2023-03-27,29.8293
2023-03-28,29.8198
2023-03-29,30.2565
2023-03-30,30.1901
2023-03-31,30.5224
2023-04-03,30.5793
2023-04-04,30.2945
2023-04-05,30.2565
2023-04-06,30.3705
2023-04-10,30.4369
2023-04-11,30.7027
2023-04-12,30.6363
2023-04-13,30.9116
2023-04-14,31.2154
2023-04-17,31.5762
2023-04-18,31.6711
2023-04-19,31.7470
2023-04-20,31.6521
2023-04-21,31.5382
2023-04-24,31.4622
2023-04-25,30.9211
2023-04-26,30.6268
2023-04-27,31.1205
2023-04-28,31.4907
2023-05-01,31.4053
2023-05-02,30.6932
2023-05-03,30.3420
2023-05-04,29.9527
2023-05-05,30.6932
2023-05-08,30.7407
2023-05-09,30.6268
2023-05-10,30.4559
2023-05-11,30.4084
2023-05-12,30.2850
2023-05-15,30.5318
2023-05-16,30.2470
2023-05-17,30.8546
2023-05-18,31.0825
2023-05-19,30.9496
2023-05-22,31.0065
2023-05-23,30.6458
2023-05-24,30.2470
2023-05-25,30.2375
2023-05-26,30.4844
2023-05-30,30.4749
2023-05-31,30.1521
2023-06-01,30.4749
2023-06-02,31.1394
2023-06-05,30.9781
2023-06-06,31.3673
2023-06-07,31.4907
2023-06-08,31.4622
2023-06-09,31.4717
2023-06-12,31.4622
2023-06-13,31.6521
2023-06-14,31.5287
2023-06-15,31.9464
2023-06-16,31.8800
2023-06-20,31.6433
2023-06-21,31.6051
2023-06-22,31.3572
2023-06-23,31.2236
2023-06-26,31.1569
2023-06-27,31.4048
2023-06-28,31.3285
2023-06-29,31.8721
2023-06-30,32.1487
2023-07-03,32.3299
2023-07-05,32.2632
2023-07-06,31.9866
2023-07-07,32.0343
2023-07-10,32.1773
2023-07-11,32.5588
2023-07-12,32.7686
2023-07-13,32.8831
2023-07-14,32.6637
2023-07-17,32.9784
2023-07-18,33.3504
2023-07-19,33.4934
2023-07-20,33.7414
2023-07-21,33.6269
2023-07-24,33.9512
2023-07-25,33.7318
2023-07-26,33.9321
2023-07-27,33.5029
2023-07-28,33.5697
2023-07-31,33.6937
2023-08-01,33.6937
2023-08-02,33.4076
2023-08-03,33.4267
2023-08-04,33.2931
2023-08-07,33.7604
2023-08-08,33.4553
2023-08-09,33.2073
2023-08-10,33.2359
2023-08-11,33.3027
2023-08-14,33.2359
2023-08-15,32.6256
2023-08-16,32.5779
2023-08-17,32.4157
2023-08-18,32.4062
2023-08-21,32.3681
2023-08-22,32.0629
2023-08-23,32.3776
2023-08-24,32.2632
2023-08-25,32.4157
2023-08-28,32.5969
2023-08-29,32.8926
2023-08-30,32.9117
2023-08-31,32.7877
2023-09-01,33.0833
2023-09-05,32.7495
2023-09-06,32.7305
2023-09-07,32.6446
2023-09-08,32.7114
2023-09-11,32.8640
2023-09-12,33.0833
2023-09-13,33.0833
2023-09-14,33.3885
2023-09-15,33.2168
2023-09-18,33.3078
2023-09-19,33.2695
2023-09-20,33.0396
2023-09-21,32.4936
2023-09-22,32.2445
2023-09-25,32.3212
2023-09-26,31.8901
2023-09-27,31.8422
2023-09-28,32.0721
2023-09-29,31.7751
2023-10-02,31.5069
2023-10-03,31.0088
2023-10-04,31.2387
2023-10-05,31.3824
2023-10-06,31.6506
2023-10-09,31.6698
2023-10-10,31.8997
2023-10-11,31.9476
2023-10-12,31.7464
2023-10-13,31.8134
2023-10-16,32.1487
2023-10-17,32.3020
2023-10-18,31.7464
2023-10-19,31.3249
2023-10-20,30.8459
2023-10-23,30.6543
2023-10-24,30.8651
2023-10-25,30.7501
2023-10-26,30.6831
2023-10-27,30.1275
2023-10-30,30.6639
2023-10-31,30.9992
2023-11-01,31.2004
2023-11-02,31.9380
2023-11-03,32.3595
2023-11-06,32.2637
2023-11-07,32.2158
2023-11-08,32.2541
2023-11-09,32.1200
2023-11-10,32.4840
2023-11-13,32.4361
2023-11-14,33.0492
2023-11-15,33.2312
2023-11-16,33.3653
2023-11-17,33.5378
2023-11-20,33.6719
2023-11-21,33.6527
2023-11-22,33.7868
2023-11-24,33.8922
2023-11-27,33.7772
2023-11-28,33.7677
2023-11-29,34.0071
2023-11-30,34.3903
2023-12-01,34.6490
2023-12-04,34.6107
2023-12-05,34.4382
2023-12-06,34.2658
2023-12-07,34.4286
2023-12-08,34.6107
2023-12-11,34.8214
2023-12-12,35.0705
2023-12-13,35.6357
2023-12-14,35.9901
2023-12-15,35.7794
2023-12-18,35.8987
2023-12-19,36.1683
2023-12-20,35.5233
2023-12-21,35.8698
2023-12-22,35.9469
2023-12-26,36.0913
2023-12-27,36.2068
2023-12-28,36.3127
2023-12-29,36.1972
2024-01-02,36.3512
2024-01-03,36.0431
2024-01-04,36.1875
2024-01-05,36.3416
2024-01-08,36.5726
2024-01-09,36.3416
2024-01-10,36.3993
2024-01-11,36.2645
2024-01-12,36.1972
2024-01-16,35.9469
2024-01-17,35.8795
2024-01-18,35.9372
2024-01-19,36.5148
2024-01-22,36.6881
2024-01-23,36.7459
2024-01-24,36.8903
2024-01-25,37.0732
2024-01-26,37.2080
2024-01-29,37.3043
2024-01-30,37.7760
2024-01-31,37.3139
2024-02-01,37.3716
2024-02-02,37.5257
2024-02-05,37.3043
2024-02-06,37.3813
2024-02-07,37.6604
2024-02-08,37.5160
2024-02-09,37.6219
2024-02-12,37.7952
2024-02-13,37.2850
2024-02-14,37.6412
2024-02-15,38.2862
2024-02-16,38.1514
2024-02-20,38.0455
2024-02-21,38.1610
2024-02-22,38.6039
2024-02-23,38.7964
2024-02-26,38.6039
2024-02-27,38.7098
2024-02-28,38.8542
2024-02-29,38.8349
2024-03-01,38.7868
2024-03-04,38.8831
2024-03-05,38.8927
2024-03-06,39.0949
2024-03-07,39.0371
2024-03-08,39.1045
2024-03-11,39.1719
2024-03-12,39.3355
2024-03-13,39.6243
2024-03-14,39.3067
2024-03-15,39.2681
2024-03-18,39.4933
2024-03-19,39.6866
2024-03-20,40.1601
2024-03-21,40.4886
2024-03-22,40.0248
2024-03-25,39.8702
2024-03-26,40.0054
2024-03-27,40.4789
2024-03-28,40.7012
2024-04-01,40.4789
2024-04-02,40.2663
2024-04-03,40.2470
2024-04-04,39.7929
2024-04-05,40.1697
2024-04-08,40.3437
2024-04-09,40.1117
2024-04-10,39.5126
2024-04-11,39.2324
2024-04-12,38.7106
2024-04-15,38.5173
2024-04-16,38.2564
2024-04-17,38.3530
2024-04-18,38.4883
2024-04-19,39.0198
2024-04-22,39.4933
2024-04-23,39.7445
2024-04-24,39.7349
2024-04-25,39.5030
2024-04-26,39.4450
2024-04-29,39.3870
2024-04-30,39.0005
2024-05-01,39.0005
2024-05-02,39.0971
2024-05-03,39.1841
2024-05-06,39.6866
2024-05-07,39.8218
2024-05-08,39.9668
2024-05-09,40.2663
2024-05-10,40.4210
2024-05-13,40.2567
2024-05-14,40.4596
2024-05-15,40.7592
2024-05-16,40.7592
2024-05-17,41.0587
2024-05-20,40.4983
2024-05-21,40.7592
2024-05-22,40.5273
2024-05-23,39.9668
2024-05-24,40.2084
2024-05-28,39.7639
2024-05-29,39.4450
2024-05-30,39.6576
2024-05-31,40.2374
2024-06-03,39.9861
2024-06-04,39.8025
2024-06-05,39.9185
2024-06-06,39.8991
2024-06-07,40.0827
2024-06-10,39.9281
2024-06-11,39.4740
2024-06-12,39.4353
2024-06-13,39.4063
2024-06-14,39.2807
2024-06-17,39.6286
2024-06-18,39.8798
2024-06-20,40.0924
2024-06-21,39.9378
2024-06-24,40.3482
2024-06-25,40.0474
2024-06-26,39.7952
2024-06-27,39.7467
2024-06-28,39.8825
2024-07-01,39.9698
2024-07-02,40.4355
2024-07-03,40.3094
2024-07-05,40.2997
2024-07-08,40.1929
2024-07-09,40.5034
2024-07-10,40.6586
2024-07-11,40.9788
2024-07-12,41.1146
2024-07-15,41.7161
2024-07-16,42.1914
2024-07-17,42.5116
2024-07-18,41.9974
2024-07-19,41.5705
2024-07-22,41.8034
2024-07-23,41.8810
2024-07-24,41.3086
2024-07-25,41.4638
2024-07-26,42.1138
2024-07-29,42.0556
2024-07-30,42.5407
2024-07-31,42.4340
2024-08-01,41.8325
2024-08-02,40.8041
2024-08-05,39.6206
2024-08-06,40.2609
2024-08-07,40.3094
2024-08-08,40.9594
2024-08-09,41.1340
2024-08-12,40.9206
2024-08-13,41.2601
2024-08-14,41.7646
2024-08-15,42.1526
2024-08-16,42.4631
2024-08-19,42.6959
2024-08-20,42.5601
2024-08-21,42.4922
2024-08-22,42.7347
2024-08-23,43.1034
2024-08-26,43.2392
2024-08-27,43.4623
2024-08-28,43.5690
2024-08-29,43.9571
2024-08-30,44.3743
2024-09-03,44.0444
2024-09-04,44.0929
2024-09-05,43.6078
2024-09-06,42.9675
2024-09-09,43.6078
2024-09-10,43.1616
2024-09-11,42.9578
2024-09-12,43.0549
2024-09-13,43.1810
2024-09-16,43.7437
2024-09-17,43.9765
2024-09-18,43.8407
2024-09-19,44.3257
2024-09-20,44.2966
2024-09-23,44.2431
2024-09-24,43.8731
2024-09-25,43.6102
2024-09-26,43.8342
2024-09-27,43.9607
2024-09-30,44.1263
2024-10-01,43.8926
2024-10-02,43.9413
2024-10-03,43.7076
2024-10-04,44.4476
2024-10-07,43.9023
2024-10-08,44.1555
2024-10-09,44.5644
2024-10-10,44.4281
2024-10-11,45.2849
2024-10-14,45.5673
2024-10-15,45.6646
2024-10-16,46.2294
2024-10-17,46.3559
2024-10-18,46.3657
2024-10-21,45.9957
2024-10-22,45.9080
2024-10-23,45.8691
2024-10-24,45.9080
2024-10-25,45.4017
2024-10-28,45.9665
2024-10-29,45.6841
2024-10-30,45.8886
2024-10-31,45.2557
2024-11-01,45.4115
2024-11-04,45.0610
2024-11-05,45.4796
2024-11-06,48.2448
2024-11-07,47.4659
2024-11-08,47.8943
2024-11-11,48.5759
2024-11-12,48.4298
2024-11-13,48.4590
2024-11-14,48.3325
2024-11-15,48.5564
2024-11-18,48.7025
2024-11-19,48.3811
2024-11-20,48.2351
2024-11-21,48.8485
2024-11-22,49.3938
2024-11-25,49.7151
2024-11-26,49.8124
2024-11-27,49.9098
2024-11-29,49.9877
2024-12-02,49.4911
2024-12-03,49.1211
2024-12-04,48.9361
2024-12-05,49.0822
2024-12-06,49.0724
2024-12-09,48.4006
2024-12-10,48.3909
2024-12-11,48.4882
2024-12-12,48.2740
2024-12-13,48.2351
2024-12-16,48.1475
2024-12-17,47.8067
2024-12-18,46.3754
2024-12-19,46.5409
2024-12-20,47.2322
2024-12-23,47.3457
2024-12-24,47.9030
2024-12-26,48.0203
2024-12-27,47.6683
2024-12-30,47.2088
2024-12-31,47.2576
2025-01-02,47.1403
2025-01-03,47.5119
2025-01-06,47.3652
2025-01-07,47.2576
2025-01-08,47.4141
2025-01-10,46.2701
2025-01-13,46.6025
2025-01-14,47.1794
2025-01-15,48.3821
2025-01-16,48.7048
2025-01-17,49.1155
2025-01-21,49.5262
2025-01-22,49.2915
2025-01-23,49.5751
2025-01-24,49.7217
2025-01-27,50.2693
2025-01-28,50.1813
2025-01-29,50.1422
2025-01-30,50.6213
2025-01-31,50.3280
2025-02-03,50.1226
2025-02-04,50.0053
2025-02-05,50.5333
2025-02-06,50.9538
2025-02-07,50.6702
2025-02-10,50.2693
2025-02-11,50.3964
2025-02-12,50.2204
2025-02-13,50.5529
2025-02-14,50.6507
2025-02-18,51.0124
2025-02-19,51.0320
2025-02-20,50.2498
2025-02-21,49.6240
2025-02-24,49.8391
2025-02-25,49.8293
2025-02-26,49.7217
2025-02-27,49.9955
2025-02-28,51.0222
2025-03-03,50.5920
2025-03-04,48.8124
2025-03-05,49.0959
2025-03-06,48.2844
2025-03-07,48.0301
2025-03-10,46.9545
2025-03-11,46.5536
2025-03-12,46.6221
2025-03-13,46.3678
2025-03-14,47.4434
2025-03-17,48.0008
2025-03-18,47.9421
2025-03-19,48.4701
2025-03-20,48.5386
2025-03-21,48.3626
2025-03-24,49.2154
2025-03-25,49.4902
2025-03-26,49.3430
2025-03-27,49.2448
2025-03-28,48.2929
2025-03-31,48.8817
2025-04-01,48.8228
2025-04-02,49.2252
2025-04-03,46.8012
2025-04-04,43.3763
2025-04-07,43.2683
2025-04-08,43.1015
2025-04-09,46.3498
2025-04-10,45.0544
2025-04-11,45.8002
2025-04-14,46.2713
2025-04-15,46.3891
2025-04-16,45.6628
2025-04-17,45.7806
2025-04-21,44.7992
2025-04-22,46.2811
2025-04-23,46.8307
2025-04-24,47.3508
2025-04-25,47.1251
2025-04-28,47.2723
2025-04-29,47.7630
2025-04-30,47.8513
2025-05-01,47.8415
2025-05-02,48.8327
2025-05-05,48.5186
2025-05-06,48.2438
2025-05-07,48.5284
2025-05-08,48.9308
2025-05-09,48.9308
2025-05-12,49.9220
2025-05-13,50.1280
2025-05-14,49.9907
2025-05-15,50.3243
2025-05-16,50.6285
2025-05-19,50.6580
2025-05-20,50.3832
2025-05-21,49.3528
2025-05-22,49.2939
2025-05-23,49.1172
2025-05-27,49.9808
2025-05-28,49.6472
2025-05-29,49.9023
2025-05-30,50.0103
2025-06-02,50.0299
2025-06-03,50.1280
2025-06-04,49.8435
2025-06-05,49.7061
2025-06-06,50.3243
2025-06-09,50.0495
2025-06-10,50.1084
2025-06-11,50.0495
2025-06-12,50.0495
2025-06-13,49.0289
2025-06-16,49.5883
2025-06-17,49.3037
2025-06-18,49.2841
2025-06-20,49.4215
2025-06-23,50.0438
2025-06-24,50.7922
2025-06-25,50.6248
2025-06-26,50.9990
2025-06-27,51.1467
2025-06-30,51.5701
2025-07-01,51.8557
2025-07-02,51.8163
2025-07-03,52.3776
2025-07-07,51.8754
2025-07-08,51.4126
2025-07-09,51.5997
2025-07-10,51.9049
2025-07-11,51.3633
2025-07-14,51.7474
2025-07-15,50.8611
2025-07-16,51.2156
2025-07-17,51.7080
2025-07-18,51.7375
2025-07-21,51.5898
2025-07-22,51.8754
2025-07-23,52.2890
2025-07-24,52.2595
2025-07-25,52.6238
2025-07-28,52.2595
2025-07-29,51.9936
2025-07-30,51.8951
2025-07-31,51.5701
2025-08-01,50.6150
2025-08-04,51.1172
2025-08-05,50.9104
2025-08-06,51.1566
2025-08-07,50.5854
2025-08-08,51.0581
2025-08-11,51.0384
2025-08-12,51.6588
2025-08-13,51.9542
2025-08-14,52.2004
2025-08-15,51.6588
2025-08-18,51.6982
2025-08-19,51.7966
2025-08-20,52.0625
2025-08-21,51.8951
2025-08-22,52.7518
2025-08-25,52.4465
2025-08-26,52.8503
2025-08-27,52.9586
2025-08-28,53.0275
2025-08-29,53.1654
2025-09-02,52.7715
2025-09-03,52.6829
2025-09-04,53.2343
2025-09-05,52.2595
2025-09-08,52.2988
2025-09-09,52.5253
2025-09-10,52.3481
2025-09-11,53.2048
2025-09-12,52.9783
2025-09-15,52.8601
2025-09-16,52.7420
2025-09-17,53.2540
2025-09-18,53.3033
2025-09-19,53.4214
2025-09-22,53.3503
2025-09-23,53.1132
2025-09-24,52.9650
2025-09-25,52.8267
2025-09-26,53.2120
2025-09-29,53.4787
2025-09-30,53.2219
2025-10-01,52.7476
2025-10-02,52.7081
2025-10-03,53.0737
2025-10-06,53.0539
2025-10-07,53.1231
2025-10-08,52.8662
2025-10-09,52.6785
2025-10-10,51.5324
2025-10-13,52.0264
2025-10-14,52.5994
2025-10-15,52.5994
2025-10-16,51.1372
2025-10-17,51.5522
2025-10-20,52.1549
2025-10-21,52.0956
2025-10-22,51.7992
2025-10-23,51.9079
2025-10-24,52.4710
2025-10-27,52.6884
2025-10-28,52.3524
2025-10-29,51.4633
2025-10-30,51.6016
2025-10-31,51.7399
2025-11-03,51.5226
2025-11-04,51.7893
2025-11-05,51.9671
2025-11-06,51.7794
2025-11-07,52.1450
2025-11-10,52.3327
2025-11-11,52.5698
2025-11-12,53.0243
2025-11-13,52.3426
2025-11-14,51.8189
2025-11-17,50.8310
2025-11-18,50.7519
2025-11-19,50.9397
2025-11-20,50.4951
2025-11-21,51.0483
2025-11-24,51.2657
2025-11-25,51.9079
2025-11-26,52.3129
2025-11-28,52.6884
2025-12-01,52.2536
2025-12-02,52.2043
2025-12-03,52.9057
2025-12-04,53.0144
2025-12-05,53.0341
2025-12-08,52.8366
2025-12-09,52.6390
2025-12-10,53.2416
2025-12-11,54.2098
2025-12-12,54.2889
2025-12-15,54.3284
2025-12-16,53.9826
2025-12-17,53.9727
2025-12-18,53.8838
2025-12-19,54.1802
2025-12-22,54.8454
2025-12-23,54.9545
2025-12-24,55.2519
2025-12-26,55.1429
2025-12-29,54.8454
2025-12-30,54.7066
2025-12-31,54.3002
2026-01-02,54.4588
2026-01-05,55.6485
2026-01-06,55.9162
2026-01-07,55.1329
2026-01-08,55.4205
2026-01-09,55.2519
2026-01-12,54.8157
2026-01-13,53.7648
2026-01-14,53.6855
2026-01-15,53.9036
2026-01-16,53.9730
2026-01-20,52.7436
2026-01-21,53.0014
2026-01-22,53.3484
2026-01-23,52.6147
2026-01-26,52.9518
2026-01-27,52.5453
2026-01-28,52.5354
2026-01-29,53.0906
2026-01-30,52.9816
2026-02-02,53.5665
2026-02-03,53.0708
2026-02-04,53.4971
2026-02-05,52.8328
2026-02-06,53.7945
2026-02-09,53.4773
2026-02-10,53.0906
2026-02-11,52.2876
2026-02-12,51.2466
2026-02-13,51.2069
2026-02-17,51.7522
2026-02-18,52.1389
2026-02-19,51.7026
2026-02-20,52.0397
2026-02-23,50.2948
2026-02-24,50.5427
2026-02-25,51.4250
2026-02-26,52.0496
2026-02-27,50.9888
2026-03-02,50.8599
2026-03-03,50.7707
2026-03-04,51.0582
2026-03-05,50.7905
2026-03-06,50.1362
2026-03-09,49.8982
2026-03-10,49.6306
2026-03-11,49.2142
2026-03-12,48.4111
2026-03-13,48.4706
2026-03-16,48.8771
2026-03-17,49.1348
2026-03-18,48.5499
2026-03-19,48.5697
2026-03-20,48.6590
2026-03-23,49.0984
2026-03-24,49.1084
2026-03-25,49.1682
2026-03-26,48.8792
2026-03-27,47.6435
2026-03-30,48.1916
2026-03-31,49.1981
2026-04-01,49.2678
2026-04-02,49.3575
2026-04-06,49.7063
2026-04-07,49.7063
2026-04-08,51.0217
2026-04-09,51.1513
2026-04-10,50.5932
2026-04-13,51.4801
2026-04-14,51.5997
2026-04-15,51.9883
2026-04-16,51.8488
2026-04-17,52.2474
2026-04-20,52.4467
2026-04-21,52.1179
2026-04-22,52.0282
2026-04-23,51.6196
2026-04-24,51.2409
2026-04-27,51.6296
2026-04-28,51.6694
2026-04-29,51.7392
2026-04-30,51.9485
2026-05-01,51.7392
2026-05-04,51.4004
2026-05-05,51.4103
2026-05-06,51.6595
2026-05-07,51.3705
2026-05-08,51.0616
2026-05-11,51.0018
2026-05-12,51.4004
2026-05-13,50.8124
2026-05-14,51.1114
2026-05-15,50.9221
2026-05-18,51.5598
2026-05-19,50.9221
2026-05-20,51.4801
2026-05-21,51.5499
2026-05-22,51.7591
2026-05-26,51.6694
2026-05-27,51.2409
2026-05-28,51.0915
2026-05-29,51.4004
2026-06-01,51.2509
2026-06-02,51.2808
2026-06-03,50.6929
2026-06-04,52.0083
2026-06-05,52.1179
2026-06-08,51.7890
2026-06-09,52.2773
2026-06-10,52.0481
2026-06-11,52.4368
2026-06-12,53.1543
2026-06-15,53.3735
2026-06-16,54.1607
2026-06-17,53.8618
2026-06-18,53.3835
2026-06-22,53.7000
2026-06-23,53.8800
2026-06-24,53.7200
2026-06-25,53.4500
2026-06-26,53.5700
2026-06-29,53.7200
2026-06-30,53.6100
2026-07-01,54.7800
2026-07-02,55.6200
