date,XLK.US
2017-01-03,22.1491
2017-01-04,22.2263
2017-01-05,22.2626
2017-01-06,22.4260
2017-01-09,22.4215
2017-01-10,22.4260
2017-01-11,22.5305
2017-01-12,22.4760
2017-01-13,22.5441
2017-01-17,22.4578
2017-01-18,22.5168
2017-01-19,22.4851
2017-01-20,22.6076
2017-01-23,22.6485
2017-01-24,22.7892
2017-01-25,23.0071
2017-01-26,22.9436
2017-01-27,23.0344
2017-01-30,22.8482
2017-01-31,22.7347
2017-02-01,22.9072
2017-02-02,22.8618
2017-02-03,23.0117
2017-02-06,23.0253
2017-02-07,23.1161
2017-02-08,23.1569
2017-02-09,23.2296
2017-02-10,23.2977
2017-02-13,23.4021
2017-02-14,23.4792
2017-02-15,23.5564
2017-02-16,23.6109
2017-02-17,23.6926
2017-02-21,23.8152
2017-02-22,23.8424
2017-02-23,23.8379
2017-02-24,23.8924
2017-02-27,23.8787
2017-02-28,23.7652
2017-03-01,24.1012
2017-03-02,23.9423
2017-03-03,23.9968
2017-03-06,23.9605
2017-03-07,23.9605
2017-03-08,23.9877
2017-03-09,23.9832
2017-03-10,24.1103
2017-03-13,24.1330
2017-03-14,24.0785
2017-03-15,24.2419
2017-03-16,24.2555
2017-03-17,24.3079
2017-03-20,24.3219
2017-03-21,23.9753
2017-03-22,24.1257
2017-03-23,24.0619
2017-03-24,24.0801
2017-03-27,24.0801
2017-03-28,24.2533
2017-03-29,24.2943
2017-03-30,24.3398
2017-03-31,24.2943
2017-04-03,24.2715
2017-04-04,24.2897
2017-04-05,24.1895
2017-04-06,24.1940
2017-04-07,24.1803
2017-04-10,24.1348
2017-04-11,24.0436
2017-04-12,23.9616
2017-04-13,23.8659
2017-04-17,24.0846
2017-04-18,24.0801
2017-04-19,24.0619
2017-04-20,24.2806
2017-04-21,24.2305
2017-04-24,24.5176
2017-04-25,24.6452
2017-04-26,24.6178
2017-04-27,24.7181
2017-04-28,24.7819
2017-05-01,24.9687
2017-05-02,25.0234
2017-05-03,24.9778
2017-05-04,24.9596
2017-05-05,25.0508
2017-05-08,25.1601
2017-05-09,25.1920
2017-05-10,25.2877
2017-05-11,25.2558
2017-05-12,25.3196
2017-05-15,25.4609
2017-05-16,25.5794
2017-05-17,24.8821
2017-05-18,25.0280
2017-05-19,25.1738
2017-05-22,25.3743
2017-05-23,25.4199
2017-05-24,25.5247
2017-05-25,25.7070
2017-05-26,25.6933
2017-05-30,25.8027
2017-05-31,25.7617
2017-06-01,25.8255
2017-06-02,26.0624
2017-06-05,26.0852
2017-06-06,26.0351
2017-06-07,26.1171
2017-06-08,26.1764
2017-06-09,25.5293
2017-06-12,25.3789
2017-06-13,25.5612
2017-06-14,25.4381
2017-06-15,25.3242
2017-06-16,25.2798
2017-06-19,25.6550
2017-06-20,25.4491
2017-06-21,25.5909
2017-06-22,25.6001
2017-06-23,25.7602
2017-06-26,25.6230
2017-06-27,25.2020
2017-06-28,25.5177
2017-06-29,25.0602
2017-06-30,25.0373
2017-07-03,24.8634
2017-07-05,25.1105
2017-07-06,24.8817
2017-07-07,25.1700
2017-07-10,25.3530
2017-07-11,25.4079
2017-07-12,25.7374
2017-07-13,25.7877
2017-07-14,26.0165
2017-07-17,26.0210
2017-07-18,26.1400
2017-07-19,26.2727
2017-07-20,26.3276
2017-07-21,26.2956
2017-07-24,26.3596
2017-07-25,26.3093
2017-07-26,26.4100
2017-07-27,26.3093
2017-07-28,26.2818
2017-07-31,26.1537
2017-08-01,26.2864
2017-08-02,26.3596
2017-08-03,26.3001
2017-08-04,26.3596
2017-08-07,26.5198
2017-08-08,26.4832
2017-08-09,26.4694
2017-08-10,25.9478
2017-08-11,26.1263
2017-08-14,26.5427
2017-08-15,26.5838
2017-08-16,26.6616
2017-08-17,26.1400
2017-08-18,26.1126
2017-08-21,26.1034
2017-08-22,26.4923
2017-08-23,26.4283
2017-08-24,26.4054
2017-08-25,26.4008
2017-08-28,26.4511
2017-08-29,26.5655
2017-08-30,26.7577
2017-08-31,26.9178
2017-09-01,26.8950
2017-09-05,26.6570
2017-09-06,26.6799
2017-09-07,26.7714
2017-09-08,26.5518
2017-09-11,26.9270
2017-09-12,26.9911
2017-09-13,26.9544
2017-09-14,26.8629
2017-09-15,26.9727
2017-09-18,26.9956
2017-09-19,27.1150
2017-09-20,27.0048
2017-09-21,26.8579
2017-09-22,26.8717
2017-09-25,26.5548
2017-09-26,26.6513
2017-09-27,26.9222
2017-09-28,26.9543
2017-09-29,27.1380
2017-10-02,27.1793
2017-10-03,27.2436
2017-10-04,27.2252
2017-10-05,27.4870
2017-10-06,27.5283
2017-10-09,27.5972
2017-10-10,27.6247
2017-10-11,27.7166
2017-10-12,27.6477
2017-10-13,27.7809
2017-10-16,27.8819
2017-10-17,27.8819
2017-10-18,27.9508
2017-10-19,27.8681
2017-10-20,28.0564
2017-10-23,27.9232
2017-10-24,28.0013
2017-10-25,27.8497
2017-10-26,27.9645
2017-10-27,28.7176
2017-10-30,28.7819
2017-10-31,28.9059
2017-11-01,28.9105
2017-11-02,28.9242
2017-11-03,29.1538
2017-11-06,29.2181
2017-11-07,29.2319
2017-11-08,29.3926
2017-11-09,29.1584
2017-11-10,29.1584
2017-11-13,29.1492
2017-11-14,29.0895
2017-11-15,28.8737
2017-11-16,29.2778
2017-11-17,29.0895
2017-11-20,29.1997
2017-11-21,29.5074
2017-11-22,29.4523
2017-11-24,29.6176
2017-11-27,29.6176
2017-11-28,29.7140
2017-11-29,29.0574
2017-11-30,29.3145
2017-12-01,29.1630
2017-12-04,28.6946
2017-12-05,28.7038
2017-12-06,28.8875
2017-12-07,29.0666
2017-12-08,29.2043
2017-12-11,29.4569
2017-12-12,29.4477
2017-12-13,29.4569
2017-12-14,29.4202
2017-12-15,29.7557
2017-12-18,30.0184
2017-12-19,29.8340
2017-12-20,29.8248
2017-12-21,29.7649
2017-12-22,29.7465
2017-12-26,29.5483
2017-12-27,29.5805
2017-12-28,29.6312
2017-12-29,29.4745
2018-01-02,29.8387
2018-01-03,30.0875
2018-01-04,30.2396
2018-01-05,30.5577
2018-01-08,30.6729
2018-01-09,30.5945
2018-01-10,30.4885
2018-01-11,30.6130
2018-01-12,30.7927
2018-01-16,30.6729
2018-01-17,31.1338
2018-01-18,31.1891
2018-01-19,31.2490
2018-01-22,31.5532
2018-01-23,31.6915
2018-01-24,31.4472
2018-01-25,31.3919
2018-01-26,31.8897
2018-01-29,31.5993
2018-01-30,31.3135
2018-01-31,31.5486
2018-02-01,31.5762
2018-02-02,30.6406
2018-02-05,29.3593
2018-02-06,30.2028
2018-02-07,29.8156
2018-02-08,28.5804
2018-02-09,29.2810
2018-02-12,29.8064
2018-02-13,29.8801
2018-02-14,30.4286
2018-02-15,31.0093
2018-02-16,30.9632
2018-02-20,30.9909
2018-02-21,30.7927
2018-02-22,30.8296
2018-02-23,31.4748
2018-02-26,31.9680
2018-02-27,31.6454
2018-02-28,31.4195
2018-03-01,30.8987
2018-03-02,31.1937
2018-03-05,31.5117
2018-03-06,31.5809
2018-03-07,31.7560
2018-03-08,31.8943
2018-03-09,32.4980
2018-03-12,32.5994
2018-03-13,32.2261
2018-03-14,32.1985
2018-03-15,32.2169
2018-03-16,32.1836
2018-03-19,31.5456
2018-03-20,31.5317
2018-03-21,31.3421
2018-03-22,30.5330
2018-03-23,29.7193
2018-03-26,30.8474
2018-03-27,29.8580
2018-03-28,29.6592
2018-03-29,30.2464
2018-04-02,29.5251
2018-04-03,29.8164
2018-04-04,30.2325
2018-04-05,30.3574
2018-04-06,29.6130
2018-04-09,29.8442
2018-04-10,30.5793
2018-04-11,30.3990
2018-04-12,30.7642
2018-04-13,30.6625
2018-04-16,30.8983
2018-04-17,31.4716
2018-04-18,31.3884
2018-04-19,31.0416
2018-04-20,30.6116
2018-04-23,30.5007
2018-04-24,29.9690
2018-04-25,29.9736
2018-04-26,30.5192
2018-04-27,30.4637
2018-04-30,30.2649
2018-05-01,30.6440
2018-05-02,30.6116
2018-05-03,30.6810
2018-05-04,31.2635
2018-05-07,31.4808
2018-05-08,31.5502
2018-05-09,31.9386
2018-05-10,32.3547
2018-05-11,32.3084
2018-05-14,32.3038
2018-05-15,31.9987
2018-05-16,32.1420
2018-05-17,31.9756
2018-05-18,31.8415
2018-05-21,32.1189
2018-05-22,32.0726
2018-05-23,32.3084
2018-05-24,32.2715
2018-05-25,32.2483
2018-05-29,32.0726
2018-05-30,32.3084
2018-05-31,32.3177
2018-06-01,32.8679
2018-06-04,33.1314
2018-06-05,33.2470
2018-06-06,33.4643
2018-06-07,33.1961
2018-06-08,33.1407
2018-06-11,33.1776
2018-06-12,33.3395
2018-06-13,33.1684
2018-06-14,33.4042
2018-06-15,33.2766
2018-06-18,33.3137
2018-06-19,33.1420
2018-06-20,33.2116
2018-06-21,32.9564
2018-06-22,32.8497
2018-06-25,32.1677
2018-06-26,32.2976
2018-06-27,31.8568
2018-06-28,32.2466
2018-06-29,32.2326
2018-07-02,32.5203
2018-07-03,32.1352
2018-07-05,32.5899
2018-07-06,32.9704
2018-07-09,33.2209
2018-07-10,33.2998
2018-07-11,33.1699
2018-07-12,33.6942
2018-07-13,33.6571
2018-07-16,33.5782
2018-07-17,33.8287
2018-07-18,33.7731
2018-07-19,33.6524
2018-07-20,33.6617
2018-07-23,33.8334
2018-07-24,34.0190
2018-07-25,34.4458
2018-07-26,33.9169
2018-07-27,33.3369
2018-07-30,32.8173
2018-07-31,32.9054
2018-08-01,33.2024
2018-08-02,33.6199
2018-08-03,33.7406
2018-08-06,33.9215
2018-08-07,34.0514
2018-08-08,34.1442
2018-08-09,34.1582
2018-08-10,33.8844
2018-08-13,33.8380
2018-08-14,34.0468
2018-08-15,33.7406
2018-08-16,33.8890
2018-08-17,33.9401
2018-08-20,33.8890
2018-08-21,33.9447
2018-08-22,34.0468
2018-08-23,34.1210
2018-08-24,34.4644
2018-08-27,34.7799
2018-08-28,34.8402
2018-08-29,35.1557
2018-08-30,35.0490
2018-08-31,35.0768
2018-09-04,34.9423
2018-09-05,34.5061
2018-09-06,34.2556
2018-09-07,34.1396
2018-09-10,34.2463
2018-09-11,34.5386
2018-09-12,34.3948
2018-09-13,34.7984
2018-09-14,34.7706
2018-09-17,34.3345
2018-09-18,34.5525
2018-09-19,34.4644
2018-09-20,34.8727
2018-09-21,34.7349
2018-09-24,34.9071
2018-09-25,34.8652
2018-09-26,34.7349
2018-09-27,34.9397
2018-09-28,35.0701
2018-10-01,35.2377
2018-10-02,35.2423
2018-10-03,35.3494
2018-10-04,34.7116
2018-10-05,34.2740
2018-10-08,33.8876
2018-10-09,34.0086
2018-10-10,32.3606
2018-10-11,31.9509
2018-10-12,32.9751
2018-10-15,32.4350
2018-10-16,33.4127
2018-10-17,33.2591
2018-10-18,32.6073
2018-10-19,32.5933
2018-10-22,32.8634
2018-10-23,32.7377
2018-10-24,31.2712
2018-10-25,32.3466
2018-10-26,31.6995
2018-10-29,31.1641
2018-10-30,31.5133
2018-10-31,32.2628
2018-11-01,32.6399
2018-11-02,32.0021
2018-11-05,31.9695
2018-11-06,32.1697
2018-11-07,33.1148
2018-11-08,33.0868
2018-11-09,32.5142
2018-11-12,31.3689
2018-11-13,31.4062
2018-11-14,31.0291
2018-11-15,31.8066
2018-11-16,31.7553
2018-11-19,30.5449
2018-11-20,29.8885
2018-11-21,30.1073
2018-11-23,29.8326
2018-11-26,30.5077
2018-11-27,30.5682
2018-11-28,31.6390
2018-11-29,31.3317
2018-11-30,31.6296
2018-12-03,32.3280
2018-12-04,31.1036
2018-12-06,31.1734
2018-12-07,30.0747
2018-12-10,30.4890
2018-12-11,30.5263
2018-12-12,30.7637
2018-12-13,30.8149
2018-12-14,30.0607
2018-12-17,29.4229
2018-12-18,29.6557
2018-12-19,29.0691
2018-12-20,28.5477
2018-12-21,27.6803
2018-12-24,26.9416
2018-12-26,28.5687
2018-12-27,28.7745
2018-12-28,28.7090
2018-12-31,28.9802
2019-01-02,28.9989
2019-01-03,27.5354
2019-01-04,28.7558
2019-01-07,29.0129
2019-01-08,29.2561
2019-01-09,29.6348
2019-01-10,29.7657
2019-01-11,29.7096
2019-01-14,29.4337
2019-01-15,29.8779
2019-01-16,29.9060
2019-01-17,30.0977
2019-01-18,30.5559
2019-01-22,30.0416
2019-01-23,30.1444
2019-01-24,30.3969
2019-01-25,30.8271
2019-01-28,30.4156
2019-01-29,30.0883
2019-01-30,31.0235
2019-01-31,30.9908
2019-02-01,31.1731
2019-02-04,31.6734
2019-02-05,31.9399
2019-02-06,32.0475
2019-02-07,31.6080
2019-02-08,31.7903
2019-02-11,31.7763
2019-02-12,32.1971
2019-02-13,32.2392
2019-02-14,32.2953
2019-02-15,32.5524
2019-02-19,32.5618
2019-02-20,32.5992
2019-02-21,32.6132
2019-02-22,33.0294
2019-02-25,33.1883
2019-02-26,33.2585
2019-02-27,33.2258
2019-02-28,33.1322
2019-03-01,33.3567
2019-03-04,33.2304
2019-03-05,33.1322
2019-03-06,32.9592
2019-03-07,32.6460
2019-03-08,32.6413
2019-03-11,33.3426
2019-03-12,33.5390
2019-03-13,33.7588
2019-03-14,33.8289
2019-03-15,34.2384
2019-03-18,34.3839
2019-03-19,34.4542
2019-03-20,34.3604
2019-03-21,35.2235
2019-03-22,34.3932
2019-03-25,34.2431
2019-03-26,34.4308
2019-03-27,34.2337
2019-03-28,34.3745
2019-03-29,34.7122
2019-04-01,35.1860
2019-04-02,35.3079
2019-04-03,35.5941
2019-04-04,35.4440
2019-04-05,35.6129
2019-04-08,35.7489
2019-04-09,35.5800
2019-04-10,35.8286
2019-04-11,35.7817
2019-04-12,36.0303
2019-04-15,36.0163
2019-04-16,36.1992
2019-04-17,36.4009
2019-04-18,36.5041
2019-04-22,36.5885
2019-04-23,36.9873
2019-04-24,37.0013
2019-04-25,36.9920
2019-04-26,36.8512
2019-04-29,36.8606
2019-04-30,36.9216
2019-05-01,36.8278
2019-05-02,36.6355
2019-05-03,36.9826
2019-05-06,36.6964
2019-05-07,35.9084
2019-05-08,35.8662
2019-05-09,35.6222
2019-05-10,35.7348
2019-05-13,34.3885
2019-05-14,34.9421
2019-05-15,35.3220
2019-05-16,35.6457
2019-05-17,35.3595
2019-05-20,34.7450
2019-05-21,35.1719
2019-05-22,34.9890
2019-05-23,34.3745
2019-05-24,34.3839
2019-05-28,34.2853
2019-05-29,34.0836
2019-05-30,34.2947
2019-05-31,33.7224
2019-06-03,33.1314
2019-06-04,34.2384
2019-06-05,34.6841
2019-06-06,35.0875
2019-06-07,35.7395
2019-06-10,36.1054
2019-06-11,36.1054
2019-06-12,35.9037
2019-06-13,36.0116
2019-06-14,35.6973
2019-06-17,35.7254
2019-06-18,36.3728
2019-06-19,36.5041
2019-06-20,37.0389
2019-06-21,36.8638
2019-06-24,36.9344
2019-06-25,36.2565
2019-06-26,36.6472
2019-06-27,36.7414
2019-06-28,36.7366
2019-07-01,37.3204
2019-07-02,37.4192
2019-07-03,37.7064
2019-07-05,37.6358
2019-07-08,37.3486
2019-07-09,37.4804
2019-07-10,37.7770
2019-07-11,37.9182
2019-07-12,38.1959
2019-07-15,38.3230
2019-07-16,37.9653
2019-07-17,37.8664
2019-07-18,38.1489
2019-07-19,37.9841
2019-07-22,38.4219
2019-07-23,38.6337
2019-07-24,38.9538
2019-07-25,38.7938
2019-07-26,38.8785
2019-07-29,38.8550
2019-07-30,38.6055
2019-07-31,38.0218
2019-08-01,37.8288
2019-08-02,37.2121
2019-08-05,35.6587
2019-08-06,36.2518
2019-08-07,36.4777
2019-08-08,37.3722
2019-08-09,36.9485
2019-08-12,36.4636
2019-08-13,37.3769
2019-08-14,36.2282
2019-08-15,36.1623
2019-08-16,36.8496
2019-08-19,37.4098
2019-08-20,37.2215
2019-08-21,37.6593
2019-08-22,37.5699
2019-08-23,36.3271
2019-08-26,36.8308
2019-08-27,36.7743
2019-08-28,36.8073
2019-08-29,37.4475
2019-08-30,37.4381
2019-09-03,36.9814
2019-09-04,37.6122
2019-09-05,38.3984
2019-09-06,38.3654
2019-09-09,38.0783
2019-09-10,37.8853
2019-09-11,38.2807
2019-09-12,38.4878
2019-09-13,38.2054
2019-09-16,38.1112
2019-09-17,38.2666
2019-09-18,38.2619
2019-09-19,38.3466
2019-09-20,37.8994
2019-09-23,38.0175
2019-09-24,37.6491
2019-09-25,38.0977
2019-09-26,38.1402
2019-09-27,37.6302
2019-09-30,38.0269
2019-10-01,37.6727
2019-10-02,36.9644
2019-10-03,37.4178
2019-10-04,38.0363
2019-10-07,37.8758
2019-10-08,37.1816
2019-10-09,37.7341
2019-10-10,37.9938
2019-10-11,38.5180
2019-10-14,38.4944
2019-10-15,38.9194
2019-10-16,38.6502
2019-10-17,38.5747
2019-10-18,38.2063
2019-10-21,38.6172
2019-10-22,38.0977
2019-10-23,38.1308
2019-10-24,38.6880
2019-10-25,39.1555
2019-10-28,39.6513
2019-10-29,39.2924
2019-10-30,39.5332
2019-10-31,39.5096
2019-11-01,39.9818
2019-11-04,40.1896
2019-11-05,40.1424
2019-11-06,40.1235
2019-11-07,40.4399
2019-11-08,40.6665
2019-11-11,40.6854
2019-11-12,40.8224
2019-11-13,40.9121
2019-11-14,40.8649
2019-11-15,41.1954
2019-11-18,41.3182
2019-11-19,41.3985
2019-11-20,41.1482
2019-11-21,40.9404
2019-11-22,40.8885
2019-11-25,41.4835
2019-11-26,41.5212
2019-11-27,41.7526
2019-11-29,41.6298
2019-12-02,41.0349
2019-12-03,40.6713
2019-12-04,40.8365
2019-12-05,40.9876
2019-12-06,41.4410
2019-12-09,41.2237
2019-12-10,41.2568
2019-12-11,41.5354
2019-12-12,41.9793
2019-12-13,42.2579
2019-12-16,42.6356
2019-12-17,42.5365
2019-12-18,42.5318
2019-12-19,42.8387
2019-12-20,43.0874
2019-12-23,43.2106
2019-12-24,43.2248
2019-12-26,43.5470
2019-12-27,43.5422
2019-12-30,43.2911
2019-12-31,43.4285
2020-01-02,44.2434
2020-01-03,43.7459
2020-01-06,43.8502
2020-01-07,43.8312
2020-01-08,44.3002
2020-01-09,44.8024
2020-01-10,44.6982
2020-01-13,45.2572
2020-01-14,45.0440
2020-01-15,45.0961
2020-01-16,45.7025
2020-01-17,46.0104
2020-01-21,45.9915
2020-01-22,46.1573
2020-01-23,46.3752
2020-01-24,46.1573
2020-01-27,45.0582
2020-01-28,45.9204
2020-01-29,46.0389
2020-01-30,46.4368
2020-01-31,45.1624
2020-02-03,45.7594
2020-02-04,46.9579
2020-02-05,47.2327
2020-02-06,47.6638
2020-02-07,47.2280
2020-02-10,47.8675
2020-02-11,47.7065
2020-02-12,48.2228
2020-02-13,48.0949
2020-02-14,48.3034
2020-02-18,48.1234
2020-02-19,48.6966
2020-02-20,48.1897
2020-02-21,47.1095
2020-02-24,45.1624
2020-02-25,43.7175
2020-02-26,43.9165
2020-02-27,41.5477
2020-02-28,41.8651
2020-03-02,44.2860
2020-03-03,42.6042
2020-03-04,44.4329
2020-03-05,43.0306
2020-03-06,42.1210
2020-03-09,38.9232
2020-03-10,41.5193
2020-03-11,39.5580
2020-03-12,35.6969
2020-03-13,39.8849
2020-03-16,34.3752
2020-03-17,36.7155
2020-03-18,35.3322
2020-03-19,35.4601
2020-03-20,33.8351
2020-03-23,33.5260
2020-03-24,36.9596
2020-03-25,36.9120
2020-03-26,39.1978
2020-03-27,37.4263
2020-03-30,39.0026
2020-03-31,38.2740
2020-04-01,36.4500
2020-04-02,37.3025
2020-04-03,36.7263
2020-04-06,39.8598
2020-04-07,39.5026
2020-04-08,40.5646
2020-04-09,40.5741
2020-04-13,40.6646
2020-04-14,42.3695
2020-04-15,41.4456
2020-04-16,41.9504
2020-04-17,42.5076
2020-04-20,41.8266
2020-04-21,40.0741
2020-04-22,41.6171
2020-04-23,41.3313
2020-04-24,42.2076
2020-04-27,42.5695
2020-04-28,42.0028
2020-04-29,43.7267
2020-04-30,43.5315
2020-05-01,42.3362
2020-05-04,42.8981
2020-05-05,43.4886
2020-05-06,43.8267
2020-05-07,44.4839
2020-05-08,45.1363
2020-05-11,45.4364
2020-05-12,44.4982
2020-05-13,43.7315
2020-05-14,44.2887
2020-05-15,44.5125
2020-05-18,45.6030
2020-05-19,45.4364
2020-05-20,46.4317
2020-05-21,45.7840
2020-05-22,45.9507
2020-05-26,45.9031
2020-05-27,46.1650
2020-05-28,46.0745
2020-05-29,46.6555
2020-06-01,46.6412
2020-06-02,47.0793
2020-06-03,47.4460
2020-06-04,47.0555
2020-06-05,48.2937
2020-06-08,48.5366
2020-06-09,48.7652
2020-06-10,49.5795
2020-06-11,46.7364
2020-06-12,47.3412
2020-06-15,47.7984
2020-06-16,48.8175
2020-06-17,48.8080
2020-06-18,49.0271
2020-06-19,48.6890
2020-06-22,49.6063
2020-06-23,49.9645
2020-06-24,48.8375
2020-06-25,49.4630
2020-06-26,48.4889
2020-06-29,49.0189
2020-06-30,49.8976
2020-07-01,49.9788
2020-07-02,50.2701
2020-07-06,51.1487
2020-07-07,50.6139
2020-07-08,51.4400
2020-07-09,51.6263
2020-07-10,51.6119
2020-07-13,50.5423
2020-07-14,51.1249
2020-07-15,51.4018
2020-07-16,50.7667
2020-07-17,51.0150
2020-07-20,52.3187
2020-07-21,51.7934
2020-07-22,52.2089
2020-07-23,50.8527
2020-07-24,50.2366
2020-07-27,51.0294
2020-07-28,50.4324
2020-07-29,51.1631
2020-07-30,51.4496
2020-07-31,52.7342
2020-08-03,54.0330
2020-08-04,54.1715
2020-08-05,54.3721
2020-08-06,55.1362
2020-08-07,54.3148
2020-08-10,54.1620
2020-08-11,53.1878
2020-08-12,54.3960
2020-08-13,54.4199
2020-08-14,54.3816
2020-08-17,54.7446
2020-08-18,54.9499
2020-08-19,54.8831
2020-08-20,55.6137
2020-08-21,56.3204
2020-08-24,56.8075
2020-08-25,57.0940
2020-08-26,58.2545
2020-08-27,58.3022
2020-08-28,58.8132
2020-08-31,58.9994
2020-09-01,60.1264
2020-09-02,60.6612
2020-09-03,57.2039
2020-09-04,56.4064
2020-09-08,53.8564
2020-09-09,55.6137
2020-09-10,54.3578
2020-09-11,53.9423
2020-09-14,55.0741
2020-09-15,55.6185
2020-09-16,54.7589
2020-09-17,54.3052
2020-09-18,53.3693
2020-09-21,53.8129
2020-09-22,54.6648
2020-09-23,52.9610
2020-09-24,53.2578
2020-09-25,54.5308
2020-09-28,55.5741
2020-09-29,55.3875
2020-09-30,55.8517
2020-10-01,56.4404
2020-10-02,55.0094
2020-10-05,56.2155
2020-10-06,55.3444
2020-10-07,56.3590
2020-10-08,56.6510
2020-10-09,57.5172
2020-10-12,59.0870
2020-10-13,58.7089
2020-10-14,58.3978
2020-10-15,58.1346
2020-10-16,57.9671
2020-10-19,56.9046
2020-10-20,57.1009
2020-10-21,57.0147
2020-10-22,56.7467
2020-10-23,56.6845
2020-10-26,55.4545
2020-10-27,55.7321
2020-10-28,53.3678
2020-10-29,54.2580
2020-10-30,53.0568
2020-11-02,53.1908
2020-11-03,54.1288
2020-11-04,56.2346
2020-11-05,57.9815
2020-11-06,58.1873
2020-11-09,57.7661
2020-11-10,56.6893
2020-11-11,58.0341
2020-11-12,57.5172
2020-11-13,58.0054
2020-11-16,58.5654
2020-11-17,58.2399
2020-11-18,57.6177
2020-11-19,58.0820
2020-11-20,57.4837
2020-11-23,57.4694
2020-11-24,58.2686
2020-11-25,58.3931
2020-11-27,58.7041
2020-11-30,59.0966
2020-12-01,59.8528
2020-12-02,59.7618
2020-12-03,59.7235
2020-12-04,60.3218
2020-12-07,60.4941
2020-12-08,60.6903
2020-12-09,59.5273
2020-12-10,59.6135
2020-12-11,59.4890
2020-12-14,59.7044
2020-12-15,60.6999
2020-12-16,61.1115
2020-12-17,61.5948
2020-12-18,61.3795
2020-12-21,61.4409
2020-12-22,61.9734
2020-12-23,61.5032
2020-12-24,61.9110
2020-12-28,62.6114
2020-12-29,62.3139
2020-12-30,62.2804
2020-12-31,62.3715
2021-01-04,61.3545
2021-01-05,61.7527
2021-01-06,60.6877
2021-01-07,62.3235
2021-01-08,62.7265
2021-01-11,62.2084
2021-01-12,61.9110
2021-01-13,62.3044
2021-01-14,61.7575
2021-01-15,61.1243
2021-01-19,61.9206
2021-01-20,63.1486
2021-01-21,63.9641
2021-01-22,63.7195
2021-01-25,64.2520
2021-01-26,64.2951
2021-01-27,63.0815
2021-01-28,63.3405
2021-01-29,61.8486
2021-02-01,63.3981
2021-02-02,64.2568
2021-02-03,64.0361
2021-02-04,65.0579
2021-02-05,64.9140
2021-02-08,65.5951
2021-02-09,65.5184
2021-02-10,65.4224
2021-02-11,66.1420
2021-02-12,66.4826
2021-02-16,66.2667
2021-02-17,65.6815
2021-02-18,65.3601
2021-02-19,65.2641
2021-02-22,63.8250
2021-02-23,63.6475
2021-02-24,64.6213
2021-02-25,62.3619
2021-02-26,62.6929
2021-03-01,64.7125
2021-03-02,63.6859
2021-03-03,62.0837
2021-03-04,60.7117
2021-03-05,61.8582
2021-03-08,60.3615
2021-03-09,62.4147
2021-03-10,62.1652
2021-03-11,63.4940
2021-03-12,63.0383
2021-03-15,63.7099
2021-03-16,64.1896
2021-03-17,64.1368
2021-03-18,62.3571
2021-03-19,62.1700
2021-03-22,63.3925
2021-03-23,62.9983
2021-03-24,62.2340
2021-03-25,62.1955
2021-03-26,63.7771
2021-03-29,63.4454
2021-03-30,62.8445
2021-03-31,63.8444
2021-04-01,65.1279
2021-04-05,66.4739
2021-04-06,66.1903
2021-04-07,66.5412
2021-04-08,67.5027
2021-04-09,68.1516
2021-04-12,67.8247
2021-04-13,68.4641
2021-04-14,67.7382
2021-04-15,68.9015
2021-04-16,68.8871
2021-04-19,68.3151
2021-04-20,67.7094
2021-04-21,68.3920
2021-04-22,67.5892
2021-04-23,68.5987
2021-04-26,68.9496
2021-04-27,68.7814
2021-04-28,68.1420
2021-04-29,68.0843
2021-04-30,67.1565
2021-05-03,66.9691
2021-05-04,65.7673
2021-05-05,65.6086
2021-05-06,66.2672
2021-05-07,66.8345
2021-05-10,65.1471
2021-05-11,64.9500
2021-05-12,63.1233
2021-05-13,63.9598
2021-05-14,65.3683
2021-05-17,64.8875
2021-05-18,64.3684
2021-05-19,64.5943
2021-05-20,65.8298
2021-05-21,65.4692
2021-05-24,66.6326
2021-05-25,66.6518
2021-05-26,66.6470
2021-05-27,66.2960
2021-05-28,66.5316
2021-06-01,66.2047
2021-06-02,66.6614
2021-06-03,66.0413
2021-06-04,67.3104
2021-06-07,67.2959
2021-06-08,67.3008
2021-06-09,67.3488
2021-06-10,67.8440
2021-06-11,68.2478
2021-06-14,68.9400
2021-06-15,68.5170
2021-06-16,68.1468
2021-06-17,68.9352
2021-06-18,68.3055
2021-06-21,69.0375
2021-06-22,69.6636
2021-06-23,69.5865
2021-06-24,70.0248
2021-06-25,69.9429
2021-06-28,70.6749
2021-06-29,71.1902
2021-06-30,71.1132
2021-07-01,71.2336
2021-07-02,72.1727
2021-07-06,72.4472
2021-07-07,72.8421
2021-07-08,72.1534
2021-07-09,72.8181
2021-07-12,72.8758
2021-07-13,73.1744
2021-07-14,73.7138
2021-07-15,73.1070
2021-07-16,72.3846
2021-07-19,71.3877
2021-07-20,72.4472
2021-07-21,73.1455
2021-07-22,73.6849
2021-07-23,74.4170
2021-07-26,74.3784
2021-07-27,73.6753
2021-07-28,73.5838
2021-07-29,73.9257
2021-07-30,73.8776
2021-08-02,73.6127
2021-08-03,74.0847
2021-08-04,74.2340
2021-08-05,74.6433
2021-08-06,74.5807
2021-08-09,74.3399
2021-08-10,73.8053
2021-08-11,73.8150
2021-08-12,74.2388
2021-08-13,74.6433
2021-08-16,74.9804
2021-08-17,74.3592
2021-08-18,73.3334
2021-08-19,74.0510
2021-08-20,75.0045
2021-08-23,75.9725
2021-08-24,75.8859
2021-08-25,75.8425
2021-08-26,75.3657
2021-08-27,76.0929
2021-08-30,76.9117
2021-08-31,76.5071
2021-09-01,76.5264
2021-09-02,76.4445
2021-09-03,76.7479
2021-09-07,76.7672
2021-09-08,76.4734
2021-09-09,76.1844
2021-09-10,75.4332
2021-09-13,75.4572
2021-09-14,75.3609
2021-09-15,76.0207
2021-09-16,76.0640
2021-09-17,74.8793
2021-09-20,73.5154
2021-09-21,73.5444
2021-09-22,74.5527
2021-09-23,75.5514
2021-09-24,75.6044
2021-09-27,74.8711
2021-09-28,72.6518
2021-09-29,72.5602
2021-09-30,72.0391
2021-10-01,73.1246
2021-10-04,71.4313
2021-10-05,72.4492
2021-10-06,72.9220
2021-10-07,73.5878
2021-10-08,73.3128
2021-10-11,72.9075
2021-10-12,72.5312
2021-10-13,72.9751
2021-10-14,74.6202
2021-10-15,75.2185
2021-10-18,75.8553
2021-10-19,76.6079
2021-10-20,76.3956
2021-10-21,76.6899
2021-10-22,76.4246
2021-10-25,76.6755
2021-10-26,76.8926
2021-10-27,76.8250
2021-10-28,77.5969
2021-10-29,77.9298
2021-11-01,77.8140
2021-11-02,78.4991
2021-11-03,78.9574
2021-11-04,80.1925
2021-11-05,80.6074
2021-11-08,81.0416
2021-11-09,80.7087
2021-11-10,79.3772
2021-11-11,79.7487
2021-11-12,80.7184
2021-11-15,80.6364
2021-11-16,81.4855
2021-11-17,81.2394
2021-11-18,82.0499
2021-11-19,82.6482
2021-11-22,81.7267
2021-11-23,81.5385
2021-11-24,82.1320
2021-11-26,80.0815
2021-11-29,82.0837
2021-11-30,81.3986
2021-12-01,80.2842
2021-12-02,81.0223
2021-12-03,79.6666
2021-12-06,80.4241
2021-12-07,83.2319
2021-12-08,83.6131
2021-12-09,82.7109
2021-12-10,84.3705
2021-12-13,83.1161
2021-12-14,81.7508
2021-12-15,83.9170
2021-12-16,81.5385
2021-12-17,80.9934
2021-12-20,80.0300
2021-12-21,82.0553
2021-12-22,83.1284
2021-12-23,83.5924
2021-12-27,85.3857
2021-12-28,84.9410
2021-12-29,85.0135
2021-12-30,84.4528
2021-12-31,84.0419
2022-01-03,84.8395
2022-01-04,83.9404
2022-01-05,81.3593
2022-01-06,80.9484
2022-01-07,80.2040
2022-01-10,80.2185
2022-01-11,81.1804
2022-01-12,81.5623
2022-01-13,79.4500
2022-01-14,80.1219
2022-01-18,78.1981
2022-01-19,77.1057
2022-01-20,76.1100
2022-01-21,74.5971
2022-01-24,74.9837
2022-01-25,73.2485
2022-01-26,73.6787
2022-01-27,73.1711
2022-01-28,76.3710
2022-01-31,78.2899
2022-02-01,78.4929
2022-02-02,79.1310
2022-02-03,76.8350
2022-02-04,77.1444
2022-02-07,76.6320
2022-02-08,77.5794
2022-02-09,79.3002
2022-02-10,77.2265
2022-02-11,74.8677
2022-02-14,74.8436
2022-02-15,76.8109
2022-02-16,76.7335
2022-02-17,74.4376
2022-02-18,73.6835
2022-02-22,73.0020
2022-02-23,71.1749
2022-02-24,73.6062
2022-02-25,74.6067
2022-02-28,74.4714
2022-03-01,72.9826
2022-03-02,74.5632
2022-03-03,73.6738
2022-03-04,72.3833
2022-03-07,69.7345
2022-03-08,69.3961
2022-03-09,72.1416
2022-03-10,70.8800
2022-03-11,69.6329
2022-03-14,68.3424
2022-03-15,70.6383
2022-03-16,72.9343
2022-03-17,73.4515
2022-03-18,74.9547
2022-03-21,74.8124
2022-03-22,75.8874
2022-03-23,74.7204
2022-03-24,76.6622
2022-03-25,76.6186
2022-03-28,77.5290
2022-03-29,79.1755
2022-03-30,78.1198
2022-03-31,76.9625
2022-04-01,76.7349
2022-04-04,78.1925
2022-04-05,76.5460
2022-04-06,74.7349
2022-04-07,74.8511
2022-04-08,73.8051
2022-04-11,71.9456
2022-04-12,71.6260
2022-04-13,72.7785
2022-04-14,71.0110
2022-04-18,71.2434
2022-04-19,72.5800
2022-04-20,72.5122
2022-04-21,71.2822
2022-04-22,69.2870
2022-04-25,70.3282
2022-04-26,67.7084
2022-04-27,68.7108
2022-04-28,71.4613
2022-04-29,68.4832
2022-05-02,69.5243
2022-05-03,69.6454
2022-05-04,72.0909
2022-05-05,68.6236
2022-05-06,68.0716
2022-05-09,65.4372
2022-05-10,66.4348
2022-05-11,64.3380
2022-05-12,63.6745
2022-05-13,65.7907
2022-05-16,65.2096
2022-05-17,67.0982
2022-05-18,64.0280
2022-05-19,63.3259
2022-05-20,63.4663
2022-05-23,64.9239
2022-05-24,63.9602
2022-05-25,64.7060
2022-05-26,66.2605
2022-05-27,68.5025
2022-05-31,68.0135
2022-06-01,67.8101
2022-06-02,69.4517
2022-06-03,67.7907
2022-06-06,67.7955
2022-06-07,68.6042
2022-06-08,67.8294
2022-06-09,66.0183
2022-06-10,63.4808
2022-06-13,60.6673
2022-06-14,61.0499
2022-06-15,62.3380
2022-06-16,59.8005
2022-06-17,60.3477
2022-06-21,61.8798
2022-06-22,61.6176
2022-06-23,62.5401
2022-06-24,64.7879
2022-06-27,64.3509
2022-06-28,62.4235
2022-06-29,62.5498
2022-06-30,61.7147
2022-07-01,61.8555
2022-07-05,62.6323
2022-07-06,63.1712
2022-07-07,64.4771
2022-07-08,64.5063
2022-07-11,63.6178
2022-07-12,62.7488
2022-07-13,62.5838
2022-07-14,63.1566
2022-07-15,64.2684
2022-07-18,63.6470
2022-07-19,65.5889
2022-07-20,66.6133
2022-07-21,67.5503
2022-07-22,66.6181
2022-07-25,66.1958
2022-07-26,65.1228
2022-07-27,67.9241
2022-07-28,68.9582
2022-07-29,70.0165
2022-08-01,69.8660
2022-08-02,69.3708
2022-08-03,71.2157
2022-08-04,71.5409
2022-08-05,71.3759
2022-08-08,70.7690
2022-08-09,70.0602
2022-08-10,71.9730
2022-08-11,71.6914
2022-08-12,73.1188
2022-08-15,73.5800
2022-08-16,73.3809
2022-08-17,72.8566
2022-08-18,73.2353
2022-08-19,71.9051
2022-08-22,69.9000
2022-08-23,69.7155
2022-08-24,69.7592
2022-08-25,70.9389
2022-08-26,67.9095
2022-08-29,67.0114
2022-08-30,66.3123
2022-08-31,65.6666
2022-09-01,65.3462
2022-09-02,64.4966
2022-09-06,64.0693
2022-09-07,65.0937
2022-09-08,65.3170
2022-09-09,66.6084
2022-09-12,67.6765
2022-09-13,64.0839
2022-09-14,64.3169
2022-09-15,62.8362
2022-09-16,62.4867
2022-09-19,62.9962
2022-09-20,62.6263
2022-09-21,61.6481
2022-09-22,61.0203
2022-09-23,60.2221
2022-09-26,59.8036
2022-09-27,59.8814
2022-09-28,60.5141
2022-09-29,58.9373
2022-09-30,57.8082
2022-10-03,59.5992
2022-10-04,61.5994
2022-10-05,61.8038
2022-10-06,61.2977
2022-10-07,58.7767
2022-10-10,57.7887
2022-10-11,56.9030
2022-10-12,56.7277
2022-10-13,58.4895
2022-10-14,56.8445
2022-10-17,58.5771
2022-10-18,59.0736
2022-10-19,58.9032
2022-10-20,58.9373
2022-10-21,60.5141
2022-10-24,61.3512
2022-10-25,62.5241
2022-10-26,61.1322
2022-10-27,60.4363
2022-10-28,63.0644
2022-10-31,62.2321
2022-11-01,61.7114
2022-11-02,59.5797
2022-11-03,57.8276
2022-11-04,58.8837
2022-11-07,59.8668
2022-11-08,60.4411
2022-11-09,58.8691
2022-11-10,63.7068
2022-11-11,64.7969
2022-11-14,64.2421
2022-11-15,65.0208
2022-11-16,64.1302
2022-11-17,64.2129
2022-11-18,64.2859
2022-11-21,63.5948
2022-11-22,64.8261
2022-11-23,65.4004
2022-11-25,65.0208
2022-11-28,63.6289
2022-11-29,63.0060
2022-11-30,66.1694
2022-12-01,66.2619
2022-12-02,65.8774
2022-12-05,64.7823
2022-12-06,63.3953
2022-12-07,63.0741
2022-12-08,64.1059
2022-12-09,63.7116
2022-12-12,65.1036
2022-12-13,65.8725
2022-12-14,65.3177
2022-12-15,62.8745
2022-12-16,62.0423
2022-12-19,61.2150
2022-12-20,61.3078
2022-12-21,62.3230
2022-12-22,60.7513
2022-12-23,60.8148
2022-12-27,60.2389
2022-12-28,59.2676
2022-12-29,60.8197
2022-12-30,60.7367
2023-01-03,60.1608
2023-01-04,60.3170
2023-01-05,59.1456
2023-01-06,60.8782
2023-01-09,61.5860
2023-01-10,61.9667
2023-01-11,63.0404
2023-01-12,63.5090
2023-01-13,63.6896
2023-01-17,63.9776
2023-01-18,63.1527
2023-01-19,62.4157
2023-01-20,64.1045
2023-01-23,65.5638
2023-01-24,65.5345
2023-01-25,65.3979
2023-01-26,66.4424
2023-01-27,66.7206
2023-01-30,65.4467
2023-01-31,66.3594
2023-02-01,67.9212
2023-02-02,69.7760
2023-02-03,69.1951
2023-02-06,68.3508
2023-02-07,70.0590
2023-02-08,69.2147
2023-02-09,68.8340
2023-02-10,68.5167
2023-02-13,69.7027
2023-02-14,70.0005
2023-02-15,70.3275
2023-02-16,69.1073
2023-02-17,68.2434
2023-02-21,66.6230
2023-02-22,66.5253
2023-02-23,67.6284
2023-02-24,66.4228
2023-02-27,66.7791
2023-02-28,66.6327
2023-03-01,66.1446
2023-03-02,66.9597
2023-03-03,68.3996
2023-03-06,68.7266
2023-03-07,67.8724
2023-03-08,68.4337
2023-03-09,67.4527
2023-03-10,66.2667
2023-03-13,66.6278
2023-03-14,68.1653
2023-03-15,68.2043
2023-03-16,70.1176
2023-03-17,70.0200
2023-03-20,70.2088
2023-03-21,70.7762
2023-03-22,70.0718
2023-03-23,71.2116
2023-03-24,71.3975
2023-03-27,70.8447
2023-03-28,70.5121
2023-03-29,71.9893
2023-03-30,72.8258
2023-03-31,73.8677
2023-04-03,73.7503
2023-04-04,73.3443
2023-04-05,72.5078
2023-04-06,72.9187
2023-04-10,72.8796
2023-04-11,72.1948
2023-04-12,71.7839
2023-04-13,73.1193
2023-04-14,72.7133
2023-04-17,72.9774
2023-04-18,73.2025
2023-04-19,72.9921
2023-04-20,72.5127
2023-04-21,72.2779
2023-04-24,71.9600
2023-04-25,70.4240
2023-04-26,71.4708
2023-04-27,72.9872
2023-04-28,73.7797
2023-05-01,73.8237
2023-05-02,73.1340
2023-05-03,72.5176
2023-05-04,72.1703
2023-05-05,73.9802
2023-05-08,73.9411
2023-05-09,73.3737
2023-05-10,74.2688
2023-05-11,73.9362
2023-05-12,73.8384
2023-05-15,74.4498
2023-05-16,74.5281
2023-05-17,75.5211
2023-05-18,77.0668
2023-05-19,77.0326
2023-05-22,77.1793
2023-05-23,76.0396
2023-05-24,75.4819
2023-05-25,78.3777
2023-05-26,80.6034
2023-05-30,81.0339
2023-05-31,80.3588
2023-06-01,81.1757
2023-06-02,81.6404
2023-06-05,81.1708
2023-06-06,81.1513
2023-06-07,79.9382
2023-06-08,80.8040
2023-06-09,81.2051
2023-06-12,82.9709
2023-06-13,83.4748
2023-06-14,84.3357
2023-06-15,85.4216
2023-06-16,84.7172
2023-06-20,84.1463
2023-06-21,82.9012
2023-06-22,83.5776
2023-06-23,82.6708
2023-06-26,82.0777
2023-06-27,83.6953
2023-06-28,83.7443
2023-06-29,83.8914
2023-06-30,85.2247
2023-07-03,85.0433
2023-07-05,84.5188
2023-07-06,84.2933
2023-07-07,83.9257
2023-07-10,84.1463
2023-07-11,84.3276
2023-07-12,85.2835
2023-07-13,86.3962
2023-07-14,86.2688
2023-07-17,87.3717
2023-07-18,88.3619
2023-07-19,88.1413
2023-07-20,86.3815
2023-07-21,86.3374
2023-07-24,86.4894
2023-07-25,87.4796
2023-07-26,86.3031
2023-07-27,86.0531
2023-07-28,87.2247
2023-07-31,87.4256
2023-08-01,87.5727
2023-08-02,85.4061
2023-08-03,85.0580
2023-08-04,83.9012
2023-08-07,84.1365
2023-08-08,83.4894
2023-08-09,82.4110
2023-08-10,82.4208
2023-08-11,81.8130
2023-08-14,83.1169
2023-08-15,82.2982
2023-08-16,81.5139
2023-08-17,80.7394
2023-08-18,80.8620
2023-08-21,82.4061
2023-08-22,82.3129
2023-08-23,83.7982
2023-08-24,81.8669
2023-08-25,82.7002
2023-08-28,83.3767
2023-08-29,85.0482
2023-08-30,85.6904
2023-08-31,86.1070
2023-09-01,86.3717
2023-09-05,86.6806
2023-09-06,85.7639
2023-09-07,84.5237
2023-09-08,84.7002
2023-09-11,85.1414
2023-09-12,83.5972
2023-09-13,83.8080
2023-09-14,84.4159
2023-09-15,82.7933
2023-09-18,83.1912
2023-09-19,83.1470
2023-09-20,81.8403
2023-09-21,80.5926
2023-09-22,80.7645
2023-09-25,81.0249
2023-09-26,79.5659
2023-09-27,79.6887
2023-09-28,80.2536
2023-09-29,80.5287
2023-10-02,81.3933
2023-10-03,80.0129
2023-10-04,81.0101
2023-10-05,81.1182
2023-10-06,82.6361
2023-10-09,83.0635
2023-10-10,83.1912
2023-10-11,83.9625
2023-10-12,84.0411
2023-10-13,82.8375
2023-10-16,83.6334
2023-10-17,83.2453
2023-10-18,82.3905
2023-10-19,81.9189
2023-10-20,80.5336
2023-10-23,80.6270
2023-10-24,81.1821
2023-10-25,80.2242
2023-10-26,78.6915
2023-10-27,79.1483
2023-10-30,79.9982
2023-10-31,80.5680
2023-11-01,82.1253
2023-11-02,83.5155
2023-11-03,84.3751
2023-11-06,84.9302
2023-11-07,85.8587
2023-11-08,86.3450
2023-11-09,85.9422
2023-11-10,88.1871
2023-11-13,87.6713
2023-11-14,89.4251
2023-11-15,89.5380
2023-11-16,89.9851
2023-11-17,89.7984
2023-11-20,91.1002
2023-11-21,90.3633
2023-11-22,90.7661
2023-11-24,90.5893
2023-11-27,90.5844
2023-11-28,90.7563
2023-11-29,90.8251
2023-11-30,90.9577
2023-12-01,91.1640
2023-12-04,90.0538
2023-12-05,90.5942
2023-12-06,89.8279
2023-12-07,90.9184
2023-12-08,91.6946
2023-12-11,92.4953
2023-12-12,93.1093
2023-12-13,93.9297
2023-12-14,93.6988
2023-12-15,94.1704
2023-12-18,94.4520
2023-12-19,94.8114
2023-12-20,93.3788
2023-12-21,94.4274
2023-12-22,94.5505
2023-12-26,94.9443
2023-12-27,94.9394
2023-12-28,95.0527
2023-12-29,94.7622
2024-01-02,92.2809
2024-01-03,91.3405
2024-01-04,90.6710
2024-01-05,90.6464
2024-01-08,92.9209
2024-01-09,93.0686
2024-01-10,93.8612
2024-01-11,94.3388
2024-01-12,94.6440
2024-01-16,94.8803
2024-01-17,94.4126
2024-01-18,96.3278
2024-01-19,98.5481
2024-01-22,98.9814
2024-01-23,99.3802
2024-01-24,100.0645
2024-01-25,100.4830
2024-01-26,99.3260
2024-01-29,100.2368
2024-01-30,99.4097
2024-01-31,97.3223
2024-02-01,98.5481
2024-02-02,99.5673
2024-02-05,99.7937
2024-02-06,99.3359
2024-02-07,100.6504
2024-02-08,100.9655
2024-02-09,102.3243
2024-02-12,101.5464
2024-02-13,99.8233
2024-02-14,100.8670
2024-02-15,100.6553
2024-02-16,99.7297
2024-02-20,98.7155
2024-02-21,98.0952
2024-02-22,101.3052
2024-02-23,101.0688
2024-02-26,101.1673
2024-02-27,101.2559
2024-02-28,100.7784
2024-02-29,101.9009
2024-03-01,103.7618
2024-03-04,103.7618
2024-03-05,101.2116
2024-03-06,102.0141
2024-03-07,103.6240
2024-03-08,102.0830
2024-03-11,101.8024
2024-03-12,103.8898
2024-03-13,102.7673
2024-03-14,102.7870
2024-03-15,101.2362
2024-03-18,101.7338
2024-03-19,102.2615
2024-03-20,103.4055
2024-03-21,103.4795
2024-03-22,103.5140
2024-03-25,102.8286
2024-03-26,102.4045
2024-03-27,102.9272
2024-03-28,102.7053
2024-04-01,102.9913
2024-04-02,102.0001
2024-04-03,102.2713
2024-04-04,100.6538
2024-04-05,101.8078
2024-04-08,101.6894
2024-04-09,102.2023
2024-04-10,100.9497
2024-04-11,102.9666
2024-04-12,101.2998
2024-04-15,99.3766
2024-04-16,99.4950
2024-04-17,98.0599
2024-04-18,96.9405
2024-04-19,94.9433
2024-04-22,95.7915
2024-04-23,97.2118
2024-04-24,97.6556
2024-04-25,97.4435
2024-04-26,98.5432
2024-04-29,98.9673
2024-04-30,96.7877
2024-05-01,95.7965
2024-05-02,97.1772
2024-05-03,99.8845
2024-05-06,101.0582
2024-05-07,100.7278
2024-05-08,101.0138
2024-05-09,100.9842
2024-05-10,101.3590
2024-05-13,101.8374
2024-05-14,102.7398
2024-05-15,105.0526
2024-05-16,104.6877
2024-05-17,104.4559
2024-05-20,105.6838
2024-05-21,105.8564
2024-05-22,106.0931
2024-05-23,105.2301
2024-05-24,106.1178
2024-05-28,106.5665
2024-05-29,105.8909
2024-05-30,103.4746
2024-05-31,103.6373
2024-06-03,103.8987
2024-06-04,104.1156
2024-06-05,106.4284
2024-06-06,106.0734
2024-06-07,106.3200
2024-06-10,106.5912
2024-06-11,108.5736
2024-06-12,110.9752
2024-06-13,111.8529
2024-06-14,112.2721
2024-06-17,113.9734
2024-06-18,114.1164
2024-06-20,112.8343
2024-06-21,112.6370
2024-06-24,109.8756
2024-06-25,111.8911
2024-06-26,111.7626
2024-06-27,111.8170
2024-06-28,111.7577
2024-07-01,112.6024
2024-07-02,113.1656
2024-07-03,114.6921
2024-07-05,115.0428
2024-07-08,115.8283
2024-07-09,115.7344
2024-07-10,117.4140
2024-07-11,114.4747
2024-07-12,115.4973
2024-07-15,115.7048
2024-07-16,115.3194
2024-07-17,110.8339
2024-07-18,110.8438
2024-07-19,109.1099
2024-07-22,111.6935
2024-07-23,111.2489
2024-07-24,106.6448
2024-07-25,105.5037
2024-07-26,106.8424
2024-07-29,106.3682
2024-07-30,103.6956
2024-07-31,108.0873
2024-08-01,104.0562
2024-08-02,101.1318
2024-08-05,97.7627
2024-08-06,99.0915
2024-08-07,97.4860
2024-08-08,101.1268
2024-08-09,101.5813
2024-08-12,102.4112
2024-08-13,105.5580
2024-08-14,106.1360
2024-08-15,109.1889
2024-08-16,109.3717
2024-08-19,111.1748
2024-08-20,110.7845
2024-08-21,111.4366
2024-08-22,108.8727
2024-08-23,110.6363
2024-08-26,109.2482
2024-08-27,109.9101
2024-08-28,108.3936
2024-08-29,107.4154
2024-08-30,108.8431
2024-09-03,103.8438
2024-09-04,103.5771
2024-09-05,103.4190
2024-09-06,100.7366
2024-09-09,102.3865
2024-09-10,103.9179
2024-09-11,107.4648
2024-09-12,108.3540
2024-09-13,108.8974
2024-09-16,108.4825
2024-09-17,108.2701
2024-09-18,107.2821
2024-09-19,110.4684
2024-09-20,109.9299
2024-09-23,109.9096
2024-09-24,110.6618
2024-09-25,110.9786
2024-09-26,112.4484
2024-09-27,111.3992
2024-09-30,111.7258
2024-10-01,109.0040
2024-10-02,109.8106
2024-10-03,110.2659
2024-10-04,111.4932
2024-10-07,110.7262
2024-10-08,112.7948
2024-10-09,114.0568
2024-10-10,114.0271
2024-10-11,114.2250
2024-10-14,115.7146
2024-10-15,113.1709
2024-10-16,113.5223
2024-10-17,113.8687
2024-10-18,114.2745
2024-10-21,114.8090
2024-10-22,114.6902
2024-10-23,113.0472
2024-10-24,113.3788
2024-10-25,113.9677
2024-10-28,113.9330
2024-10-29,115.4672
2024-10-30,113.6312
2024-10-31,109.9838
2024-11-01,110.8103
2024-11-04,110.7262
2024-11-05,112.2851
2024-11-06,115.4820
2024-11-07,117.4962
2024-11-08,117.3676
2024-11-11,116.7193
2024-11-12,116.8677
2024-11-13,116.4619
2024-11-14,116.0660
2024-11-15,113.1858
2024-11-18,113.5520
2024-11-19,114.4824
2024-11-20,114.3834
2024-11-21,115.5464
2024-11-22,115.6058
2024-11-25,115.6008
2024-11-26,116.1798
2024-11-27,114.6061
2024-11-29,115.6701
2024-12-02,116.7688
2024-12-03,117.1894
2024-12-04,119.3323
2024-12-05,118.7285
2024-12-06,119.1888
2024-12-09,118.4118
2024-12-10,116.7688
2024-12-11,118.4613
2024-12-12,117.7981
2024-12-13,118.3029
2024-12-16,119.4857
2024-12-17,118.7631
2024-12-18,114.9327
2024-12-19,115.0564
2024-12-20,116.7737
2024-12-23,118.0110
2024-12-24,119.2304
2024-12-26,119.3097
2024-12-27,117.7235
2024-12-30,116.2264
2024-12-31,115.2598
2025-01-02,114.9872
2025-01-03,116.8609
2025-01-06,118.3480
2025-01-07,115.9736
2025-01-08,115.9340
2025-01-10,113.4059
2025-01-13,112.6029
2025-01-14,112.9003
2025-01-15,115.1458
2025-01-16,114.2585
2025-01-17,116.0480
2025-01-21,117.0146
2025-01-22,119.6567
2025-01-23,119.8698
2025-01-24,118.6207
2025-01-27,112.8061
2025-01-28,115.8150
2025-01-29,114.8732
2025-01-30,115.0863
2025-01-31,114.4122
2025-02-03,112.8706
2025-02-04,114.4965
2025-02-05,116.0877
2025-02-06,116.4049
2025-02-07,115.4085
2025-02-10,117.0939
2025-02-11,117.1484
2025-02-12,116.8956
2025-02-13,118.5513
2025-02-14,118.9528
2025-02-18,120.0384
2025-02-19,120.0483
2025-02-20,119.6666
2025-02-21,116.4247
2025-02-24,114.7592
2025-02-25,113.2721
2025-02-26,114.5064
2025-02-27,110.3376
2025-02-28,111.7949
2025-03-03,108.3944
2025-03-04,108.3101
2025-03-05,109.8319
2025-03-06,106.7834
2025-03-07,108.3300
2025-03-10,103.7249
2025-03-11,103.3036
2025-03-12,104.9295
2025-03-13,102.9368
2025-03-14,106.0498
2025-03-17,106.7883
2025-03-18,105.1625
2025-03-19,106.5306
2025-03-20,105.7722
2025-03-21,106.0597
2025-03-24,108.0683
2025-03-25,108.4258
2025-03-26,106.0075
2025-03-27,105.0293
2025-03-28,102.4819
2025-03-31,102.5315
2025-04-01,103.2814
2025-04-02,104.0461
2025-04-03,96.9451
2025-04-04,90.5593
2025-04-07,91.1005
2025-04-08,89.2483
2025-04-09,101.2305
2025-04-10,96.5181
2025-04-11,98.4944
2025-04-14,99.3932
2025-04-15,99.7557
2025-04-16,96.2897
2025-04-17,95.7683
2025-04-21,93.2954
2025-04-22,95.5697
2025-04-23,98.3405
2025-04-24,102.0102
2025-04-25,103.5197
2025-04-28,103.3509
2025-04-29,103.8326
2025-04-30,104.2646
2025-05-01,105.7940
2025-05-02,107.5618
2025-05-05,106.9907
2025-05-06,106.1019
2025-05-07,107.1645
2025-05-08,108.1875
2025-05-09,108.0534
2025-05-12,113.0687
2025-05-13,115.5119
2025-05-14,116.2617
2025-05-15,116.4206
2025-05-16,116.6391
2025-05-19,116.4702
2025-05-20,116.0333
2025-05-21,113.8533
2025-05-22,113.8831
2025-05-23,112.6268
2025-05-27,115.3033
2025-05-28,114.8266
2025-05-29,115.0203
2025-05-30,114.6627
2025-06-02,115.6757
2025-06-03,117.4137
2025-06-04,117.5875
2025-06-05,117.2548
2025-06-06,118.3622
2025-06-09,118.9432
2025-06-10,119.6086
2025-06-11,119.3454
2025-06-12,120.4527
2025-06-13,118.7644
2025-06-16,120.6861
2025-06-17,119.8320
2025-06-18,119.9760
2025-06-20,119.4447
2025-06-23,120.8065
2025-06-24,122.9752
2025-06-25,124.0247
2025-06-26,124.8802
2025-06-27,124.7310
2025-06-30,125.9546
2025-07-01,124.8304
2025-07-02,126.1485
2025-07-03,127.8098
2025-07-07,126.7951
2025-07-08,127.4766
2025-07-09,128.2426
2025-07-10,127.8198
2025-07-11,127.2577
2025-07-14,127.1533
2025-07-15,128.2823
2025-07-16,128.6803
2025-07-17,129.8491
2025-07-18,129.7646
2025-07-21,129.9337
2025-07-22,128.7300
2025-07-23,129.4661
2025-07-24,130.0133
2025-07-25,130.3117
2025-07-28,131.3513
2025-07-29,131.3562
2025-07-30,131.6497
2025-07-31,130.6847
2025-08-01,127.8645
2025-08-04,130.4609
2025-08-05,129.3816
2025-08-06,130.8389
2025-08-07,130.9583
2025-08-08,132.2665
2025-08-11,131.3711
2025-08-12,133.4055
2025-08-13,133.4552
2025-08-14,133.1667
2025-08-15,132.1570
2025-08-18,132.4405
2025-08-19,130.1277
2025-08-20,129.2473
2025-08-21,128.7797
2025-08-22,130.5256
2025-08-25,130.2321
2025-08-26,130.8290
2025-08-27,131.5353
2025-08-28,132.5748
2025-08-29,130.5405
2025-09-02,129.2224
2025-09-03,129.9934
2025-09-04,130.6350
2025-09-05,130.7444
2025-09-08,131.7243
2025-09-09,131.9780
2025-09-10,134.3704
2025-09-11,134.8230
2025-09-12,134.7335
2025-09-15,135.9472
2025-09-16,135.4746
2025-09-17,135.0071
2025-09-18,137.3399
2025-09-19,138.7325
2025-09-22,140.7735
2025-09-23,139.5583
2025-09-24,138.6967
2025-09-25,138.4527
2025-09-26,138.8710
2025-09-29,139.6131
2025-09-30,140.3751
2025-10-01,141.7496
2025-10-02,142.5166
2025-10-03,141.7994
2025-10-06,143.2338
2025-10-07,142.2775
2025-10-08,144.7727
2025-10-09,144.5286
2025-10-10,138.6469
2025-10-13,142.0235
2025-10-14,140.2007
2025-10-15,141.5903
2025-10-16,141.6948
2025-10-17,141.9439
2025-10-20,143.5276
2025-10-21,143.6023
2025-10-22,142.1829
2025-10-23,143.9758
2025-10-24,146.2120
2025-10-27,148.9113
2025-10-28,150.3855
2025-10-29,151.4662
2025-10-30,149.6036
2025-10-31,149.7480
2025-11-03,150.3606
2025-11-04,146.3913
2025-11-05,146.9640
2025-11-06,144.0107
2025-11-07,143.5127
2025-11-10,147.1831
2025-11-11,145.9281
2025-11-12,146.3813
2025-11-13,142.7307
2025-11-14,143.5077
2025-11-17,141.2616
2025-11-18,138.9656
2025-11-19,139.9318
2025-11-20,135.5392
2025-11-21,136.0621
2025-11-24,139.3043
2025-11-25,139.6778
2025-11-26,141.3313
2025-11-28,142.5465
2025-12-01,142.6112
2025-12-02,144.0804
2025-12-03,144.4240
2025-12-04,144.9619
2025-12-05,146.0227
2025-12-08,147.0487
2025-12-09,147.4371
2025-12-10,148.1443
2025-12-11,147.3873
2025-12-12,143.1242
2025-12-15,141.7397
2025-12-16,141.9986
2025-12-17,138.8411
2025-12-18,140.9827
2025-12-19,144.0306
2025-12-22,144.8077
2025-12-23,145.5958
2025-12-24,145.9449
2025-12-26,146.1744
2025-12-29,145.5160
2025-12-30,145.0571
2025-12-31,143.6206
2026-01-02,143.9498
2026-01-05,144.2690
2026-01-06,146.2941
2026-01-07,146.1744
2026-01-08,143.8899
2026-01-09,145.7953
2026-01-12,146.4338
2026-01-13,146.1245
2026-01-14,144.3488
2026-01-15,145.1070
2026-01-16,145.2666
2026-01-20,141.4958
2026-01-21,143.4610
2026-01-22,144.5284
2026-01-23,144.7379
2026-01-26,145.7255
2026-01-27,147.6907
2026-01-28,148.8678
2026-01-29,146.5136
2026-01-30,143.5308
2026-02-02,144.9075
2026-02-03,141.7352
2026-02-04,137.7848
2026-02-05,135.3008
2026-02-06,140.7875
2026-02-09,143.0021
2026-02-10,142.2040
2026-02-11,142.6230
2026-02-12,138.8722
2026-02-13,139.2213
2026-02-17,139.1415
2026-02-18,140.5680
2026-02-19,139.8697
2026-02-20,140.5381
2026-02-23,138.1838
2026-02-24,139.9795
2026-02-25,142.6629
2026-02-26,140.6678
2026-02-27,138.4232
2026-03-02,139.2014
2026-03-03,137.1663
2026-03-04,139.5006
2026-03-05,139.8398
2026-03-06,136.9568
2026-03-09,139.4208
2026-03-10,139.4208
2026-03-11,140.0892
2026-03-12,137.5055
2026-03-13,136.4680
2026-03-16,138.4432
2026-03-17,139.2014
2026-03-18,137.6252
2026-03-19,138.0940
2026-03-20,134.9617
2026-03-23,136.7875
2026-03-24,135.9884
2026-03-25,136.5977
2026-03-26,132.3428
2026-03-27,129.7658
2026-03-30,127.3487
2026-03-31,132.7423
2026-04-01,134.7499
2026-04-02,135.8286
2026-04-06,136.6177
2026-04-07,137.2669
2026-04-08,141.5219
2026-04-09,141.9014
2026-04-10,142.4508
2026-04-13,145.4372
2026-04-14,147.7645
2026-04-15,150.1217
2026-04-16,151.8396
2026-04-17,154.1669
2026-04-20,154.3766
2026-04-21,154.5064
2026-04-22,157.9024
2026-04-23,155.6551
2026-04-24,160.0299
2026-04-27,160.3795
2026-04-28,157.6627
2026-04-29,158.9212
2026-04-30,159.3107
2026-05-01,161.6779
2026-05-04,161.8577
2026-05-05,165.4335
2026-05-06,169.8282
2026-05-07,169.4887
2026-05-08,175.3117
2026-05-11,177.6689
2026-05-12,174.9921
2026-05-13,176.6402
2026-05-14,179.2870
2026-05-15,176.0509
2026-05-18,174.1531
2026-05-19,173.0344
2026-05-20,176.9298
2026-05-21,178.3881
2026-05-22,180.1760
2026-05-26,184.9203
2026-05-27,184.2112
2026-05-28,186.6283
2026-05-29,190.7933
2026-06-01,195.5277
2026-06-02,197.9748
2026-06-03,195.9972
2026-06-04,192.9408
2026-06-05,180.0861
2026-06-08,183.9615
2026-06-09,180.5555
2026-06-10,176.4204
2026-06-11,182.9926
2026-06-12,184.5807
2026-06-15,191.5624
2026-06-16,186.2188
2026-06-17,185.5795
2026-06-18,191.2128
2026-06-22,192.1500
2026-06-23,184.1900
2026-06-24,183.0500
2026-06-25,184.5700
2026-06-26,181.1100
2026-06-29,185.4100
2026-06-30,190.5200
2026-07-01,185.6200
2026-07-02,180.5900
