date,XLP.US
2017-01-03,40.2229
2017-01-04,40.2229
2017-01-05,40.3546
2017-01-06,40.3934
2017-01-09,40.0679
2017-01-10,39.8664
2017-01-11,39.9439
2017-01-12,39.9051
2017-01-13,39.9284
2017-01-17,40.4941
2017-01-18,40.6336
2017-01-19,40.4864
2017-01-20,40.7499
2017-01-23,40.7344
2017-01-24,41.0056
2017-01-25,40.9979
2017-01-26,40.8196
2017-01-27,40.5949
2017-01-30,40.5639
2017-01-31,40.7576
2017-02-01,40.4399
2017-02-02,40.8119
2017-02-03,41.0754
2017-02-06,40.8506
2017-02-07,41.1839
2017-02-08,41.3544
2017-02-09,41.5249
2017-02-10,41.5559
2017-02-13,41.5559
2017-02-14,41.5636
2017-02-15,41.9434
2017-02-16,41.9976
2017-02-17,42.2069
2017-02-21,42.5866
2017-02-22,42.5944
2017-02-23,42.6951
2017-02-24,42.8424
2017-02-27,42.6486
2017-02-28,42.7029
2017-03-01,42.9044
2017-03-02,42.8966
2017-03-03,42.7339
2017-03-06,42.5479
2017-03-07,42.4936
2017-03-08,42.4006
2017-03-09,42.4704
2017-03-10,42.6641
2017-03-13,42.6951
2017-03-14,42.5711
2017-03-15,42.8889
2017-03-16,42.9509
2017-03-17,42.8340
2017-03-20,42.9197
2017-03-21,42.8808
2017-03-22,42.7951
2017-03-23,42.7016
2017-03-24,42.6159
2017-03-27,42.5769
2017-03-28,42.6548
2017-03-29,42.7327
2017-03-30,42.6470
2017-03-31,42.5224
2017-04-03,42.4523
2017-04-04,42.5769
2017-04-05,42.4990
2017-04-06,42.4990
2017-04-07,42.6159
2017-04-10,42.7405
2017-04-11,42.7561
2017-04-12,42.9197
2017-04-13,42.7249
2017-04-17,43.0288
2017-04-18,43.2236
2017-04-19,43.0600
2017-04-20,42.9743
2017-04-21,42.8496
2017-04-24,43.2391
2017-04-25,43.4105
2017-04-26,43.0600
2017-04-27,43.0054
2017-04-28,42.9898
2017-05-01,42.8262
2017-05-02,42.5380
2017-05-03,42.5769
2017-05-04,42.9041
2017-05-05,43.0210
2017-05-08,43.0054
2017-05-09,42.8496
2017-05-10,42.8808
2017-05-11,42.9431
2017-05-12,42.8184
2017-05-15,42.9587
2017-05-16,42.9197
2017-05-17,42.8574
2017-05-18,42.8886
2017-05-19,43.1223
2017-05-22,43.3638
2017-05-23,43.4105
2017-05-24,43.5819
2017-05-25,43.8546
2017-05-26,44.0182
2017-05-30,44.0026
2017-05-31,44.1273
2017-06-01,44.4857
2017-06-02,44.6181
2017-06-05,44.6649
2017-06-06,44.5558
2017-06-07,44.5402
2017-06-08,44.2052
2017-06-09,44.1507
2017-06-12,44.1429
2017-06-13,44.2130
2017-06-14,44.4935
2017-06-15,44.3922
2017-06-16,43.9258
2017-06-19,44.1378
2017-06-20,43.9651
2017-06-21,43.8395
2017-06-22,43.5490
2017-06-23,43.5647
2017-06-26,43.7374
2017-06-27,43.3606
2017-06-28,43.5176
2017-06-29,43.0544
2017-06-30,43.1329
2017-07-03,43.0936
2017-07-05,43.0622
2017-07-06,42.8189
2017-07-07,42.7953
2017-07-10,42.4970
2017-07-11,42.3792
2017-07-12,42.6147
2017-07-13,42.6226
2017-07-14,42.9602
2017-07-17,43.0073
2017-07-18,43.0073
2017-07-19,43.1643
2017-07-20,43.1722
2017-07-21,43.2428
2017-07-24,43.1015
2017-07-25,43.3998
2017-07-26,43.3920
2017-07-27,43.8159
2017-07-28,43.4469
2017-07-31,43.4312
2017-08-01,43.3841
2017-08-02,43.3527
2017-08-03,43.3135
2017-08-04,43.1957
2017-08-07,43.5176
2017-08-08,43.3527
2017-08-09,43.4234
2017-08-10,43.2428
2017-08-11,43.2742
2017-08-14,43.4862
2017-08-15,43.7060
2017-08-16,43.8552
2017-08-17,43.4548
2017-08-18,43.3370
2017-08-21,43.4940
2017-08-22,43.5019
2017-08-23,43.3763
2017-08-24,42.7796
2017-08-25,42.9209
2017-08-28,42.7953
2017-08-29,42.9445
2017-08-30,42.9366
2017-08-31,42.9523
2017-09-01,43.1565
2017-09-05,43.2193
2017-09-06,43.3998
2017-09-07,43.4626
2017-09-08,43.2507
2017-09-11,43.5176
2017-09-12,43.6118
2017-09-13,43.6354
2017-09-14,43.5490
2017-09-15,43.6248
2017-09-18,43.6880
2017-09-19,43.5537
2017-09-20,43.1350
2017-09-21,42.7242
2017-09-22,42.5978
2017-09-25,42.9059
2017-09-26,43.0086
2017-09-27,42.6768
2017-09-28,42.6768
2017-09-29,42.6452
2017-10-02,42.5662
2017-10-03,42.6136
2017-10-04,42.7479
2017-10-05,42.9375
2017-10-06,42.5109
2017-10-09,42.3924
2017-10-10,42.7637
2017-10-11,42.8506
2017-10-12,43.0323
2017-10-13,43.1113
2017-10-16,43.1271
2017-10-17,42.9691
2017-10-18,42.9138
2017-10-19,42.6847
2017-10-20,42.5820
2017-10-23,42.5504
2017-10-24,42.4003
2017-10-25,42.2818
2017-10-26,42.3134
2017-10-27,41.9500
2017-10-30,41.5945
2017-10-31,41.9421
2017-11-01,42.0764
2017-11-02,41.9737
2017-11-03,41.9816
2017-11-06,41.5313
2017-11-07,41.9974
2017-11-08,42.4556
2017-11-09,42.4477
2017-11-10,42.8822
2017-11-13,43.1271
2017-11-14,43.2772
2017-11-15,42.8190
2017-11-16,43.4115
2017-11-17,43.2614
2017-11-20,43.2140
2017-11-21,43.3562
2017-11-22,43.3009
2017-11-24,43.2693
2017-11-27,43.2930
2017-11-28,43.6485
2017-11-29,43.8776
2017-11-30,44.2806
2017-12-01,44.3912
2017-12-04,44.8099
2017-12-05,44.7388
2017-12-06,45.0232
2017-12-07,44.5887
2017-12-08,44.7072
2017-12-11,44.6993
2017-12-12,44.7072
2017-12-13,44.9600
2017-12-14,44.7625
2017-12-15,45.2702
2017-12-18,45.2464
2017-12-19,45.3021
2017-12-20,45.2225
2017-12-21,45.1907
2017-12-22,45.2623
2017-12-26,45.3658
2017-12-27,45.3578
2017-12-28,45.2862
2017-12-29,45.2782
2018-01-02,44.9996
2018-01-03,44.9837
2018-01-04,45.1111
2018-01-05,45.3100
2018-01-08,45.4215
2018-01-09,45.3578
2018-01-10,45.1349
2018-01-11,45.0713
2018-01-12,45.0872
2018-01-16,45.2941
2018-01-17,45.8114
2018-01-18,45.6761
2018-01-19,46.1855
2018-01-22,46.5357
2018-01-23,46.3845
2018-01-24,46.4800
2018-01-25,46.5039
2018-01-26,46.7267
2018-01-29,46.5437
2018-01-30,46.2333
2018-01-31,46.0184
2018-02-01,45.8194
2018-02-02,44.9439
2018-02-05,43.3124
2018-02-06,43.7899
2018-02-07,43.5989
2018-02-08,42.6597
2018-02-09,42.7473
2018-02-12,43.1850
2018-02-13,43.3840
2018-02-14,43.3601
2018-02-15,44.0764
2018-02-16,44.2515
2018-02-20,43.2487
2018-02-21,42.7314
2018-02-22,42.8428
2018-02-23,43.2566
2018-02-26,43.5272
2018-02-27,42.9542
2018-02-28,42.5085
2018-03-01,42.4130
2018-03-02,42.7711
2018-03-05,43.1452
2018-03-06,43.1771
2018-03-07,42.7871
2018-03-08,43.1771
2018-03-09,43.4556
2018-03-12,43.3760
2018-03-13,43.3442
2018-03-14,42.9064
2018-03-15,42.6040
2018-03-16,42.6192
2018-03-19,42.2030
2018-03-20,42.0830
2018-03-21,41.5627
2018-03-22,41.2186
2018-03-23,40.7064
2018-03-26,41.2906
2018-03-27,41.2666
2018-03-28,41.8349
2018-03-29,42.1230
2018-04-02,41.0905
2018-04-03,41.6348
2018-04-04,42.2831
2018-04-05,42.3871
2018-04-06,41.9549
2018-04-09,41.9309
2018-04-10,42.0270
2018-04-11,41.9469
2018-04-12,41.8829
2018-04-13,42.0910
2018-04-16,42.5472
2018-04-17,42.6432
2018-04-18,42.3231
2018-04-19,41.0985
2018-04-20,40.4102
2018-04-23,40.3622
2018-04-24,40.1061
2018-04-25,40.1781
2018-04-26,40.4182
2018-04-27,40.6343
2018-04-30,40.3782
2018-05-01,40.0260
2018-05-02,39.2417
2018-05-03,39.2017
2018-05-04,39.7699
2018-05-07,39.5218
2018-05-08,39.3617
2018-05-09,39.4178
2018-05-10,39.6499
2018-05-11,39.6499
2018-05-14,39.6339
2018-05-15,39.4818
2018-05-16,39.7619
2018-05-17,39.8980
2018-05-18,39.6499
2018-05-21,39.8180
2018-05-22,39.7459
2018-05-23,39.8900
2018-05-24,39.8580
2018-05-25,39.9220
2018-05-29,39.8340
2018-05-30,40.3942
2018-05-31,39.7459
2018-06-01,39.7459
2018-06-04,40.0741
2018-06-05,39.8900
2018-06-06,39.9380
2018-06-07,40.1861
2018-06-08,40.6823
2018-06-11,41.0185
2018-06-12,41.0985
2018-06-13,40.9705
2018-06-14,41.0425
2018-06-15,41.5700
2018-06-18,40.9651
2018-06-19,41.1828
2018-06-20,41.2232
2018-06-21,41.3038
2018-06-22,41.6426
2018-06-25,41.8523
2018-06-26,41.6748
2018-06-27,41.5861
2018-06-28,41.5861
2018-06-29,41.5619
2018-07-02,41.3200
2018-07-03,41.4167
2018-07-05,41.9894
2018-07-06,42.1185
2018-07-09,41.9571
2018-07-10,42.4572
2018-07-11,42.3201
2018-07-12,42.2636
2018-07-13,42.5379
2018-07-16,42.3362
2018-07-17,42.6992
2018-07-18,42.3524
2018-07-19,42.3766
2018-07-20,42.6347
2018-07-23,42.3685
2018-07-24,42.4491
2018-07-25,42.7718
2018-07-26,42.9976
2018-07-27,43.0541
2018-07-30,43.0057
2018-07-31,43.2073
2018-08-01,42.8444
2018-08-02,43.2799
2018-08-03,43.7880
2018-08-06,43.8284
2018-08-07,43.5622
2018-08-08,43.2315
2018-08-09,43.1025
2018-08-10,42.9411
2018-08-13,42.9411
2018-08-14,43.2396
2018-08-15,43.4170
2018-08-16,44.0381
2018-08-17,44.3768
2018-08-20,44.3526
2018-08-21,44.0381
2018-08-22,43.7638
2018-08-23,43.6590
2018-08-24,43.6025
2018-08-27,43.6267
2018-08-28,43.4815
2018-08-29,43.5299
2018-08-30,43.3928
2018-08-31,43.3767
2018-09-04,43.3202
2018-09-05,43.8203
2018-09-06,43.9413
2018-09-07,43.8526
2018-09-10,44.0058
2018-09-11,43.8445
2018-09-12,44.3526
2018-09-13,44.2881
2018-09-14,44.1671
2018-09-17,44.3284
2018-09-18,44.1429
2018-09-19,44.0623
2018-09-20,44.6188
2018-09-21,44.6903
2018-09-24,44.0080
2018-09-25,43.7480
2018-09-26,43.7968
2018-09-27,43.7399
2018-09-28,43.8049
2018-10-01,43.7724
2018-10-02,44.0242
2018-10-03,43.5531
2018-10-04,43.4475
2018-10-05,43.4069
2018-10-08,44.0080
2018-10-09,43.9105
2018-10-10,43.3825
2018-10-11,42.3104
2018-10-12,42.5459
2018-10-15,42.8058
2018-10-16,43.2851
2018-10-17,43.4881
2018-10-18,43.4313
2018-10-19,44.4222
2018-10-22,44.0892
2018-10-23,44.2841
2018-10-24,44.4710
2018-10-25,44.5765
2018-10-26,43.7237
2018-10-29,44.2273
2018-10-30,45.1045
2018-10-31,44.6821
2018-11-01,44.9989
2018-11-02,44.7634
2018-11-05,45.3238
2018-11-06,45.6000
2018-11-07,45.8599
2018-11-08,45.8843
2018-11-09,46.1523
2018-11-12,45.9086
2018-11-13,45.8031
2018-11-14,45.4944
2018-11-15,45.4213
2018-11-16,45.5350
2018-11-19,45.4619
2018-11-20,44.7065
2018-11-21,44.3491
2018-11-23,44.5034
2018-11-26,44.5603
2018-11-27,44.9583
2018-11-28,45.3319
2018-11-29,45.4050
2018-11-30,45.6975
2018-12-03,45.7381
2018-12-04,44.9664
2018-12-06,45.0152
2018-12-07,44.4466
2018-12-10,44.4466
2018-12-11,44.8121
2018-12-12,44.7552
2018-12-13,45.0314
2018-12-14,44.2679
2018-12-17,43.2444
2018-12-18,42.7327
2018-12-19,42.3185
2018-12-20,41.5631
2018-12-21,41.1319
2018-12-24,39.9434
2018-12-26,41.0582
2018-12-27,41.4516
2018-12-28,41.4516
2018-12-31,41.6237
2019-01-02,41.3778
2019-01-03,41.1401
2019-01-04,42.0172
2019-01-07,41.9598
2019-01-08,42.3451
2019-01-09,41.9516
2019-01-10,42.1975
2019-01-11,42.3205
2019-01-14,42.1156
2019-01-15,42.5336
2019-01-16,42.3041
2019-01-17,42.4844
2019-01-18,42.9926
2019-01-22,42.5992
2019-01-23,43.1074
2019-01-24,42.5746
2019-01-25,42.4024
2019-01-28,42.5828
2019-01-29,42.6811
2019-01-30,42.9680
2019-01-31,43.7631
2019-02-01,43.6238
2019-02-04,43.9025
2019-02-05,43.9107
2019-02-06,43.9189
2019-02-07,43.8861
2019-02-08,44.0910
2019-02-11,44.2058
2019-02-12,44.5500
2019-02-13,44.6320
2019-02-14,44.1320
2019-02-15,44.5500
2019-02-19,44.7795
2019-02-20,44.6976
2019-02-21,44.8287
2019-02-22,44.6156
2019-02-25,44.3697
2019-02-26,44.3943
2019-02-27,44.3287
2019-02-28,44.5418
2019-03-01,44.4599
2019-03-04,44.3861
2019-03-05,44.3533
2019-03-06,44.2877
2019-03-07,44.0008
2019-03-08,44.0254
2019-03-11,44.5992
2019-03-12,44.6156
2019-03-13,44.8697
2019-03-14,44.8287
2019-03-15,45.0826
2019-03-18,45.1485
2019-03-19,45.1155
2019-03-20,44.9260
2019-03-21,45.4534
2019-03-22,45.3958
2019-03-25,45.4864
2019-03-26,45.8738
2019-03-27,45.7172
2019-03-28,45.9397
2019-03-29,46.2447
2019-04-01,46.0881
2019-04-02,45.7089
2019-04-03,45.4864
2019-04-04,45.6595
2019-04-05,45.8161
2019-04-08,46.0056
2019-04-09,45.9480
2019-04-10,46.0798
2019-04-11,46.1705
2019-04-12,46.3188
2019-04-15,46.5908
2019-04-16,46.5991
2019-04-17,46.8298
2019-04-18,46.8710
2019-04-22,46.8875
2019-04-23,46.7392
2019-04-24,46.8381
2019-04-25,46.5414
2019-04-26,46.9617
2019-04-29,47.0194
2019-04-30,47.5633
2019-05-01,46.9782
2019-05-02,46.9617
2019-05-03,47.3161
2019-05-06,47.2419
2019-05-07,46.7721
2019-05-08,46.7639
2019-05-09,46.6650
2019-05-10,47.2337
2019-05-13,46.7886
2019-05-14,47.0111
2019-05-15,47.3820
2019-05-16,47.7529
2019-05-17,47.5963
2019-05-20,47.4809
2019-05-21,47.3820
2019-05-22,47.5963
2019-05-23,47.5798
2019-05-24,47.4067
2019-05-28,46.6320
2019-05-29,46.2941
2019-05-30,46.4919
2019-05-31,45.8326
2019-06-03,46.4095
2019-06-04,46.8298
2019-06-05,47.3655
2019-06-06,47.8600
2019-06-07,48.3216
2019-06-10,48.3381
2019-06-11,48.4947
2019-06-12,48.5688
2019-06-13,48.6760
2019-06-14,48.7007
2019-06-17,48.5606
2019-06-18,48.2969
2019-06-19,48.4947
2019-06-20,48.9232
2019-06-21,48.7646
2019-06-24,48.8892
2019-06-25,48.8643
2019-06-26,48.1667
2019-06-27,48.2580
2019-06-28,48.2248
2019-07-01,48.5155
2019-07-02,48.9390
2019-07-03,49.5453
2019-07-05,49.3293
2019-07-08,49.3958
2019-07-09,49.1051
2019-07-10,49.4207
2019-07-11,49.5453
2019-07-12,49.6864
2019-07-15,49.8027
2019-07-16,49.8193
2019-07-17,49.7612
2019-07-18,50.0934
2019-07-19,49.7778
2019-07-22,49.4871
2019-07-23,49.8442
2019-07-24,49.5120
2019-07-25,49.5785
2019-07-26,50.1349
2019-07-29,50.2262
2019-07-30,50.3757
2019-07-31,49.3542
2019-08-01,49.1798
2019-08-02,49.1882
2019-08-05,47.9092
2019-08-06,48.3411
2019-08-07,48.9058
2019-08-08,49.5369
2019-08-09,49.2629
2019-08-12,48.9307
2019-08-13,49.4871
2019-08-14,48.7065
2019-08-15,49.4373
2019-08-16,50.0020
2019-08-19,50.5003
2019-08-20,49.9522
2019-08-21,50.0851
2019-08-22,50.3508
2019-08-23,49.5120
2019-08-26,50.1266
2019-08-27,49.9854
2019-08-28,50.4671
2019-08-29,50.4920
2019-08-30,50.4255
2019-09-03,50.7162
2019-09-04,51.1730
2019-09-05,50.8574
2019-09-06,51.0235
2019-09-09,50.9072
2019-09-10,50.5916
2019-09-11,50.7743
2019-09-12,50.9819
2019-09-13,50.6913
2019-09-16,50.2013
2019-09-17,50.4754
2019-09-18,50.5584
2019-09-19,50.5501
2019-09-20,50.3897
2019-09-23,50.5902
2019-09-24,50.7990
2019-09-25,50.8325
2019-09-26,51.1165
2019-09-27,51.0580
2019-09-30,51.3086
2019-10-01,51.1750
2019-10-02,50.1475
2019-10-03,50.4983
2019-10-04,51.2919
2019-10-07,50.8742
2019-10-08,50.3897
2019-10-09,50.7740
2019-10-10,50.8742
2019-10-11,50.8241
2019-10-14,50.5735
2019-10-15,50.3563
2019-10-16,50.4064
2019-10-17,50.6403
2019-10-18,50.7406
2019-10-21,50.9076
2019-10-22,50.9244
2019-10-23,51.1583
2019-10-24,51.3337
2019-10-25,51.0330
2019-10-28,50.9327
2019-10-29,50.9327
2019-10-30,51.1666
2019-10-31,51.0914
2019-11-01,51.0831
2019-11-04,50.5902
2019-11-05,50.7573
2019-11-06,50.9661
2019-11-07,50.7907
2019-11-08,50.7573
2019-11-11,50.6821
2019-11-12,50.8492
2019-11-13,51.2334
2019-11-14,51.2167
2019-11-15,51.2334
2019-11-18,51.5008
2019-11-19,51.4339
2019-11-20,51.5509
2019-11-21,51.2919
2019-11-22,51.2084
2019-11-25,51.2669
2019-11-26,51.6845
2019-11-27,51.8099
2019-11-29,51.7931
2019-12-02,51.9101
2019-12-03,51.8266
2019-12-04,52.1691
2019-12-05,52.1524
2019-12-06,52.3528
2019-12-09,52.3946
2019-12-10,52.2275
2019-12-11,52.3027
2019-12-12,52.2610
2019-12-13,52.4447
2019-12-16,52.6285
2019-12-17,52.5450
2019-12-18,52.4614
2019-12-19,52.7455
2019-12-20,53.1438
2019-12-23,52.9164
2019-12-24,52.9838
2019-12-26,53.0343
2019-12-27,53.2702
2019-12-30,52.9922
2019-12-31,53.0428
2020-01-02,52.6217
2020-01-03,52.5374
2020-01-06,52.6469
2020-01-07,52.2427
2020-01-08,52.4364
2020-01-09,52.8070
2020-01-10,52.7733
2020-01-13,53.1186
2020-01-14,53.1354
2020-01-15,53.5144
2020-01-16,53.6576
2020-01-17,53.7502
2020-01-21,53.9355
2020-01-22,53.9776
2020-01-23,53.9271
2020-01-24,53.5565
2020-01-27,53.3881
2020-01-28,53.4555
2020-01-29,53.1859
2020-01-30,53.8176
2020-01-31,53.2112
2020-02-03,53.2112
2020-02-04,53.5313
2020-02-05,53.9608
2020-02-06,54.0534
2020-02-07,54.1208
2020-02-10,54.3482
2020-02-11,54.1461
2020-02-12,54.1208
2020-02-13,54.4408
2020-02-14,54.5672
2020-02-18,54.3735
2020-02-19,54.3145
2020-02-20,54.3566
2020-02-21,54.4493
2020-02-24,53.1944
2020-02-25,52.2342
2020-02-26,51.9395
2020-02-27,49.8255
2020-02-28,48.8401
2020-03-02,51.4510
2020-03-03,50.7519
2020-03-04,53.2449
2020-03-05,52.2427
2020-03-06,51.8300
2020-03-09,49.5728
2020-03-10,50.9962
2020-03-11,48.4948
2020-03-12,43.9384
2020-03-13,47.6779
2020-03-16,44.4437
2020-03-17,48.1916
2020-03-18,46.9535
2020-03-19,45.3870
2020-03-20,42.4477
2020-03-23,41.1915
2020-03-24,43.2922
2020-03-25,43.1736
2020-03-26,45.5368
2020-03-27,45.3251
2020-03-30,47.0954
2020-03-31,46.1382
2020-04-01,45.3590
2020-04-02,46.5194
2020-04-03,46.8836
2020-04-06,48.6285
2020-04-07,48.0695
2020-04-08,48.7810
2020-04-09,49.2384
2020-04-13,48.8742
2020-04-14,50.9494
2020-04-15,50.1447
2020-04-16,50.4751
2020-04-17,51.2459
2020-04-20,50.2379
2020-04-21,49.1706
2020-04-22,49.6450
2020-04-23,49.2045
2020-04-24,49.7297
2020-04-27,49.8737
2020-04-28,50.1532
2020-04-29,49.9415
2020-04-30,49.3485
2020-05-01,48.8064
2020-05-04,48.7810
2020-05-05,48.8234
2020-05-06,48.2897
2020-05-07,48.1542
2020-05-08,49.2299
2020-05-11,49.1622
2020-05-12,48.7471
2020-05-13,48.3067
2020-05-14,48.1881
2020-05-15,48.6116
2020-05-18,49.3824
2020-05-19,48.4761
2020-05-20,49.0521
2020-05-21,48.5100
2020-05-22,48.6794
2020-05-26,48.9419
2020-05-27,49.6789
2020-05-28,50.1193
2020-05-29,50.1702
2020-06-01,50.5174
2020-06-02,50.6530
2020-06-03,50.7207
2020-06-04,50.4751
2020-06-05,51.1781
2020-06-08,51.7287
2020-06-09,51.3052
2020-06-10,51.1612
2020-06-11,49.2215
2020-06-12,49.2299
2020-06-15,49.7975
2020-06-16,50.5767
2020-06-17,50.5005
2020-06-18,50.7631
2020-06-19,50.5005
2020-06-22,50.3562
2020-06-23,50.2794
2020-06-24,49.4343
2020-06-25,49.7843
2020-06-26,48.7685
2020-06-29,49.6904
2020-06-30,50.0575
2020-07-01,50.1001
2020-07-02,50.3562
2020-07-06,50.6038
2020-07-07,51.0648
2020-07-08,50.9367
2020-07-09,50.5355
2020-07-10,51.4660
2020-07-13,51.3891
2020-07-14,52.1403
2020-07-15,52.1830
2020-07-16,52.2940
2020-07-17,52.5757
2020-07-20,52.0464
2020-07-21,52.4989
2020-07-22,52.9172
2020-07-23,53.1050
2020-07-24,53.0367
2020-07-27,53.3013
2020-07-28,53.4976
2020-07-29,53.5745
2020-07-30,53.5745
2020-07-31,53.5232
2020-08-03,53.3781
2020-08-04,54.0440
2020-08-05,53.9330
2020-08-06,53.9244
2020-08-07,54.2147
2020-08-10,54.4964
2020-08-11,54.1208
2020-08-12,54.8208
2020-08-13,54.7781
2020-08-14,54.7696
2020-08-17,55.0769
2020-08-18,55.2988
2020-08-19,54.8635
2020-08-20,54.7525
2020-08-21,54.8891
2020-08-24,55.3586
2020-08-25,55.2391
2020-08-26,55.3073
2020-08-27,55.6488
2020-08-28,56.1439
2020-08-31,55.9817
2020-09-01,56.0415
2020-09-02,57.0573
2020-09-03,56.0756
2020-09-04,55.9476
2020-09-08,54.7696
2020-09-09,55.5634
2020-09-10,54.8805
2020-09-11,55.1878
2020-09-14,55.5464
2020-09-15,55.4695
2020-09-16,55.2220
2020-09-17,54.8720
2020-09-18,54.3683
2020-09-21,53.9536
2020-09-22,54.2713
2020-09-23,53.4555
2020-09-24,53.8505
2020-09-25,54.1339
2020-09-28,54.7436
2020-09-29,54.3829
2020-09-30,55.0442
2020-10-01,55.3533
2020-10-02,55.0442
2020-10-05,55.4134
2020-10-06,55.0527
2020-10-07,55.6453
2020-10-08,56.0145
2020-10-09,56.4525
2020-10-12,57.1051
2020-10-13,57.0622
2020-10-14,56.7702
2020-10-15,56.8045
2020-10-16,56.8217
2020-10-19,56.0832
2020-10-20,56.0231
2020-10-21,56.0746
2020-10-22,56.0489
2020-10-23,56.1519
2020-10-26,55.4306
2020-10-27,55.2846
2020-10-28,53.6702
2020-10-29,53.6530
2020-10-30,53.4641
2020-11-02,54.3142
2020-11-03,55.2073
2020-11-04,55.2331
2020-11-05,55.6367
2020-11-06,55.8943
2020-11-09,55.7655
2020-11-10,56.8646
2020-11-11,57.3541
2020-11-12,57.1996
2020-11-13,57.9896
2020-11-16,58.5220
2020-11-17,58.1098
2020-11-18,57.3112
2020-11-19,57.4658
2020-11-20,57.1051
2020-11-23,57.1223
2020-11-24,57.5087
2020-11-25,57.4743
2020-11-27,57.4658
2020-11-30,57.4572
2020-12-01,57.9638
2020-12-02,57.4829
2020-12-03,57.6289
2020-12-04,58.0754
2020-12-07,57.8522
2020-12-08,58.1699
2020-12-09,57.9381
2020-12-10,57.6804
2020-12-11,57.8092
2020-12-14,57.5860
2020-12-15,57.7234
2020-12-16,57.8350
2020-12-17,58.2043
2020-12-18,58.3331
2020-12-21,57.7044
2020-12-22,57.2974
2020-12-23,57.4879
2020-12-24,57.7737
2020-12-28,58.2326
2020-12-29,58.0594
2020-12-30,57.9988
2020-12-31,58.4058
2021-01-04,57.7737
2021-01-05,57.7737
2021-01-06,57.8170
2021-01-07,57.6438
2021-01-08,57.9296
2021-01-11,57.4360
2021-01-12,57.2455
2021-01-13,57.3321
2021-01-14,57.0290
2021-01-15,56.8298
2021-01-19,56.5787
2021-01-20,56.6826
2021-01-21,56.4921
2021-01-22,56.3449
2021-01-25,56.9078
2021-01-26,57.4187
2021-01-27,56.4488
2021-01-28,56.6653
2021-01-29,55.4963
2021-02-01,55.5483
2021-02-02,55.9206
2021-02-03,56.0072
2021-02-04,56.4142
2021-02-05,56.9424
2021-02-08,57.1589
2021-02-09,57.1069
2021-02-10,57.0463
2021-02-11,56.7952
2021-02-12,56.8818
2021-02-16,56.7779
2021-02-17,56.9857
2021-02-18,56.9511
2021-02-19,56.2324
2021-02-22,56.2843
2021-02-23,56.3622
2021-02-24,56.3276
2021-02-25,55.7128
2021-02-26,54.8123
2021-03-01,55.3664
2021-03-02,55.2712
2021-03-03,55.0114
2021-03-04,54.8123
2021-03-05,56.0245
2021-03-08,56.2670
2021-03-09,56.2150
2021-03-10,56.9511
2021-03-11,56.8125
2021-03-12,57.2801
2021-03-15,57.5312
2021-03-16,57.6005
2021-03-17,57.5139
2021-03-18,57.2801
2021-03-19,57.4793
2021-03-22,58.0861
2021-03-23,58.3298
2021-03-24,58.1035
2021-03-25,58.6694
2021-03-26,59.7054
2021-03-29,60.3061
2021-03-30,59.6619
2021-03-31,59.4703
2021-04-01,59.1830
2021-04-05,59.9404
2021-04-06,60.1929
2021-04-07,60.0449
2021-04-08,60.1059
2021-04-09,60.0014
2021-04-12,60.3235
2021-04-13,60.0014
2021-04-14,59.9492
2021-04-15,60.4280
2021-04-16,60.7762
2021-04-19,60.5412
2021-04-20,60.8720
2021-04-21,61.1767
2021-04-22,60.7240
2021-04-23,60.5673
2021-04-26,59.8882
2021-04-27,59.8447
2021-04-28,59.8882
2021-04-29,60.5237
2021-04-30,60.5760
2021-05-03,61.0722
2021-05-04,60.7588
2021-05-05,60.7153
2021-05-06,61.4988
2021-05-07,61.4988
2021-05-10,61.9689
2021-05-11,61.4292
2021-05-12,60.6108
2021-05-13,61.4640
2021-05-14,61.7339
2021-05-17,61.6468
2021-05-18,61.4553
2021-05-19,61.2550
2021-05-20,61.8209
2021-05-21,61.8296
2021-05-24,62.0125
2021-05-25,62.0299
2021-05-26,61.8993
2021-05-27,61.5162
2021-05-28,61.6468
2021-06-01,61.4379
2021-06-02,61.6642
2021-06-03,62.0473
2021-06-04,62.2649
2021-06-07,62.1605
2021-06-08,61.6381
2021-06-09,61.3421
2021-06-10,61.7252
2021-06-11,61.7600
2021-06-14,61.7252
2021-06-15,61.5772
2021-06-16,60.7588
2021-06-17,60.9765
2021-06-18,59.8969
2021-06-21,60.5839
2021-06-22,60.6715
2021-06-23,60.2947
2021-06-24,60.5927
2021-06-25,61.0571
2021-06-28,61.1096
2021-06-29,60.8380
2021-06-30,61.3112
2021-07-01,61.1272
2021-07-02,61.2761
2021-07-06,61.0220
2021-07-07,61.3462
2021-07-08,61.1184
2021-07-09,61.4689
2021-07-12,61.3725
2021-07-13,61.3550
2021-07-14,61.8983
2021-07-15,62.1524
2021-07-16,62.2488
2021-07-19,62.0648
2021-07-20,62.0823
2021-07-21,61.9246
2021-07-22,61.8194
2021-07-23,62.5642
2021-07-26,62.6694
2021-07-27,62.8008
2021-07-28,62.2488
2021-07-29,62.5555
2021-07-30,62.6606
2021-08-02,62.3977
2021-08-03,62.6781
2021-08-04,61.8632
2021-08-05,62.1611
2021-08-06,62.1611
2021-08-09,62.3890
2021-08-10,62.8359
2021-08-11,63.0462
2021-08-12,63.0111
2021-08-13,63.5369
2021-08-16,63.9049
2021-08-17,63.9399
2021-08-18,63.1425
2021-08-19,63.6508
2021-08-20,63.7559
2021-08-23,63.5544
2021-08-24,63.0724
2021-08-25,62.9673
2021-08-26,62.6781
2021-08-27,62.8972
2021-08-30,63.1776
2021-08-31,63.3178
2021-09-01,63.6508
2021-09-02,63.8961
2021-09-03,63.8173
2021-09-07,63.0812
2021-09-08,63.6245
2021-09-09,63.2565
2021-09-10,62.9848
2021-09-13,63.1425
2021-09-14,62.8534
2021-09-15,63.0812
2021-09-16,62.8709
2021-09-17,62.5292
2021-09-20,61.9049
2021-09-21,61.8344
2021-09-22,62.0107
2021-09-23,62.2400
2021-09-24,62.2664
2021-09-27,61.9843
2021-09-28,61.2525
2021-09-29,61.8079
2021-09-30,60.6970
2021-10-01,60.8557
2021-10-04,60.6617
2021-10-05,60.9703
2021-10-06,61.5611
2021-10-07,61.8344
2021-10-08,61.7638
2021-10-11,61.7462
2021-10-12,61.7727
2021-10-13,61.8873
2021-10-14,62.5838
2021-10-15,62.4339
2021-10-18,62.0636
2021-10-19,62.0901
2021-10-20,62.4516
2021-10-21,62.3722
2021-10-22,62.8572
2021-10-25,62.8131
2021-10-26,63.0335
2021-10-27,62.6632
2021-10-28,62.8836
2021-10-29,62.8219
2021-11-01,62.9189
2021-11-02,63.3421
2021-11-03,63.9329
2021-11-04,63.9946
2021-11-05,64.3649
2021-11-08,63.8535
2021-11-09,64.0739
2021-11-10,64.2679
2021-11-11,64.2238
2021-11-12,64.2238
2021-11-15,64.5324
2021-11-16,64.1268
2021-11-17,63.9858
2021-11-18,63.7565
2021-11-19,63.5273
2021-11-22,64.0298
2021-11-23,64.4531
2021-11-24,64.2591
2021-11-26,63.4479
2021-11-29,63.6066
2021-11-30,61.9755
2021-12-01,61.6757
2021-12-02,62.3281
2021-12-03,63.1040
2021-12-06,64.2150
2021-12-07,64.3561
2021-12-08,64.1533
2021-12-09,64.3296
2021-12-10,65.4141
2021-12-13,66.2694
2021-12-14,66.3135
2021-12-15,66.9836
2021-12-16,67.4597
2021-12-17,66.3047
2021-12-20,66.3242
2021-12-21,66.2354
2021-12-22,66.6527
2021-12-23,66.8036
2021-12-27,67.5138
2021-12-28,67.8955
2021-12-29,68.2062
2021-12-30,67.9932
2021-12-31,68.4548
2022-01-03,68.4459
2022-01-04,68.9076
2022-01-05,68.8454
2022-01-06,68.6590
2022-01-07,68.7300
2022-01-10,68.1885
2022-01-11,68.1086
2022-01-12,68.1352
2022-01-13,68.2595
2022-01-14,68.3838
2022-01-18,67.3984
2022-01-19,67.8245
2022-01-20,67.3806
2022-01-21,67.4339
2022-01-24,67.2119
2022-01-25,66.4662
2022-01-26,65.9602
2022-01-27,66.4041
2022-01-28,67.1853
2022-01-31,67.4428
2022-02-01,67.3806
2022-02-02,68.1885
2022-02-03,68.2062
2022-02-04,67.3717
2022-02-07,67.4960
2022-02-08,67.7535
2022-02-09,67.7712
2022-02-10,67.0433
2022-02-11,66.8036
2022-02-14,66.6171
2022-02-15,66.7326
2022-02-16,66.8568
2022-02-17,67.3717
2022-02-18,67.4960
2022-02-22,66.9722
2022-02-23,66.4307
2022-02-24,65.2855
2022-02-25,67.3895
2022-02-28,66.4929
2022-03-01,66.1022
2022-03-02,66.8036
2022-03-03,67.3451
2022-03-04,67.3540
2022-03-07,66.1289
2022-03-08,64.3445
2022-03-09,64.7795
2022-03-10,64.1669
2022-03-11,63.4212
2022-03-14,63.7586
2022-03-15,65.1879
2022-03-16,65.2589
2022-03-17,65.7116
2022-03-18,65.8626
2022-03-21,65.9473
2022-03-22,66.4378
2022-03-23,65.9027
2022-03-24,66.3664
2022-03-25,66.9193
2022-03-28,67.1958
2022-03-29,67.7933
2022-03-30,67.8379
2022-03-31,67.6773
2022-04-01,68.3551
2022-04-04,68.1411
2022-04-05,68.2035
2022-04-06,69.0685
2022-04-07,69.9068
2022-04-08,70.2011
2022-04-11,69.9157
2022-04-12,69.9335
2022-04-13,70.3259
2022-04-14,70.3081
2022-04-18,69.7284
2022-04-19,70.7897
2022-04-20,71.8509
2022-04-21,71.7884
2022-04-22,70.6648
2022-04-25,70.9769
2022-04-26,69.8800
2022-04-27,70.1386
2022-04-28,71.1731
2022-04-29,69.2379
2022-05-02,68.3283
2022-05-03,68.1321
2022-05-04,69.6660
2022-05-05,68.3462
2022-05-06,68.4175
2022-05-09,68.3908
2022-05-10,67.9181
2022-05-11,67.6238
2022-05-12,67.6060
2022-05-13,68.6226
2022-05-16,68.9347
2022-05-17,68.4621
2022-05-18,64.0567
2022-05-19,62.9152
2022-05-20,63.0490
2022-05-23,64.3510
2022-05-24,65.4033
2022-05-25,65.4211
2022-05-26,66.1167
2022-05-27,66.8836
2022-05-31,66.4110
2022-06-01,65.5460
2022-06-02,66.5002
2022-06-03,65.8313
2022-06-06,65.8581
2022-06-07,66.2059
2022-06-08,65.3944
2022-06-09,64.4134
2022-06-10,64.1370
2022-06-13,62.7547
2022-06-14,62.0145
2022-06-15,62.0769
2022-06-16,61.6043
2022-06-17,61.3814
2022-06-21,63.0104
2022-06-22,62.9655
2022-06-23,64.1873
2022-06-24,65.4450
2022-06-27,65.2653
2022-06-28,64.3939
2022-06-29,64.7982
2022-06-30,64.8431
2022-07-01,65.7774
2022-07-05,65.3551
2022-07-06,65.5438
2022-07-07,65.6067
2022-07-08,65.4899
2022-07-11,65.4001
2022-07-12,65.2114
2022-07-13,65.2563
2022-07-14,65.3102
2022-07-15,65.5258
2022-07-18,64.8880
2022-07-19,65.5707
2022-07-20,65.1306
2022-07-21,65.3282
2022-07-22,65.7594
2022-07-25,66.0828
2022-07-26,65.9301
2022-07-27,66.3793
2022-07-28,67.4393
2022-07-29,66.9183
2022-08-01,67.7537
2022-08-02,67.2147
2022-08-03,67.6549
2022-08-04,67.2057
2022-08-05,67.0530
2022-08-08,67.0171
2022-08-09,66.9183
2022-08-10,67.4124
2022-08-11,67.2507
2022-08-12,67.8346
2022-08-15,68.5084
2022-08-16,69.2809
2022-08-17,69.0833
2022-08-18,69.3169
2022-08-19,69.0923
2022-08-22,68.3916
2022-08-23,68.0951
2022-08-24,68.2658
2022-08-25,68.5802
2022-08-26,66.8823
2022-08-29,66.7745
2022-08-30,66.0828
2022-08-31,65.6785
2022-09-01,66.0469
2022-09-02,65.1845
2022-09-06,64.8161
2022-09-07,65.9840
2022-09-08,65.8133
2022-09-09,66.4601
2022-09-12,66.7206
2022-09-13,64.4927
2022-09-14,64.4658
2022-09-15,63.9268
2022-09-16,64.0795
2022-09-19,64.5054
2022-09-20,64.1527
2022-09-21,63.9086
2022-09-22,63.8182
2022-09-23,62.7331
2022-09-26,62.7783
2022-09-27,61.6933
2022-09-28,62.4347
2022-09-29,61.4040
2022-09-30,60.3370
2022-10-03,61.3768
2022-10-04,62.3082
2022-10-05,61.9465
2022-10-06,61.0423
2022-10-07,60.1290
2022-10-10,60.3461
2022-10-11,60.8434
2022-10-12,61.1689
2022-10-13,62.1816
2022-10-14,61.0604
2022-10-17,61.7204
2022-10-18,62.5252
2022-10-19,62.2358
2022-10-20,61.3678
2022-10-21,62.3082
2022-10-24,63.4294
2022-10-25,64.2612
2022-10-26,64.6862
2022-10-27,64.7404
2022-10-28,66.1600
2022-10-31,65.7712
2022-11-01,65.5633
2022-11-02,64.4240
2022-11-03,64.2070
2022-11-04,64.9665
2022-11-07,65.5452
2022-11-08,65.7351
2022-11-09,65.0207
2022-11-10,66.5488
2022-11-11,66.4765
2022-11-14,65.9521
2022-11-15,66.5036
2022-11-16,66.8291
2022-11-17,66.8111
2022-11-18,67.5254
2022-11-21,68.1674
2022-11-22,68.6647
2022-11-23,68.8997
2022-11-25,68.9450
2022-11-28,68.6827
2022-11-29,68.4205
2022-11-30,69.7949
2022-12-01,69.4784
2022-12-02,69.7949
2022-12-05,68.9178
2022-12-06,68.4929
2022-12-07,68.7822
2022-12-08,69.1529
2022-12-09,68.6194
2022-12-12,69.3428
2022-12-13,69.2433
2022-12-14,69.1981
2022-12-15,68.0227
2022-12-16,67.6881
2022-12-19,67.6453
2022-12-20,67.5907
2022-12-21,68.2646
2022-12-22,68.1098
2022-12-23,68.4649
2022-12-27,68.7928
2022-12-28,67.9367
2022-12-29,68.2282
2022-12-30,67.8912
2023-01-03,67.6362
2023-01-04,67.9003
2023-01-05,67.2173
2023-01-06,69.0113
2023-01-09,68.3374
2023-01-10,68.2464
2023-01-11,68.2828
2023-01-12,67.7455
2023-01-13,68.0642
2023-01-17,68.1098
2023-01-18,66.2520
2023-01-19,65.6236
2023-01-20,66.1336
2023-01-23,66.3431
2023-01-24,66.6163
2023-01-25,66.7802
2023-01-26,66.5434
2023-01-27,66.3522
2023-01-30,66.4341
2023-01-31,67.1536
2023-02-01,67.6909
2023-02-02,67.1080
2023-02-03,66.8439
2023-02-06,66.9259
2023-02-07,66.6436
2023-02-08,66.1336
2023-02-09,65.8422
2023-02-10,66.4523
2023-02-13,67.2082
2023-02-14,66.5980
2023-02-15,66.7255
2023-02-16,66.2429
2023-02-17,67.0989
2023-02-21,66.8439
2023-02-22,66.7438
2023-02-23,66.6618
2023-02-24,66.2156
2023-02-27,66.1427
2023-02-28,65.5963
2023-03-01,65.1136
2023-03-02,66.0061
2023-03-03,66.0607
2023-03-06,66.2338
2023-03-07,65.5781
2023-03-08,65.6874
2023-03-09,65.0772
2023-03-10,64.7585
2023-03-13,65.0863
2023-03-14,65.6783
2023-03-15,66.1063
2023-03-16,66.1518
2023-03-17,65.6691
2023-03-20,66.5796
2023-03-21,66.5247
2023-03-22,65.9116
2023-03-23,65.6554
2023-03-24,66.7718
2023-03-27,67.1287
2023-03-28,67.2476
2023-03-29,67.6228
2023-03-30,67.8150
2023-03-31,68.3640
2023-04-03,68.7209
2023-04-04,68.5836
2023-04-05,68.9039
2023-04-06,68.9588
2023-04-10,68.9588
2023-04-11,69.1601
2023-04-12,68.8490
2023-04-13,69.2333
2023-04-14,68.7941
2023-04-17,69.2333
2023-04-18,69.4438
2023-04-19,69.3980
2023-04-20,69.5627
2023-04-21,70.0660
2023-04-24,70.3497
2023-04-25,70.2582
2023-04-26,69.7091
2023-04-27,70.4869
2023-04-28,70.8621
2023-05-01,70.9170
2023-05-02,70.7248
2023-05-03,70.1484
2023-05-04,69.9745
2023-05-05,70.6242
2023-05-08,70.4137
2023-05-09,70.1941
2023-05-10,70.0843
2023-05-11,70.2948
2023-05-12,70.5693
2023-05-15,70.3954
2023-05-16,69.8006
2023-05-17,69.7640
2023-05-18,69.4255
2023-05-19,69.4712
2023-05-22,68.4189
2023-05-23,67.9156
2023-05-24,67.4764
2023-05-25,66.9640
2023-05-26,67.1927
2023-05-30,66.4241
2023-05-31,66.4973
2023-06-01,66.4424
2023-06-02,67.3574
2023-06-05,67.1104
2023-06-06,66.7718
2023-06-07,66.5522
2023-06-08,67.0097
2023-06-09,66.8999
2023-06-12,66.8816
2023-06-13,67.1561
2023-06-14,67.5679
2023-06-15,68.2450
2023-06-16,68.3274
2023-06-20,67.8148
2023-06-21,68.0544
2023-06-22,68.4507
2023-06-23,67.9991
2023-06-26,68.0913
2023-06-27,68.2940
2023-06-28,67.8332
2023-06-29,67.7687
2023-06-30,68.3585
2023-07-03,68.8931
2023-07-05,68.7733
2023-07-06,68.5982
2023-07-07,67.7042
2023-07-10,67.6857
2023-07-11,67.7871
2023-07-12,67.9438
2023-07-13,68.2295
2023-07-14,68.4599
2023-07-17,68.2572
2023-07-18,68.1834
2023-07-19,68.8747
2023-07-20,69.4645
2023-07-21,69.7041
2023-07-24,69.9714
2023-07-25,69.9530
2023-07-26,70.0359
2023-07-27,69.4184
2023-07-28,70.1373
2023-07-31,69.8147
2023-08-01,69.4369
2023-08-02,69.6857
2023-08-03,69.4922
2023-08-04,68.8009
2023-08-07,69.3631
2023-08-08,68.8654
2023-08-09,68.9668
2023-08-10,68.8286
2023-08-11,68.9392
2023-08-14,68.5982
2023-08-15,67.8608
2023-08-16,67.7042
2023-08-17,67.0498
2023-08-18,67.2986
2023-08-21,66.8470
2023-08-22,66.4692
2023-08-23,66.9116
2023-08-24,66.3770
2023-08-25,66.7457
2023-08-28,67.0498
2023-08-29,67.2894
2023-08-30,67.4000
2023-08-31,67.0590
2023-09-01,66.4876
2023-09-05,65.9162
2023-09-06,65.8424
2023-09-07,65.9991
2023-09-08,66.0821
2023-09-11,66.6535
2023-09-12,66.0821
2023-09-13,66.2848
2023-09-14,66.9576
2023-09-15,66.4046
2023-09-18,66.3814
2023-09-19,66.2237
2023-09-20,66.2887
2023-09-21,65.4350
2023-09-22,65.0824
2023-09-25,64.8504
2023-09-26,64.3679
2023-09-27,63.8390
2023-09-28,64.0339
2023-09-29,63.8483
2023-10-02,63.4122
2023-10-03,62.9575
2023-10-04,63.4586
2023-10-05,62.2059
2023-10-06,61.8626
2023-10-09,61.9183
2023-10-10,62.5493
2023-10-11,62.1224
2023-10-12,61.4451
2023-10-13,61.9832
2023-10-16,62.6235
2023-10-17,62.8926
2023-10-18,63.1245
2023-10-19,62.6606
2023-10-20,62.4193
2023-10-23,62.2987
2023-10-24,62.8276
2023-10-25,63.0410
2023-10-26,62.6328
2023-10-27,61.7791
2023-10-30,62.7441
2023-10-31,62.9668
2023-11-01,62.9019
2023-11-02,63.7184
2023-11-03,63.7926
2023-11-06,63.8947
2023-11-07,64.0524
2023-11-08,63.8019
2023-11-09,63.5421
2023-11-10,63.9875
2023-11-13,64.1916
2023-11-14,64.8504
2023-11-15,65.3700
2023-11-16,64.5628
2023-11-17,64.4793
2023-11-20,64.4329
2023-11-21,64.6277
2023-11-22,65.0917
2023-11-24,65.3329
2023-11-27,65.1474
2023-11-28,65.4443
2023-11-29,64.9154
2023-11-30,65.5649
2023-12-01,65.8340
2023-12-04,65.9175
2023-12-05,65.3979
2023-12-06,65.2309
2023-12-07,65.5092
2023-12-08,65.0546
2023-12-11,65.6762
2023-12-12,65.8897
2023-12-13,67.0866
2023-12-14,66.1031
2023-12-15,66.1031
2023-12-18,66.7912
2023-12-19,66.9221
2023-12-20,65.6225
2023-12-21,66.0806
2023-12-22,66.5855
2023-12-26,66.8660
2023-12-27,67.1745
2023-12-28,67.2026
2023-12-29,67.3428
2024-01-02,68.1001
2024-01-03,67.5672
2024-01-04,67.4737
2024-01-05,67.3241
2024-01-08,67.8196
2024-01-09,67.9972
2024-01-10,67.8570
2024-01-11,67.8477
2024-01-12,68.0627
2024-01-16,67.6887
2024-01-17,67.6420
2024-01-18,67.5578
2024-01-19,67.3615
2024-01-22,67.0343
2024-01-23,67.7635
2024-01-24,66.9314
2024-01-25,67.5765
2024-01-26,67.9037
2024-01-29,68.2964
2024-01-30,68.6797
2024-01-31,68.1749
2024-02-01,69.5679
2024-02-02,69.3435
2024-02-05,68.9135
2024-02-06,69.0724
2024-02-07,69.0070
2024-02-08,68.9883
2024-02-09,68.3525
2024-02-12,68.8387
2024-02-13,68.1001
2024-02-14,67.9692
2024-02-15,68.4086
2024-02-16,68.5115
2024-02-20,69.2313
2024-02-21,69.4838
2024-02-22,69.6988
2024-02-23,69.9138
2024-02-26,69.6334
2024-02-27,69.6427
2024-02-28,69.7175
2024-02-29,69.6053
2024-03-01,69.6147
2024-03-04,69.6708
2024-03-05,69.8390
2024-03-06,70.4281
2024-03-07,70.8301
2024-03-08,70.2691
2024-03-11,70.6524
2024-03-12,71.0171
2024-03-13,71.1947
2024-03-14,70.6431
2024-03-15,70.6150
2024-03-18,71.0690
2024-03-19,71.3327
2024-03-20,71.5493
2024-03-21,71.5870
2024-03-22,71.2385
2024-03-25,71.0407
2024-03-26,71.0784
2024-03-27,71.8224
2024-03-28,71.9166
2024-04-01,71.3421
2024-04-02,70.9748
2024-04-03,70.1931
2024-04-04,69.8917
2024-04-05,70.0047
2024-04-08,69.9011
2024-04-09,70.2402
2024-04-10,69.9859
2024-04-11,69.8164
2024-04-12,69.1100
2024-04-15,68.8275
2024-04-16,68.8557
2024-04-17,69.1100
2024-04-18,69.4302
2024-04-19,70.1083
2024-04-22,70.7770
2024-04-23,70.9748
2024-04-24,71.5116
2024-04-25,71.3421
2024-04-26,71.1914
2024-04-29,71.4175
2024-04-30,71.1067
2024-05-01,70.6546
2024-05-02,71.2479
2024-05-03,71.4646
2024-05-06,71.5022
2024-05-07,72.2839
2024-05-08,72.0673
2024-05-09,72.6889
2024-05-10,73.1033
2024-05-13,72.8961
2024-05-14,72.7548
2024-05-15,72.8019
2024-05-16,73.8379
2024-05-17,73.6590
2024-05-20,73.1504
2024-05-21,73.5836
2024-05-22,73.2917
2024-05-23,72.4252
2024-05-24,72.6136
2024-05-28,72.0485
2024-05-29,71.5305
2024-05-30,71.7188
2024-05-31,72.8396
2024-06-03,72.8113
2024-06-04,73.4424
2024-06-05,73.2822
2024-06-06,73.5083
2024-06-07,73.1410
2024-06-10,73.0845
2024-06-11,73.0468
2024-06-12,72.2463
2024-06-13,72.3404
2024-06-14,72.4723
2024-06-17,73.1598
2024-06-18,73.2540
2024-06-20,73.0939
2024-06-21,73.1504
2024-06-24,73.9304
2024-06-25,73.4559
2024-06-26,73.3041
2024-06-27,72.9910
2024-06-28,72.6683
2024-07-01,72.1559
2024-07-02,72.6589
2024-07-03,72.5355
2024-07-05,73.4275
2024-07-08,73.3136
2024-07-09,73.1238
2024-07-10,73.4465
2024-07-11,73.1713
2024-07-12,73.4939
2024-07-15,73.0669
2024-07-16,73.7691
2024-07-17,74.7180
2024-07-18,74.3479
2024-07-19,74.1012
2024-07-22,74.1487
2024-07-23,73.8830
2024-07-24,73.8165
2024-07-25,73.7311
2024-07-26,74.4808
2024-07-29,74.5092
2024-07-30,74.0063
2024-07-31,73.8735
2024-08-01,74.5567
2024-08-02,75.2114
2024-08-05,73.7311
2024-08-06,74.2435
2024-08-07,74.3195
2024-08-08,74.9932
2024-08-09,75.1071
2024-08-12,74.7275
2024-08-13,75.0691
2024-08-14,75.4107
2024-08-15,76.1888
2024-08-16,76.3976
2024-08-19,76.6538
2024-08-20,77.0334
2024-08-21,77.5553
2024-08-22,77.4414
2024-08-23,77.6597
2024-08-26,78.2100
2024-08-27,78.3998
2024-08-28,78.0677
2024-08-29,77.6786
2024-08-30,78.2954
2024-09-03,78.8458
2024-09-04,79.2159
2024-09-05,78.9122
2024-09-06,78.7509
2024-09-09,79.3582
2024-09-10,79.3393
2024-09-11,78.5991
2024-09-12,79.0830
2024-09-13,79.6429
2024-09-16,79.9560
2024-09-17,79.1969
2024-09-18,78.8933
2024-09-19,78.4283
2024-09-20,78.8079
2024-09-23,79.2648
2024-09-24,79.0740
2024-09-25,78.8737
2024-09-26,79.0549
2024-09-27,79.1980
2024-09-30,79.1789
2024-10-01,78.9118
2024-10-02,78.2441
2024-10-03,77.4618
2024-10-04,77.7194
2024-10-07,76.9467
2024-10-08,77.3283
2024-10-09,77.7957
2024-10-10,77.4523
2024-10-11,77.8816
2024-10-14,78.1964
2024-10-15,78.6924
2024-10-16,78.6352
2024-10-17,78.2822
2024-10-18,78.4539
2024-10-21,77.7957
2024-10-22,78.2345
2024-10-23,78.0819
2024-10-24,77.9770
2024-10-25,77.3283
2024-10-28,77.4714
2024-10-29,76.7082
2024-10-30,76.5842
2024-10-31,76.4315
2024-11-01,76.4602
2024-11-04,76.6700
2024-11-05,77.1565
2024-11-06,75.8973
2024-11-07,76.1740
2024-11-08,77.0993
2024-11-11,76.8322
2024-11-12,76.9181
2024-11-13,77.1470
2024-11-14,76.9562
2024-11-15,76.2789
2024-11-18,76.8131
2024-11-19,76.9181
2024-11-20,76.5269
2024-11-21,77.3569
2024-11-22,78.0724
2024-11-25,78.5016
2024-11-26,78.8260
2024-11-27,78.9882
2024-11-29,79.3888
2024-12-02,79.2934
2024-12-03,78.8832
2024-12-04,78.6638
2024-12-05,78.9786
2024-12-06,78.5875
2024-12-09,78.4635
2024-12-10,78.8355
2024-12-11,78.2345
2024-12-12,78.4635
2024-12-13,78.2631
2024-12-16,77.8529
2024-12-17,77.7194
2024-12-18,76.5365
2024-12-19,75.9927
2024-12-20,76.2598
2024-12-23,75.8580
2024-12-24,76.3579
2024-12-26,76.5982
2024-12-27,76.2233
2024-12-30,75.3294
2024-12-31,75.5601
2025-01-02,75.3294
2025-01-03,75.2909
2025-01-06,74.5027
2025-01-07,74.2432
2025-01-08,74.3778
2025-01-10,73.3781
2025-01-13,73.5031
2025-01-14,73.5223
2025-01-15,73.2724
2025-01-16,73.8203
2025-01-17,74.2432
2025-01-21,74.5893
2025-01-22,74.2240
2025-01-23,74.4931
2025-01-24,74.8776
2025-01-27,76.9057
2025-01-28,75.7042
2025-01-29,75.8869
2025-01-30,76.6366
2025-01-31,75.9157
2025-02-03,76.2137
2025-02-04,75.5697
2025-02-05,76.0407
2025-02-06,76.3867
2025-02-07,76.2714
2025-02-10,76.7423
2025-02-11,77.4825
2025-02-12,77.4248
2025-02-13,78.2610
2025-02-14,77.4825
2025-02-18,77.7612
2025-02-19,78.3860
2025-02-20,78.0784
2025-02-21,78.9916
2025-02-24,79.2319
2025-02-25,80.3565
2025-02-26,78.8185
2025-02-27,78.8089
2025-02-28,79.8566
2025-03-03,80.2796
2025-03-04,78.9147
2025-03-05,79.2415
2025-03-06,79.3856
2025-03-07,79.6452
2025-03-10,79.4722
2025-03-11,78.3091
2025-03-12,76.6078
2025-03-13,76.2521
2025-03-14,76.4251
2025-03-17,77.5401
2025-03-18,76.6558
2025-03-19,76.6558
2025-03-20,76.2810
2025-03-21,76.2521
2025-03-24,76.7237
2025-03-25,76.0280
2025-03-26,77.2068
2025-03-27,78.0862
2025-03-28,77.6996
2025-03-31,78.9172
2025-04-01,79.0331
2025-04-02,78.8012
2025-04-03,79.2554
2025-04-04,75.8154
2025-04-07,74.9360
2025-04-08,73.7765
2025-04-09,76.6367
2025-04-10,76.6754
2025-04-11,77.6417
2025-04-14,78.9655
2025-04-15,78.2987
2025-04-16,77.4581
2025-04-17,79.1104
2025-04-21,78.3567
2025-04-22,79.4680
2025-04-23,79.0138
2025-04-24,78.3181
2025-04-25,78.1151
2025-04-28,77.8542
2025-04-29,78.5017
2025-04-30,79.0718
2025-05-01,78.3857
2025-05-02,78.8109
2025-05-05,78.7432
2025-05-06,78.6080
2025-05-07,78.7336
2025-05-08,78.6369
2025-05-09,78.1828
2025-05-12,78.2987
2025-05-13,77.2455
2025-05-14,76.8300
2025-05-15,78.4050
2025-05-16,79.3037
2025-05-19,79.5356
2025-05-20,79.8158
2025-05-21,78.8882
2025-05-22,78.5596
2025-05-23,78.8495
2025-05-27,79.5646
2025-05-28,79.0235
2025-05-29,79.3423
2025-05-30,80.0381
2025-06-02,80.0864
2025-06-03,80.0091
2025-06-04,79.4486
2025-06-05,78.6853
2025-06-06,78.9365
2025-06-09,78.8302
2025-06-10,79.0041
2025-06-11,78.7336
2025-06-12,79.1974
2025-06-13,78.2311
2025-06-16,78.4823
2025-06-17,77.8156
2025-06-18,77.7190
2025-06-20,78.2891
2025-06-23,79.1958
2025-06-24,79.1277
2025-06-25,78.0673
2025-06-26,77.9991
2025-06-27,78.3689
2025-06-30,78.7775
2025-07-01,79.7601
2025-07-02,79.9936
2025-07-03,79.9547
2025-07-07,79.8866
2025-07-08,79.1472
2025-07-09,78.6315
2025-07-10,78.9137
2025-07-11,78.6218
2025-07-14,78.6899
2025-07-15,77.9019
2025-07-16,78.1743
2025-07-17,78.9137
2025-07-18,78.6996
2025-07-21,78.6899
2025-07-22,79.4099
2025-07-23,79.4391
2025-07-24,79.1569
2025-07-25,79.2931
2025-07-28,78.4759
2025-07-29,78.9915
2025-07-30,78.2910
2025-07-31,77.6197
2025-08-01,77.9894
2025-08-04,78.3689
2025-08-05,78.2910
2025-08-06,79.4099
2025-08-07,80.0131
2025-08-08,80.2466
2025-08-11,80.1785
2025-08-12,80.3925
2025-08-13,80.3925
2025-08-14,79.6726
2025-08-15,79.7991
2025-08-18,79.6920
2025-08-19,80.5093
2025-08-20,80.9666
2025-08-21,80.2369
2025-08-22,80.2369
2025-08-25,78.8650
2025-08-26,78.3494
2025-08-27,78.5829
2025-08-28,78.0867
2025-08-29,78.5926
2025-09-02,78.4661
2025-09-03,78.4078
2025-09-04,78.4564
2025-09-05,78.6802
2025-09-08,78.3883
2025-09-09,78.5440
2025-09-10,77.7754
2025-09-11,78.4078
2025-09-12,78.1451
2025-09-15,77.2500
2025-09-16,77.6002
2025-09-17,78.0673
2025-09-18,77.3862
2025-09-19,77.2305
2025-09-22,76.3695
2025-09-23,76.7515
2025-09-24,76.9180
2025-09-25,76.1833
2025-09-26,76.3695
2025-09-29,76.5164
2025-09-30,76.7711
2025-10-01,76.6536
2025-10-02,76.3499
2025-10-03,76.4380
2025-10-06,75.8797
2025-10-07,76.5850
2025-10-08,76.2029
2025-10-09,76.4478
2025-10-10,76.5066
2025-10-13,76.2519
2025-10-14,77.4764
2025-10-15,77.6136
2025-10-16,77.0748
2025-10-17,78.1034
2025-10-20,78.0348
2025-10-21,77.6723
2025-10-22,78.1132
2025-10-23,77.7311
2025-10-24,77.4764
2025-10-27,77.6038
2025-10-28,76.8299
2025-10-29,75.0176
2025-10-30,74.9393
2025-10-31,74.7237
2025-11-03,74.1360
2025-11-04,74.4397
2025-11-05,74.3907
2025-11-06,74.0576
2025-11-07,75.1450
2025-11-10,74.8707
2025-11-11,75.8503
2025-11-12,75.7425
2025-11-13,75.7425
2025-11-14,75.6838
2025-11-17,75.2037
2025-11-18,75.5270
2025-11-19,74.9491
2025-11-20,75.4878
2025-11-21,76.3107
2025-11-24,75.4291
2025-11-25,76.4674
2025-11-26,77.3001
2025-11-28,77.7507
2025-12-01,77.6723
2025-12-02,77.1629
2025-12-03,77.2217
2025-12-04,76.8495
2025-12-05,76.8593
2025-12-08,76.2225
2025-12-09,76.3989
2025-12-10,76.6242
2025-12-11,77.1923
2025-12-12,77.7997
2025-12-15,78.0152
2025-12-16,77.6625
2025-12-17,78.0250
2025-12-18,77.5744
2025-12-19,77.1727
2025-12-22,76.9032
2025-12-23,76.5378
2025-12-24,77.1402
2025-12-26,77.2488
2025-12-29,77.2981
2025-12-30,77.1698
2025-12-31,76.7057
2026-01-02,76.7155
2026-01-05,76.3798
2026-01-06,76.4983
2026-01-07,75.6590
2026-01-08,77.4561
2026-01-09,78.2560
2026-01-12,79.1743
2026-01-13,80.0927
2026-01-14,81.1986
2026-01-15,81.3368
2026-01-16,81.0801
2026-01-20,81.3270
2026-01-21,81.4060
2026-01-22,81.2381
2026-01-23,81.8701
2026-01-26,81.7417
2026-01-27,82.1169
2026-01-28,81.2875
2026-01-29,81.0999
2026-01-30,82.4625
2026-02-02,83.4401
2026-02-03,84.7929
2026-02-04,85.8989
2026-02-05,85.8298
2026-02-06,86.8370
2026-02-09,86.3334
2026-02-10,86.0569
2026-02-11,87.2912
2026-02-12,88.0911
2026-02-13,88.3873
2026-02-17,87.0937
2026-02-18,86.9357
2026-02-19,86.5704
2026-02-20,86.7876
2026-02-23,87.8541
2026-02-24,88.6144
2026-02-25,87.8936
2026-02-26,87.7454
2026-02-27,88.8810
2026-03-02,87.5973
2026-03-03,86.6395
2026-03-04,86.0668
2026-03-05,84.3387
2026-03-06,84.7041
2026-03-09,84.8917
2026-03-10,84.6448
2026-03-11,83.5290
2026-03-12,83.1933
2026-03-13,83.6771
2026-03-16,83.9141
2026-03-17,83.6376
2026-03-18,81.6035
2026-03-19,80.9419
2026-03-20,80.2704
2026-03-23,80.6130
2026-03-24,80.5435
2026-03-25,80.9407
2026-03-26,80.5733
2026-03-27,81.2088
2026-03-30,81.3081
2026-03-31,81.4074
2026-04-01,80.8910
2026-04-02,81.3180
2026-04-06,82.0826
2026-04-07,80.6924
2026-04-08,82.2018
2026-04-09,82.8671
2026-04-10,81.7947
2026-04-13,80.9804
2026-04-14,80.9010
2026-04-15,80.4938
2026-04-16,80.8612
2026-04-17,81.8840
2026-04-20,81.8145
2026-04-21,81.2684
2026-04-22,81.5365
2026-04-23,82.8969
2026-04-24,82.6487
2026-04-27,81.7649
2026-04-28,82.4997
2026-04-29,82.3408
2026-04-30,83.7211
2026-05-01,83.5821
2026-05-04,82.9565
2026-05-05,83.4729
2026-05-06,83.6516
2026-05-07,83.3934
2026-05-08,83.5920
2026-05-11,82.7877
2026-05-12,83.8502
2026-05-13,84.1283
2026-05-14,84.3864
2026-05-15,84.0488
2026-05-18,85.3000
2026-05-19,85.4887
2026-05-20,84.9227
2026-05-21,84.0687
2026-05-22,84.2077
2026-05-26,83.0459
2026-05-27,83.9892
2026-05-28,83.8403
2026-05-29,82.3309
2026-06-01,81.4570
2026-06-02,81.2584
2026-06-03,81.5861
2026-06-04,81.4670
2026-06-05,82.8572
2026-06-08,82.4898
2026-06-09,83.5126
2026-06-10,84.8929
2026-06-11,84.6744
2026-06-12,85.2206
2026-06-15,84.8830
2026-06-16,84.9922
2026-06-17,83.0955
2026-06-18,82.7182
2026-06-22,82.1800
2026-06-23,83.7200
2026-06-24,84.4400
2026-06-25,83.9400
2026-06-26,84.7100
2026-06-29,84.3700
2026-06-30,83.0700
2026-07-01,83.3000
2026-07-02,84.9900
