date,XLRE.US
2017-01-03,22.4437
2017-01-04,22.7275
2017-01-05,22.8439
2017-01-06,22.8439
2017-01-09,22.6984
2017-01-10,22.4146
2017-01-11,22.2909
2017-01-12,22.3782
2017-01-13,22.3273
2017-01-17,22.5092
2017-01-18,22.5601
2017-01-19,22.3419
2017-01-20,22.4801
2017-01-23,22.6183
2017-01-24,22.6256
2017-01-25,22.4874
2017-01-26,22.4728
2017-01-27,22.2837
2017-01-30,22.1600
2017-01-31,22.3419
2017-02-01,22.0945
2017-02-02,22.3564
2017-02-03,22.5019
2017-02-06,22.3637
2017-02-07,22.3200
2017-02-08,22.5092
2017-02-09,22.6038
2017-02-10,22.7566
2017-02-13,22.8657
2017-02-14,22.7493
2017-02-15,22.6838
2017-02-16,22.7784
2017-02-17,22.8439
2017-02-21,23.1567
2017-02-22,23.0694
2017-02-23,23.2222
2017-02-24,23.3386
2017-02-27,23.4550
2017-02-28,23.3822
2017-03-01,23.3240
2017-03-02,23.2513
2017-03-03,23.1785
2017-03-06,23.0839
2017-03-07,23.0039
2017-03-08,22.6620
2017-03-09,22.3710
2017-03-10,22.3491
2017-03-13,22.3782
2017-03-14,22.3491
2017-03-15,22.7784
2017-03-16,22.7275
2017-03-17,22.7697
2017-03-20,22.7917
2017-03-21,22.7551
2017-03-22,22.8063
2017-03-23,22.9747
2017-03-24,22.9527
2017-03-27,22.7697
2017-03-28,22.9015
2017-03-29,22.9820
2017-03-30,23.0333
2017-03-31,23.1358
2017-04-03,23.1651
2017-04-04,23.0992
2017-04-05,23.1358
2017-04-06,23.2676
2017-04-07,23.2968
2017-04-10,23.4579
2017-04-11,23.5677
2017-04-12,23.5311
2017-04-13,23.4799
2017-04-17,23.7508
2017-04-18,23.8093
2017-04-19,23.7581
2017-04-20,23.7508
2017-04-21,23.6702
2017-04-24,23.4360
2017-04-25,23.4872
2017-04-26,23.2895
2017-04-27,23.3042
2017-04-28,23.1724
2017-05-01,23.3188
2017-05-02,23.3261
2017-05-03,23.0406
2017-05-04,23.0626
2017-05-05,23.2456
2017-05-08,23.1211
2017-05-09,23.0333
2017-05-10,23.1577
2017-05-11,23.0479
2017-05-12,22.9601
2017-05-15,23.0626
2017-05-16,22.9454
2017-05-17,23.0918
2017-05-18,23.1358
2017-05-19,23.2676
2017-05-22,23.3261
2017-05-23,23.3554
2017-05-24,23.4872
2017-05-25,23.5751
2017-05-26,23.4286
2017-05-30,23.3627
2017-05-31,23.3261
2017-06-01,23.3993
2017-06-02,23.6043
2017-06-05,23.5458
2017-06-06,23.4360
2017-06-07,23.5604
2017-06-08,23.4506
2017-06-09,23.5604
2017-06-12,23.7142
2017-06-13,23.7727
2017-06-14,23.8460
2017-06-15,23.9631
2017-06-16,23.9497
2017-06-19,23.9644
2017-06-20,23.9201
2017-06-21,23.8685
2017-06-22,23.8832
2017-06-23,23.9866
2017-06-26,24.0973
2017-06-27,24.0014
2017-06-28,24.0309
2017-06-29,23.7873
2017-06-30,23.7725
2017-07-03,23.9940
2017-07-05,23.7060
2017-07-06,23.2778
2017-07-07,23.4107
2017-07-10,23.2262
2017-07-11,23.1893
2017-07-12,23.4919
2017-07-13,23.5362
2017-07-14,23.7725
2017-07-17,23.8242
2017-07-18,23.7946
2017-07-19,23.9718
2017-07-20,23.9054
2017-07-21,23.9497
2017-07-24,23.9349
2017-07-25,23.9349
2017-07-26,24.1342
2017-07-27,24.1121
2017-07-28,24.0973
2017-07-31,24.0604
2017-08-01,24.1638
2017-08-02,24.0457
2017-08-03,23.9866
2017-08-04,24.0604
2017-08-07,24.0457
2017-08-08,23.9349
2017-08-09,23.9644
2017-08-10,23.7503
2017-08-11,23.5953
2017-08-14,23.9866
2017-08-15,23.9423
2017-08-16,24.0161
2017-08-17,23.8463
2017-08-18,23.6691
2017-08-21,23.9128
2017-08-22,23.8980
2017-08-23,24.1416
2017-08-24,24.0973
2017-08-25,24.2155
2017-08-28,24.0899
2017-08-29,24.0752
2017-08-30,24.1859
2017-08-31,24.3040
2017-09-01,24.3040
2017-09-05,24.2819
2017-09-06,24.3188
2017-09-07,24.5034
2017-09-08,24.5108
2017-09-11,24.6880
2017-09-12,24.4222
2017-09-13,24.3188
2017-09-14,24.4886
2017-09-15,24.5746
2017-09-18,24.4333
2017-09-19,24.1879
2017-09-20,24.1210
2017-09-21,24.0838
2017-09-22,23.8756
2017-09-25,23.9648
2017-09-26,23.9871
2017-09-27,23.7864
2017-09-28,23.9574
2017-09-29,23.9723
2017-10-02,23.8830
2017-10-03,23.8756
2017-10-04,24.0838
2017-10-05,24.1582
2017-10-06,24.0912
2017-10-09,24.1433
2017-10-10,24.1805
2017-10-11,24.3143
2017-10-12,24.4853
2017-10-13,24.5522
2017-10-16,24.4333
2017-10-17,24.4333
2017-10-18,24.3887
2017-10-19,24.3738
2017-10-20,24.3366
2017-10-23,24.2474
2017-10-24,24.0912
2017-10-25,24.0318
2017-10-26,23.8979
2017-10-27,23.9351
2017-10-30,24.0838
2017-10-31,24.1656
2017-11-01,24.1433
2017-11-02,24.3515
2017-11-03,24.3515
2017-11-06,24.7233
2017-11-07,24.9538
2017-11-08,25.1397
2017-11-09,25.1397
2017-11-10,25.1397
2017-11-13,25.2140
2017-11-14,25.1917
2017-11-15,25.0058
2017-11-16,25.1025
2017-11-17,24.9538
2017-11-20,24.8943
2017-11-21,25.0281
2017-11-22,24.9463
2017-11-24,25.0356
2017-11-27,24.9612
2017-11-28,24.9017
2017-11-29,24.8422
2017-11-30,24.8720
2017-12-01,24.9166
2017-12-04,24.5894
2017-12-05,24.4928
2017-12-06,24.5299
2017-12-07,24.6266
2017-12-08,24.6861
2017-12-11,24.7456
2017-12-12,24.8571
2017-12-13,24.8497
2017-12-14,24.8720
2017-12-15,24.9509
2017-12-18,25.0336
2017-12-19,24.5600
2017-12-20,24.2969
2017-12-21,24.2142
2017-12-22,24.3721
2017-12-26,24.4999
2017-12-27,24.5976
2017-12-28,24.7404
2017-12-29,24.7630
2018-01-02,24.6201
2018-01-03,24.6277
2018-01-04,24.2067
2018-01-05,24.2593
2018-01-08,24.4247
2018-01-09,24.1465
2018-01-10,23.7706
2018-01-11,23.6203
2018-01-12,23.4474
2018-01-16,23.5602
2018-01-17,23.6955
2018-01-18,23.4699
2018-01-19,23.6353
2018-01-22,23.8609
2018-01-23,24.2292
2018-01-24,24.1616
2018-01-25,24.1089
2018-01-26,24.1766
2018-01-29,23.8984
2018-01-30,23.8007
2018-01-31,24.2894
2018-02-01,23.8458
2018-02-02,23.5752
2018-02-05,22.9663
2018-02-06,22.9212
2018-02-07,22.8159
2018-02-08,22.1017
2018-02-09,22.6205
2018-02-12,22.6806
2018-02-13,22.8460
2018-02-14,22.7031
2018-02-15,22.9136
2018-02-16,23.0640
2018-02-20,22.8309
2018-02-21,22.4100
2018-02-22,22.6656
2018-02-23,23.0790
2018-02-26,23.1617
2018-02-27,22.6656
2018-02-28,22.6355
2018-03-01,22.5227
2018-03-02,22.4475
2018-03-05,22.7633
2018-03-06,22.8535
2018-03-07,22.9512
2018-03-08,23.1317
2018-03-09,23.2820
2018-03-12,23.3948
2018-03-13,23.4699
2018-03-14,23.5150
2018-03-15,23.5150
2018-03-16,23.6385
2018-03-19,23.4041
2018-03-20,23.3965
2018-03-21,23.1848
2018-03-22,23.1016
2018-03-23,22.7386
2018-03-26,23.0487
2018-03-27,23.0865
2018-03-28,23.5100
2018-03-29,23.5024
2018-04-02,23.2150
2018-04-03,23.2982
2018-04-04,23.5705
2018-04-05,23.5931
2018-04-06,23.3512
2018-04-09,23.3436
2018-04-10,23.1848
2018-04-11,23.2453
2018-04-12,22.9731
2018-04-13,23.0941
2018-04-16,23.1999
2018-04-17,23.5100
2018-04-18,23.4495
2018-04-19,23.0562
2018-04-20,22.8521
2018-04-23,22.8974
2018-04-24,22.9201
2018-04-25,22.8445
2018-04-26,23.1394
2018-04-27,23.4495
2018-04-30,23.3587
2018-05-01,23.5251
2018-05-02,23.4192
2018-05-03,23.4117
2018-05-04,23.6763
2018-05-07,23.7217
2018-05-08,23.5553
2018-05-09,23.7368
2018-05-10,23.9561
2018-05-11,23.8427
2018-05-14,23.6763
2018-05-15,23.2755
2018-05-16,23.2150
2018-05-17,23.0941
2018-05-18,23.1092
2018-05-21,23.3436
2018-05-22,23.3738
2018-05-23,23.5629
2018-05-24,23.4721
2018-05-25,23.5856
2018-05-29,23.6461
2018-05-30,23.9561
2018-05-31,23.8805
2018-06-01,23.9788
2018-06-04,24.2132
2018-06-05,24.0922
2018-06-06,24.1603
2018-06-07,24.1603
2018-06-08,24.2435
2018-06-11,24.2359
2018-06-12,24.3720
2018-06-13,23.8276
2018-06-14,24.0544
2018-06-15,24.0152
2018-06-18,23.9924
2018-06-19,24.0229
2018-06-20,24.2822
2018-06-21,24.4271
2018-06-22,24.6406
2018-06-25,24.5796
2018-06-26,24.7092
2018-06-27,24.6406
2018-06-28,24.8846
2018-06-29,24.9456
2018-07-02,24.8007
2018-07-03,24.9456
2018-07-05,25.2736
2018-07-06,25.3803
2018-07-09,25.1439
2018-07-10,25.2659
2018-07-11,25.1897
2018-07-12,25.2507
2018-07-13,25.1668
2018-07-16,25.0295
2018-07-17,24.8618
2018-07-18,24.7702
2018-07-19,25.0067
2018-07-20,24.7855
2018-07-23,24.7169
2018-07-24,24.6482
2018-07-25,24.8923
2018-07-26,24.9761
2018-07-27,24.7474
2018-07-30,24.7245
2018-07-31,25.2049
2018-08-01,25.3727
2018-08-02,25.2507
2018-08-03,25.5786
2018-08-06,25.5252
2018-08-07,25.4719
2018-08-08,25.3117
2018-08-09,25.3575
2018-08-10,25.1134
2018-08-13,25.1058
2018-08-14,25.2049
2018-08-15,25.4261
2018-08-16,25.6244
2018-08-17,25.8684
2018-08-20,25.8989
2018-08-21,25.6625
2018-08-22,25.5024
2018-08-23,25.4414
2018-08-24,25.6168
2018-08-27,25.5786
2018-08-28,25.8913
2018-08-29,25.8532
2018-08-30,25.7159
2018-08-31,25.8150
2018-09-04,25.5863
2018-09-05,25.7464
2018-09-06,25.8303
2018-09-07,25.5024
2018-09-10,25.6396
2018-09-11,25.6473
2018-09-12,25.6701
2018-09-13,25.8303
2018-09-14,25.6091
2018-09-17,25.7540
2018-09-18,25.6015
2018-09-19,25.3575
2018-09-20,25.5481
2018-09-21,25.5482
2018-09-24,25.0473
2018-09-25,25.0242
2018-09-26,24.7467
2018-09-27,24.8238
2018-09-28,25.1321
2018-10-01,24.9394
2018-10-02,24.8623
2018-10-03,24.5772
2018-10-04,24.4616
2018-10-05,24.4693
2018-10-08,24.7852
2018-10-09,24.8700
2018-10-10,24.4770
2018-10-11,23.7602
2018-10-12,23.7448
2018-10-15,23.8913
2018-10-16,24.3383
2018-10-17,24.2689
2018-10-18,24.2766
2018-10-19,24.5232
2018-10-22,24.1764
2018-10-23,24.3305
2018-10-24,24.6157
2018-10-25,24.9086
2018-10-26,24.2612
2018-10-29,24.6619
2018-10-30,25.0704
2018-10-31,24.7313
2018-11-01,24.8238
2018-11-02,24.6157
2018-11-05,25.0242
2018-11-06,25.1629
2018-11-07,25.4403
2018-11-08,25.4943
2018-11-09,25.5251
2018-11-12,25.5791
2018-11-13,25.6330
2018-11-14,25.6253
2018-11-15,25.4249
2018-11-16,25.7871
2018-11-19,25.8565
2018-11-20,25.5174
2018-11-21,25.5020
2018-11-23,25.4095
2018-11-26,25.4635
2018-11-27,25.6022
2018-11-28,25.8103
2018-11-29,25.8411
2018-11-30,26.0877
2018-12-03,26.2110
2018-12-04,25.8642
2018-12-06,26.5732
2018-12-07,26.1725
2018-12-10,26.0723
2018-12-11,26.1185
2018-12-12,25.6253
2018-12-13,25.8026
2018-12-14,25.7563
2018-12-17,24.7930
2018-12-18,25.0396
2018-12-19,24.8084
2018-12-20,24.5078
2018-12-21,24.1325
2018-12-24,23.2436
2018-12-26,23.9843
2018-12-27,24.0389
2018-12-28,24.1247
2018-12-31,24.1714
2019-01-02,23.6178
2019-01-03,23.7270
2019-01-04,23.9687
2019-01-07,24.1714
2019-01-08,24.5925
2019-01-09,24.4911
2019-01-10,24.8810
2019-01-11,24.9278
2019-01-14,24.8498
2019-01-15,25.1305
2019-01-16,25.2475
2019-01-17,25.3722
2019-01-18,25.4658
2019-01-22,25.4190
2019-01-23,25.4346
2019-01-24,25.5360
2019-01-25,25.8323
2019-01-28,26.0896
2019-01-29,26.2923
2019-01-30,26.5106
2019-01-31,26.7679
2019-02-01,26.6042
2019-02-04,26.7601
2019-02-05,26.9395
2019-02-06,26.7289
2019-02-07,26.9551
2019-02-08,26.9551
2019-02-11,27.0330
2019-02-12,26.8459
2019-02-13,27.0252
2019-02-14,27.1266
2019-02-15,27.2903
2019-02-19,27.3215
2019-02-20,27.1500
2019-02-21,27.1968
2019-02-22,27.3527
2019-02-25,27.1266
2019-02-26,27.0720
2019-02-27,26.9862
2019-02-28,27.0642
2019-03-01,27.0330
2019-03-04,27.1422
2019-03-05,27.2202
2019-03-06,27.1500
2019-03-07,27.1266
2019-03-08,27.1500
2019-03-11,27.5710
2019-03-12,27.7192
2019-03-13,27.8517
2019-03-14,27.9219
2019-03-15,27.8070
2019-03-18,27.6659
2019-03-19,27.5875
2019-03-20,27.7129
2019-03-21,28.2070
2019-03-22,28.0737
2019-03-25,28.0972
2019-03-26,28.2697
2019-03-27,28.1756
2019-03-28,28.4109
2019-03-29,28.4030
2019-04-01,28.3168
2019-04-02,28.5599
2019-04-03,28.5285
2019-04-04,28.4422
2019-04-05,28.6618
2019-04-08,28.5207
2019-04-09,28.4344
2019-04-10,28.6618
2019-04-11,28.6226
2019-04-12,28.7794
2019-04-15,28.6069
2019-04-16,27.9325
2019-04-17,27.6424
2019-04-18,27.8619
2019-04-22,27.5561
2019-04-23,27.8698
2019-04-24,28.0658
2019-04-25,28.0345
2019-04-26,28.2227
2019-04-29,27.9325
2019-04-30,28.2540
2019-05-01,28.2540
2019-05-02,28.3089
2019-05-03,28.5050
2019-05-06,28.3873
2019-05-07,27.9012
2019-05-08,27.9012
2019-05-09,27.9953
2019-05-10,28.3168
2019-05-13,28.3168
2019-05-14,28.4187
2019-05-15,28.6069
2019-05-16,28.7716
2019-05-17,28.7324
2019-05-20,28.2697
2019-05-21,28.5050
2019-05-22,28.6383
2019-05-23,28.7794
2019-05-24,28.8186
2019-05-28,28.5207
2019-05-29,28.1913
2019-05-30,28.3638
2019-05-31,28.5991
2019-06-03,28.7089
2019-06-04,28.5520
2019-06-05,29.2029
2019-06-06,29.2578
2019-06-07,29.3519
2019-06-10,29.2499
2019-06-11,29.3048
2019-06-12,29.4146
2019-06-13,29.4538
2019-06-14,29.5793
2019-06-17,29.9008
2019-06-18,29.8146
2019-06-19,30.0106
2019-06-20,30.1910
2019-06-21,29.8533
2019-06-24,29.7031
2019-06-25,29.3000
2019-06-26,28.7309
2019-06-27,28.9680
2019-06-28,29.0629
2019-07-01,29.0076
2019-07-02,29.5450
2019-07-03,29.9719
2019-07-05,29.8059
2019-07-08,29.9165
2019-07-09,30.0746
2019-07-10,30.2406
2019-07-11,29.8533
2019-07-12,29.7347
2019-07-15,29.7743
2019-07-16,29.7268
2019-07-17,29.5767
2019-07-18,29.5688
2019-07-19,29.0866
2019-07-22,29.0550
2019-07-23,29.3395
2019-07-24,29.3158
2019-07-25,29.1894
2019-07-26,29.2842
2019-07-29,29.3949
2019-07-30,29.6873
2019-07-31,29.5688
2019-08-01,29.6399
2019-08-02,29.8691
2019-08-05,29.3000
2019-08-06,29.6636
2019-08-07,29.9402
2019-08-08,30.4145
2019-08-09,30.4066
2019-08-12,30.3829
2019-08-13,30.3987
2019-08-14,29.9244
2019-08-15,30.3433
2019-08-16,30.5567
2019-08-19,30.8334
2019-08-20,30.6042
2019-08-21,30.7306
2019-08-22,30.8808
2019-08-23,30.4935
2019-08-26,30.7781
2019-08-27,30.6753
2019-08-28,30.7622
2019-08-29,30.9836
2019-08-30,30.9915
2019-09-03,31.4341
2019-09-04,31.6949
2019-09-05,31.4183
2019-09-06,31.4578
2019-09-09,31.2207
2019-09-10,30.7622
2019-09-11,30.6911
2019-09-12,30.8729
2019-09-13,30.5014
2019-09-16,30.8176
2019-09-17,31.2523
2019-09-18,31.1574
2019-09-19,31.2602
2019-09-20,31.1275
2019-09-23,31.2389
2019-09-24,31.1991
2019-09-25,31.1673
2019-09-26,31.4696
2019-09-27,31.2628
2019-09-30,31.3025
2019-10-01,31.0320
2019-10-02,30.8410
2019-10-03,31.2071
2019-10-04,31.3503
2019-10-07,31.2946
2019-10-08,31.1434
2019-10-09,31.2389
2019-10-10,31.3185
2019-10-11,31.2150
2019-10-14,31.2628
2019-10-15,31.2866
2019-10-16,31.2468
2019-10-17,31.4537
2019-10-18,31.7561
2019-10-21,31.9709
2019-10-22,31.8754
2019-10-23,31.9311
2019-10-24,31.8118
2019-10-25,31.4219
2019-10-28,31.0877
2019-10-29,31.1673
2019-10-30,31.3980
2019-10-31,31.2946
2019-11-01,31.2150
2019-11-04,30.8649
2019-11-05,30.3318
2019-11-06,30.4432
2019-11-07,30.1170
2019-11-08,30.0613
2019-11-11,30.1170
2019-11-12,29.9180
2019-11-13,30.2204
2019-11-14,30.5228
2019-11-15,30.6739
2019-11-18,30.8410
2019-11-19,30.9047
2019-11-20,30.9206
2019-11-21,30.5069
2019-11-22,30.3318
2019-11-25,30.3557
2019-11-26,30.7774
2019-11-27,30.8729
2019-11-29,30.7535
2019-12-02,30.1886
2019-12-03,30.4352
2019-12-04,30.5944
2019-12-05,30.6421
2019-12-06,30.6501
2019-12-09,30.6899
2019-12-10,30.4750
2019-12-11,30.2443
2019-12-12,29.8783
2019-12-13,29.9101
2019-12-16,30.1408
2019-12-17,29.8146
2019-12-18,30.2363
2019-12-19,30.5228
2019-12-20,30.7586
2019-12-23,30.5736
2019-12-24,30.6138
2019-12-26,30.7988
2019-12-27,30.9115
2019-12-30,30.8873
2019-12-31,31.1045
2020-01-02,30.7425
2020-01-03,30.9678
2020-01-06,30.9758
2020-01-07,30.6380
2020-01-08,30.7908
2020-01-09,30.7828
2020-01-10,31.0804
2020-01-13,31.4584
2020-01-14,31.3056
2020-01-15,31.5228
2020-01-16,31.8043
2020-01-17,31.8445
2020-01-21,32.1663
2020-01-22,31.9089
2020-01-23,32.2145
2020-01-24,32.1663
2020-01-27,32.0295
2020-01-28,32.1100
2020-01-29,31.9410
2020-01-30,32.0134
2020-01-31,31.5549
2020-02-03,31.5871
2020-02-04,31.9973
2020-02-05,31.9732
2020-02-06,32.1100
2020-02-07,32.1260
2020-02-10,32.4960
2020-02-11,32.8902
2020-02-12,33.0993
2020-02-13,33.3004
2020-02-14,33.6865
2020-02-18,33.6543
2020-02-19,33.1797
2020-02-20,33.5498
2020-02-21,33.7267
2020-02-24,33.2763
2020-02-25,32.4397
2020-02-26,32.1582
2020-02-27,30.3404
2020-02-28,29.5923
2020-03-02,31.0643
2020-03-03,31.0402
2020-03-04,32.2467
2020-03-05,31.5067
2020-03-06,30.9678
2020-03-09,28.7799
2020-03-10,30.1795
2020-03-11,28.5627
2020-03-12,26.1094
2020-03-13,28.4019
2020-03-16,23.8572
2020-03-17,25.3051
2020-03-18,23.5275
2020-03-19,23.1575
2020-03-20,21.8463
2020-03-23,20.6323
2020-03-24,22.4313
2020-03-25,23.4281
2020-03-26,25.2271
2020-03-27,25.2920
2020-03-30,25.9484
2020-03-31,25.1218
2020-04-01,23.5983
2020-04-02,23.9467
2020-04-03,23.7441
2020-04-06,25.4621
2020-04-07,25.4702
2020-04-08,27.3827
2020-04-09,28.7928
2020-04-13,27.4719
2020-04-14,28.3876
2020-04-15,27.2936
2020-04-16,27.1153
2020-04-17,27.9905
2020-04-20,26.9532
2020-04-21,26.5561
2020-04-22,27.0181
2020-04-23,26.7101
2020-04-24,26.8074
2020-04-27,27.5853
2020-04-28,27.6096
2020-04-29,27.6826
2020-04-30,27.4881
2020-05-01,26.6453
2020-05-04,26.6291
2020-05-05,26.7993
2020-05-06,26.3049
2020-05-07,26.5399
2020-05-08,27.0262
2020-05-11,26.7020
2020-05-12,25.5675
2020-05-13,25.1623
2020-05-14,25.1947
2020-05-15,25.1056
2020-05-18,26.3292
2020-05-19,25.8187
2020-05-20,26.0618
2020-05-21,25.9322
2020-05-22,26.4994
2020-05-26,27.3422
2020-05-27,27.9257
2020-05-28,28.2417
2020-05-29,28.0797
2020-06-01,28.6388
2020-06-02,28.8252
2020-06-03,29.5140
2020-06-04,28.9630
2020-06-05,30.0246
2020-06-08,30.6810
2020-06-09,30.3244
2020-06-10,29.7571
2020-06-11,27.9176
2020-06-12,28.8009
2020-06-15,29.1656
2020-06-16,29.6518
2020-06-17,29.3033
2020-06-18,28.9387
2020-06-19,28.6469
2020-06-22,28.5656
2020-06-23,28.4595
2020-06-24,27.7327
2020-06-25,28.0267
2020-06-26,27.5448
2020-06-29,28.0185
2020-06-30,28.4268
2020-07-01,29.2026
2020-07-02,29.1046
2020-07-06,29.1373
2020-07-07,28.6636
2020-07-08,28.6473
2020-07-09,28.5493
2020-07-10,28.5820
2020-07-13,28.1328
2020-07-14,28.4105
2020-07-15,28.5411
2020-07-16,28.2063
2020-07-17,28.5983
2020-07-20,28.3288
2020-07-21,28.3370
2020-07-22,28.6800
2020-07-23,28.5330
2020-07-24,28.4186
2020-07-27,28.7535
2020-07-28,29.3333
2020-07-29,29.8886
2020-07-30,29.6436
2020-07-31,29.6109
2020-08-03,29.1373
2020-08-04,29.5701
2020-08-05,29.3496
2020-08-06,29.4068
2020-08-07,29.8069
2020-08-10,29.7579
2020-08-11,29.1863
2020-08-12,29.5538
2020-08-13,29.2108
2020-08-14,29.2843
2020-08-17,29.5456
2020-08-18,29.5129
2020-08-19,28.9086
2020-08-20,29.2189
2020-08-21,29.3169
2020-08-24,29.3578
2020-08-25,29.4476
2020-08-26,29.2434
2020-08-27,29.6354
2020-08-28,29.8641
2020-08-31,29.6027
2020-09-01,29.5538
2020-09-02,30.2152
2020-09-03,29.7089
2020-09-04,29.6027
2020-09-08,29.2271
2020-09-09,29.5456
2020-09-10,29.1291
2020-09-11,29.0311
2020-09-14,29.7416
2020-09-15,30.1336
2020-09-16,30.3295
2020-09-17,29.6599
2020-09-18,29.0719
2020-09-21,28.2939
2020-09-22,28.6307
2020-09-23,27.8092
2020-09-24,27.9407
2020-09-25,28.4829
2020-09-28,28.9758
2020-09-29,28.8279
2020-09-30,28.9758
2020-10-01,29.4523
2020-10-02,29.9288
2020-10-05,30.0931
2020-10-06,29.8384
2020-10-07,29.9206
2020-10-08,30.4217
2020-10-09,30.3396
2020-10-12,30.4956
2020-10-13,29.9781
2020-10-14,29.6330
2020-10-15,29.7727
2020-10-16,29.6659
2020-10-19,29.1976
2020-10-20,29.3948
2020-10-21,29.2880
2020-10-22,29.0826
2020-10-23,29.2716
2020-10-26,28.9183
2020-10-27,28.5486
2020-10-28,27.9160
2020-10-29,28.2364
2020-10-30,28.0557
2020-11-02,28.7458
2020-11-03,29.1976
2020-11-04,29.2798
2020-11-05,29.3866
2020-11-06,29.2716
2020-11-09,30.0438
2020-11-10,30.2081
2020-11-11,30.4381
2020-11-12,30.1260
2020-11-13,30.8161
2020-11-16,31.0132
2020-11-17,31.0297
2020-11-18,30.5039
2020-11-19,30.5532
2020-11-20,30.3478
2020-11-23,30.2492
2020-11-24,30.2328
2020-11-25,30.3067
2020-11-27,30.2492
2020-11-30,29.9863
2020-12-01,30.3642
2020-12-02,30.0438
2020-12-03,30.2656
2020-12-04,30.6682
2020-12-07,30.3642
2020-12-08,30.2245
2020-12-09,29.9452
2020-12-10,29.7809
2020-12-11,29.7973
2020-12-14,29.5837
2020-12-15,30.1013
2020-12-16,30.1095
2020-12-17,30.4628
2020-12-18,29.9370
2020-12-21,29.6676
2020-12-22,29.8756
2020-12-23,29.5927
2020-12-24,29.8840
2020-12-28,30.1253
2020-12-29,29.8923
2020-12-30,30.0587
2020-12-31,30.4249
2021-01-04,29.4429
2021-01-05,29.4096
2021-01-06,29.2681
2021-01-07,29.3597
2021-01-08,29.6759
2021-01-11,29.1766
2021-01-12,29.2016
2021-01-13,29.6010
2021-01-14,29.7841
2021-01-15,30.2418
2021-01-19,30.0421
2021-01-20,30.6662
2021-01-21,30.5664
2021-01-22,30.6413
2021-01-25,30.9159
2021-01-26,31.2321
2021-01-27,30.8327
2021-01-28,30.9159
2021-01-29,30.5913
2021-02-01,31.2820
2021-02-02,31.4152
2021-02-03,31.2904
2021-02-04,31.4651
2021-02-05,31.5733
2021-02-08,31.6399
2021-02-09,31.7814
2021-02-10,31.9977
2021-02-11,31.9395
2021-02-12,31.9312
2021-02-16,31.5900
2021-02-17,31.6149
2021-02-18,31.5983
2021-02-19,31.6981
2021-02-22,31.8812
2021-02-23,31.9977
2021-02-24,32.1475
2021-02-25,31.6232
2021-02-26,31.0740
2021-03-01,31.1073
2021-03-02,30.9159
2021-03-03,30.5331
2021-03-04,30.3084
2021-03-05,30.6579
2021-03-08,30.8077
2021-03-09,31.1572
2021-03-10,31.4651
2021-03-11,31.9312
2021-03-12,32.4804
2021-03-15,32.8466
2021-03-16,32.8466
2021-03-17,32.7966
2021-03-18,32.5886
2021-03-19,32.1558
2021-03-22,32.5108
2021-03-23,32.6117
2021-03-24,32.4688
2021-03-25,32.7461
2021-03-26,33.5446
2021-03-29,33.4690
2021-03-30,33.3261
2021-03-31,33.1916
2021-04-01,33.7211
2021-04-05,33.8976
2021-04-06,33.9817
2021-04-07,34.0237
2021-04-08,33.8556
2021-04-09,33.9060
2021-04-12,34.1078
2021-04-13,34.3095
2021-04-14,34.0994
2021-04-15,34.7466
2021-04-16,34.7970
2021-04-19,34.9063
2021-04-20,35.2929
2021-04-21,35.4526
2021-04-22,35.3013
2021-04-23,35.5030
2021-04-26,35.5787
2021-04-27,35.5787
2021-04-28,35.4526
2021-04-29,35.7131
2021-04-30,35.9485
2021-05-03,35.7552
2021-05-04,35.5366
2021-05-05,35.0155
2021-05-06,35.1836
2021-05-07,35.6123
2021-05-10,35.7720
2021-05-11,35.3517
2021-05-12,34.4944
2021-05-13,34.9315
2021-05-14,35.2593
2021-05-17,35.2761
2021-05-18,35.3433
2021-05-19,35.2088
2021-05-20,35.6459
2021-05-21,35.5871
2021-05-24,35.9737
2021-05-25,36.0746
2021-05-26,36.1586
2021-05-27,36.1166
2021-05-28,36.3603
2021-06-01,36.9823
2021-06-02,37.4950
2021-06-03,37.4194
2021-06-04,37.4530
2021-06-07,37.8060
2021-06-08,38.0077
2021-06-09,38.0497
2021-06-10,38.4364
2021-06-11,38.1926
2021-06-14,38.4112
2021-06-15,38.0582
2021-06-16,37.7135
2021-06-17,37.8564
2021-06-18,37.2597
2021-06-21,38.0002
2021-06-22,37.8310
2021-06-23,37.7126
2021-06-24,37.5349
2021-06-25,37.8056
2021-06-28,37.8225
2021-06-29,37.7972
2021-06-30,37.5011
2021-07-01,37.6534
2021-07-02,37.8310
2021-07-06,38.1694
2021-07-07,38.3640
2021-07-08,38.3301
2021-07-09,38.8377
2021-07-12,39.1761
2021-07-13,38.6685
2021-07-14,39.0069
2021-07-15,39.0661
2021-07-16,39.1084
2021-07-19,38.4993
2021-07-20,39.1930
2021-07-21,39.0746
2021-07-22,38.7954
2021-07-23,39.1507
2021-07-26,39.1507
2021-07-27,39.4637
2021-07-28,39.2268
2021-07-29,39.1084
2021-07-30,39.2353
2021-08-02,39.2522
2021-08-03,39.4129
2021-08-04,39.2860
2021-08-05,39.5990
2021-08-06,39.5314
2021-08-09,39.3537
2021-08-10,38.9307
2021-08-11,39.1422
2021-08-12,39.2776
2021-08-13,39.5398
2021-08-16,39.5821
2021-08-17,39.6583
2021-08-18,39.2437
2021-08-19,39.5737
2021-08-20,39.7598
2021-08-23,39.6075
2021-08-24,39.3114
2021-08-25,39.2691
2021-08-26,39.2945
2021-08-27,39.6160
2021-08-30,40.0982
2021-08-31,40.3350
2021-09-01,41.0287
2021-09-02,41.2233
2021-09-03,41.2233
2021-09-07,40.7665
2021-09-08,41.0118
2021-09-09,40.1405
2021-09-10,39.6329
2021-09-13,39.8528
2021-09-14,39.7682
2021-09-15,39.9205
2021-09-16,39.9966
2021-09-17,39.6329
2021-09-20,39.3614
2021-09-21,39.3699
2021-09-22,39.7017
2021-09-23,39.5060
2021-09-24,39.0551
2021-09-27,38.4086
2021-09-28,38.1789
2021-09-29,38.4256
2021-09-30,37.8131
2021-10-01,38.2215
2021-10-04,38.2640
2021-10-05,37.9663
2021-10-06,38.3321
2021-10-07,38.3746
2021-10-08,37.9578
2021-10-11,38.0088
2021-10-12,38.5192
2021-10-13,38.7404
2021-10-14,39.2848
2021-10-15,39.3018
2021-10-18,39.3699
2021-10-19,39.5485
2021-10-20,40.1525
2021-10-21,40.2801
2021-10-22,40.5694
2021-10-25,40.6885
2021-10-26,40.8756
2021-10-27,40.5779
2021-10-28,41.1734
2021-10-29,40.6800
2021-11-01,40.7735
2021-11-02,41.1563
2021-11-03,41.3945
2021-11-04,40.9267
2021-11-05,41.0202
2021-11-08,41.0117
2021-11-09,41.1649
2021-11-10,40.9607
2021-11-11,40.9777
2021-11-12,40.9947
2021-11-15,41.2244
2021-11-16,40.9692
2021-11-17,41.2414
2021-11-18,41.2329
2021-11-19,41.0117
2021-11-22,40.8076
2021-11-23,41.2414
2021-11-24,41.7944
2021-11-26,40.6629
2021-11-29,41.1734
2021-11-30,40.3142
2021-12-01,39.7867
2021-12-02,40.8756
2021-12-03,40.6715
2021-12-06,41.2584
2021-12-07,41.9900
2021-12-08,42.1687
2021-12-09,41.6327
2021-12-10,41.8454
2021-12-13,42.4069
2021-12-14,41.9390
2021-12-15,42.5600
2021-12-16,42.7216
2021-12-17,42.5770
2021-12-20,42.2985
2021-12-21,42.5387
2021-12-22,42.9592
2021-12-23,42.8305
2021-12-27,43.7056
2021-12-28,43.8944
2021-12-29,44.1603
2021-12-30,44.3577
2021-12-31,44.4520
2022-01-03,44.0402
2022-01-04,43.8686
2022-01-05,42.4444
2022-01-06,42.4959
2022-01-07,42.2728
2022-01-10,42.0240
2022-01-11,41.9553
2022-01-12,42.0669
2022-01-13,41.9210
2022-01-14,41.4320
2022-01-18,41.1488
2022-01-19,40.6169
2022-01-20,40.2565
2022-01-21,40.2308
2022-01-24,40.3166
2022-01-25,40.2050
2022-01-26,39.5358
2022-01-27,38.8237
2022-01-28,40.1707
2022-01-31,40.6169
2022-02-01,40.3423
2022-02-02,41.0373
2022-02-03,40.6169
2022-02-04,40.0592
2022-02-07,40.0678
2022-02-08,39.7074
2022-02-09,40.6683
2022-02-10,39.5101
2022-02-11,38.9695
2022-02-14,38.5491
2022-02-15,38.7379
2022-02-16,38.8408
2022-02-17,38.5062
2022-02-18,38.3346
2022-02-22,38.2317
2022-02-23,37.7341
2022-02-24,38.3861
2022-02-25,39.3471
2022-02-28,38.6693
2022-03-01,38.5920
2022-03-02,39.2784
2022-03-03,39.7074
2022-03-04,40.0420
2022-03-07,39.3127
2022-03-08,38.9610
2022-03-09,39.6130
2022-03-10,39.7503
2022-03-11,39.3556
2022-03-14,39.1154
2022-03-15,39.4243
2022-03-16,39.8618
2022-03-17,40.4281
2022-03-18,40.5225
2022-03-21,40.3141
2022-03-22,40.3400
2022-03-23,39.8827
2022-03-24,40.1933
2022-03-25,40.6679
2022-03-28,41.1857
2022-03-29,42.3937
2022-03-30,42.1607
2022-03-31,41.6948
2022-04-01,42.5231
2022-04-04,42.3937
2022-04-05,42.4282
2022-04-06,43.0581
2022-04-07,42.7043
2022-04-08,42.8597
2022-04-11,42.2729
2022-04-12,42.1435
2022-04-13,42.3160
2022-04-14,42.0744
2022-04-18,41.9709
2022-04-19,42.8510
2022-04-20,43.6622
2022-04-21,43.3774
2022-04-22,42.6008
2022-04-25,42.4023
2022-04-26,41.7379
2022-04-27,41.4877
2022-04-28,42.2470
2022-04-29,40.2106
2022-05-02,39.1665
2022-05-03,39.6411
2022-05-04,40.1071
2022-05-05,39.0802
2022-05-06,38.6833
2022-05-09,36.8799
2022-05-10,36.0601
2022-05-11,36.0083
2022-05-12,36.2758
2022-05-13,37.1819
2022-05-16,36.8799
2022-05-17,37.2768
2022-05-18,36.1895
2022-05-19,36.1205
2022-05-20,36.5433
2022-05-23,37.0179
2022-05-24,37.4494
2022-05-25,37.6565
2022-05-26,37.6133
2022-05-27,38.6747
2022-05-31,38.1569
2022-06-01,37.7427
2022-06-02,38.3122
2022-06-03,37.8290
2022-06-06,37.7169
2022-06-07,38.1569
2022-06-08,37.2423
2022-06-09,36.3880
2022-06-10,35.5251
2022-06-13,33.8166
2022-06-14,33.5750
2022-06-15,34.3430
2022-06-16,33.5232
2022-06-17,33.7217
2022-06-21,34.3472
2022-06-22,34.9039
2022-06-23,35.5910
2022-06-24,36.3651
2022-06-27,36.2346
2022-06-28,35.7388
2022-06-29,35.5127
2022-06-30,35.5388
2022-07-01,36.1737
2022-07-05,36.0259
2022-07-06,35.9998
2022-07-07,36.0259
2022-07-08,35.8606
2022-07-11,35.8606
2022-07-12,35.6345
2022-07-13,35.4431
2022-07-14,35.0952
2022-07-15,35.6606
2022-07-18,35.3127
2022-07-19,36.2868
2022-07-20,36.1041
2022-07-21,36.4781
2022-07-22,36.7565
2022-07-25,36.7826
2022-07-26,36.8521
2022-07-27,37.0522
2022-07-28,38.4177
2022-07-29,38.5656
2022-08-01,38.2177
2022-08-02,37.7132
2022-08-03,37.8698
2022-08-04,37.9046
2022-08-05,38.0263
2022-08-08,38.3047
2022-08-09,38.6091
2022-08-10,39.1309
2022-08-11,38.9483
2022-08-12,39.6093
2022-08-15,39.7833
2022-08-16,39.6267
2022-08-17,39.5136
2022-08-18,39.2440
2022-08-19,38.8613
2022-08-22,38.0524
2022-08-23,37.4784
2022-08-24,37.7741
2022-08-25,38.3568
2022-08-26,37.3827
2022-08-29,37.0609
2022-08-30,36.5303
2022-08-31,36.3999
2022-09-01,36.5303
2022-09-02,35.9041
2022-09-06,36.2781
2022-09-07,36.9739
2022-09-08,37.0783
2022-09-09,37.4349
2022-09-12,37.7480
2022-09-13,36.3129
2022-09-14,35.8693
2022-09-15,35.0865
2022-09-16,35.0952
2022-09-19,35.0283
2022-09-20,34.1067
2022-09-21,33.6065
2022-09-22,33.2905
2022-09-23,32.8780
2022-09-26,31.9915
2022-09-27,31.5702
2022-09-28,32.1671
2022-09-29,31.2718
2022-09-30,31.6053
2022-10-03,32.1934
2022-10-04,32.7025
2022-10-05,32.0969
2022-10-06,31.0436
2022-10-07,30.3064
2022-10-10,29.9641
2022-10-11,30.2449
2022-10-12,29.8412
2022-10-13,30.4029
2022-10-14,29.6393
2022-10-17,30.7452
2022-10-18,31.1490
2022-10-19,30.3678
2022-10-20,30.2186
2022-10-21,30.4293
2022-10-24,30.4117
2022-10-25,31.6141
2022-10-26,31.5527
2022-10-27,31.5702
2022-10-28,32.3163
2022-10-31,32.2373
2022-11-01,32.1846
2022-11-02,31.3420
2022-11-03,31.3245
2022-11-04,31.7633
2022-11-07,31.7546
2022-11-08,31.9476
2022-11-09,31.5966
2022-11-10,34.0190
2022-11-11,34.0014
2022-11-14,33.0974
2022-11-15,33.5099
2022-11-16,33.2729
2022-11-17,32.9745
2022-11-18,33.3958
2022-11-21,33.6328
2022-11-22,33.7996
2022-11-23,33.8522
2022-11-25,34.0541
2022-11-28,33.0974
2022-11-29,33.6503
2022-11-30,34.4403
2022-12-01,34.3700
2022-12-02,34.2033
2022-12-05,33.6240
2022-12-06,33.3695
2022-12-07,33.4397
2022-12-08,33.6855
2022-12-09,33.6152
2022-12-12,33.8961
2022-12-13,34.6421
2022-12-14,34.3086
2022-12-15,33.9137
2022-12-16,32.9131
2022-12-19,32.5231
2022-12-20,32.4521
2022-12-21,32.7806
2022-12-22,32.6208
2022-12-23,32.9137
2022-12-27,32.8871
2022-12-28,32.3634
2022-12-29,33.0824
2022-12-30,32.7806
2023-01-03,32.9048
2023-01-04,33.6593
2023-01-05,32.6740
2023-01-06,33.6238
2023-01-09,33.6061
2023-01-10,33.7037
2023-01-11,34.9286
2023-01-12,35.3192
2023-01-13,35.1150
2023-01-17,35.1239
2023-01-18,34.5825
2023-01-19,34.4138
2023-01-20,34.8132
2023-01-23,34.9109
2023-01-24,35.0618
2023-01-25,35.0973
2023-01-26,35.4967
2023-01-27,35.8163
2023-01-30,35.3813
2023-01-31,36.0293
2023-02-01,36.2956
2023-02-02,37.1300
2023-02-03,36.3577
2023-02-06,36.1270
2023-02-07,35.9849
2023-02-08,35.8873
2023-02-09,35.5411
2023-02-10,35.6121
2023-02-13,35.9406
2023-02-14,35.5677
2023-02-15,35.6654
2023-02-16,35.3370
2023-02-17,35.1594
2023-02-21,34.4671
2023-02-22,34.1564
2023-02-23,34.4848
2023-02-24,33.8457
2023-02-27,33.8990
2023-02-28,33.9167
2023-03-01,33.3930
2023-03-02,33.8280
2023-03-03,34.3961
2023-03-06,34.2629
2023-03-07,33.4019
2023-03-08,33.8724
2023-03-09,33.1001
2023-03-10,32.0438
2023-03-13,32.5586
2023-03-14,32.8959
2023-03-15,32.9137
2023-03-16,32.9137
2023-03-17,32.1592
2023-03-20,32.5042
2023-03-21,32.3164
2023-03-22,31.1364
2023-03-23,30.9487
2023-03-24,31.7443
2023-03-27,31.6370
2023-03-28,31.5298
2023-03-29,32.2807
2023-03-30,32.7008
2023-03-31,33.4160
2023-04-03,33.1031
2023-04-04,33.1121
2023-04-05,32.9422
2023-04-06,33.1657
2023-04-10,33.3356
2023-04-11,33.4965
2023-04-12,33.3981
2023-04-13,33.2909
2023-04-14,32.7187
2023-04-17,33.4607
2023-04-18,33.4071
2023-04-19,33.6037
2023-04-20,33.2015
2023-04-21,33.2372
2023-04-24,33.1478
2023-04-25,32.8439
2023-04-26,32.5757
2023-04-27,33.3624
2023-04-28,33.7468
2023-05-01,33.4339
2023-05-02,32.8618
2023-05-03,32.6561
2023-05-04,32.9601
2023-05-05,33.4696
2023-05-08,33.2372
2023-05-09,33.1299
2023-05-10,33.4428
2023-05-11,33.0942
2023-05-12,33.1568
2023-05-15,33.0942
2023-05-16,32.2092
2023-05-17,32.6293
2023-05-18,32.4237
2023-05-19,32.3701
2023-05-22,32.5846
2023-05-23,32.1824
2023-05-24,31.4761
2023-05-25,31.5476
2023-05-26,31.9142
2023-05-30,32.0125
2023-05-31,32.2181
2023-06-01,32.2270
2023-06-02,32.9065
2023-06-05,32.7545
2023-06-06,32.9512
2023-06-07,33.5590
2023-06-08,33.3534
2023-06-09,33.1836
2023-06-12,33.1657
2023-06-13,33.4071
2023-06-14,33.5859
2023-06-15,33.7289
2023-06-16,33.6931
2023-06-20,33.3377
2023-06-21,33.1932
2023-06-22,32.7238
2023-06-23,32.3718
2023-06-26,33.0939
2023-06-27,33.4550
2023-06-28,33.5453
2023-06-29,33.8522
2023-06-30,34.0237
2023-07-03,34.2946
2023-07-05,34.4661
2023-07-06,34.2765
2023-07-07,34.1140
2023-07-10,34.2314
2023-07-11,34.6195
2023-07-12,34.7820
2023-07-13,35.0167
2023-07-14,35.0167
2023-07-17,34.7188
2023-07-18,34.4300
2023-07-19,34.8091
2023-07-20,34.6918
2023-07-21,34.8452
2023-07-24,35.1792
2023-07-25,34.9174
2023-07-26,35.0438
2023-07-27,34.3036
2023-07-28,34.2043
2023-07-31,34.4751
2023-08-01,34.4119
2023-08-02,34.2675
2023-08-03,33.7981
2023-08-04,33.4641
2023-08-07,33.8883
2023-08-08,33.7168
2023-08-09,33.7981
2023-08-10,33.6897
2023-08-11,33.7529
2023-08-14,33.5724
2023-08-15,33.2293
2023-08-16,32.8231
2023-08-17,32.5794
2023-08-18,32.6697
2023-08-21,32.3898
2023-08-22,32.4891
2023-08-23,32.9676
2023-08-24,32.8141
2023-08-25,32.9044
2023-08-28,33.1662
2023-08-29,33.5453
2023-08-30,33.6627
2023-08-31,33.4189
2023-09-01,33.4009
2023-09-05,33.0669
2023-09-06,33.0037
2023-09-07,33.2745
2023-09-08,33.0578
2023-09-11,33.0759
2023-09-12,33.0759
2023-09-13,32.7419
2023-09-14,33.3377
2023-09-15,33.2113
2023-09-18,32.9211
2023-09-19,32.7482
2023-09-20,32.8119
2023-09-21,31.6745
2023-09-22,31.4561
2023-09-25,31.4015
2023-09-26,30.8464
2023-09-27,30.5734
2023-09-28,30.8919
2023-09-29,31.0011
2023-10-02,30.4370
2023-10-03,29.8819
2023-10-04,30.2004
2023-10-05,30.4188
2023-10-06,30.5370
2023-10-09,30.9374
2023-10-10,31.0466
2023-10-11,31.6745
2023-10-12,31.2559
2023-10-13,31.2468
2023-10-16,31.5653
2023-10-17,31.4015
2023-10-18,30.7099
2023-10-19,29.9547
2023-10-20,29.8000
2023-10-23,29.5452
2023-10-24,29.9183
2023-10-25,29.2905
2023-10-26,29.9092
2023-10-27,29.4360
2023-10-30,29.5270
2023-10-31,30.1185
2023-11-01,30.2732
2023-11-02,31.2104
2023-11-03,31.9474
2023-11-06,31.5107
2023-11-07,31.2468
2023-11-08,31.4288
2023-11-09,30.9465
2023-11-10,31.2923
2023-11-13,31.0284
2023-11-14,32.7027
2023-11-15,32.7755
2023-11-16,32.7664
2023-11-17,32.7300
2023-11-20,32.9847
2023-11-21,32.8210
2023-11-22,32.9211
2023-11-24,33.0484
2023-11-27,33.1667
2023-11-28,33.3487
2023-11-29,33.6035
2023-11-30,33.8765
2023-12-01,34.5862
2023-12-04,34.7773
2023-12-05,34.6317
2023-12-06,34.5134
2023-12-07,34.5589
2023-12-08,34.4861
2023-12-11,34.6044
2023-12-12,34.5953
2023-12-13,35.8510
2023-12-14,36.8428
2023-12-15,36.3970
2023-12-18,36.2965
2023-12-19,36.5448
2023-12-20,36.0850
2023-12-21,36.3885
2023-12-22,36.5356
2023-12-26,36.8023
2023-12-27,37.0138
2023-12-28,37.2437
2023-12-29,36.8391
2024-01-02,37.1793
2024-01-03,36.2965
2024-01-04,36.2045
2024-01-05,36.1310
2024-01-08,36.6276
2024-01-09,36.3701
2024-01-10,36.4252
2024-01-11,36.0850
2024-01-12,36.3609
2024-01-16,36.1402
2024-01-17,35.4781
2024-01-18,35.2482
2024-01-19,35.5884
2024-01-22,35.7539
2024-01-23,35.5608
2024-01-24,35.0734
2024-01-25,35.5516
2024-01-26,35.3953
2024-01-29,35.6528
2024-01-30,35.3217
2024-01-31,35.0642
2024-02-01,35.6804
2024-02-02,35.2298
2024-02-05,34.5309
2024-02-06,35.0550
2024-02-07,35.0367
2024-02-08,35.2298
2024-02-09,35.3217
2024-02-12,35.2114
2024-02-13,34.5677
2024-02-14,34.7976
2024-02-15,35.6344
2024-02-16,35.2666
2024-02-20,35.2114
2024-02-21,35.4689
2024-02-22,35.5608
2024-02-23,35.6068
2024-02-26,35.2022
2024-02-27,35.2298
2024-02-28,35.6804
2024-02-29,35.9654
2024-03-01,36.3609
2024-03-04,36.7747
2024-03-05,36.3057
2024-03-06,36.5080
2024-03-07,36.5080
2024-03-08,36.9402
2024-03-11,36.7563
2024-03-12,36.6643
2024-03-13,36.4344
2024-03-14,35.9195
2024-03-15,35.9011
2024-03-18,35.8951
2024-03-19,35.8951
2024-03-20,36.0433
2024-03-21,36.1822
2024-03-22,35.7563
2024-03-25,35.6174
2024-03-26,35.4693
2024-03-27,36.3673
2024-03-28,36.5988
2024-04-01,35.9600
2024-04-02,35.5618
2024-04-03,35.5804
2024-04-04,35.3026
2024-04-05,35.5341
2024-04-08,35.8396
2024-04-09,36.2933
2024-04-10,34.8026
2024-04-11,34.8397
2024-04-12,34.4786
2024-04-15,33.8768
2024-04-16,33.3583
2024-04-17,33.0806
2024-04-18,33.0898
2024-04-19,33.2194
2024-04-22,33.4879
2024-04-23,33.7935
2024-04-24,33.9231
2024-04-25,33.7287
2024-04-26,33.7564
2024-04-29,34.1360
2024-04-30,33.5065
2024-05-01,33.5250
2024-05-02,34.0064
2024-05-03,34.2749
2024-05-06,34.2842
2024-05-07,34.6452
2024-05-08,34.3212
2024-05-09,35.1359
2024-05-10,35.0063
2024-05-13,35.0989
2024-05-14,35.3489
2024-05-15,35.9507
2024-05-16,35.8859
2024-05-17,35.8859
2024-05-20,35.6637
2024-05-21,35.6359
2024-05-22,35.3304
2024-05-23,34.5804
2024-05-24,34.5804
2024-05-28,34.3768
2024-05-29,34.0527
2024-05-30,34.5434
2024-05-31,35.2285
2024-06-03,35.0897
2024-06-04,35.4230
2024-06-05,35.3767
2024-06-06,35.4322
2024-06-07,35.1545
2024-06-10,35.3304
2024-06-11,35.2193
2024-06-12,35.4693
2024-06-13,35.6452
2024-06-14,35.6729
2024-06-17,35.4878
2024-06-18,35.6266
2024-06-20,35.5341
2024-06-21,35.6266
2024-06-24,35.8671
2024-06-25,35.3621
2024-06-26,35.3153
2024-06-27,35.6333
2024-06-28,35.9232
2024-07-01,35.5772
2024-07-02,35.7268
2024-07-03,35.6894
2024-07-05,35.8203
2024-07-08,35.9045
2024-07-09,35.9139
2024-07-10,36.1664
2024-07-11,37.1297
2024-07-12,37.4009
2024-07-15,37.5599
2024-07-16,37.9153
2024-07-17,38.2520
2024-07-18,37.9340
2024-07-19,37.8873
2024-07-22,38.2614
2024-07-23,38.1959
2024-07-24,37.6722
2024-07-25,37.4664
2024-07-26,38.0930
2024-07-29,38.3362
2024-07-30,38.6168
2024-07-31,38.5232
2024-08-01,39.1218
2024-08-02,39.1499
2024-08-05,38.0182
2024-08-06,38.8599
2024-08-07,38.5794
2024-08-08,38.9067
2024-08-09,39.1031
2024-08-12,38.8693
2024-08-13,39.1405
2024-08-14,39.2808
2024-08-15,39.1686
2024-08-16,39.1499
2024-08-19,39.3837
2024-08-20,39.4211
2024-08-21,39.5520
2024-08-22,39.7952
2024-08-23,40.5621
2024-08-26,40.5340
2024-08-27,40.6369
2024-08-28,40.4966
2024-08-29,40.3376
2024-08-30,40.7304
2024-09-03,40.8240
2024-09-04,40.9175
2024-09-05,40.8053
2024-09-06,40.8053
2024-09-09,41.2916
2024-09-10,42.0211
2024-09-11,41.9089
2024-09-12,41.9837
2024-09-13,42.2830
2024-09-16,42.4233
2024-09-17,42.0866
2024-09-18,41.9650
2024-09-19,41.8621
2024-09-20,41.7873
2024-09-23,42.2502
2024-09-24,42.2502
2024-09-25,42.0712
2024-09-26,41.6568
2024-09-27,41.7133
2024-09-30,42.0712
2024-10-01,41.8169
2024-10-02,41.6662
2024-10-03,41.2613
2024-10-04,40.9881
2024-10-07,40.6867
2024-10-08,40.8092
2024-10-09,40.8280
2024-10-10,40.4890
2024-10-11,40.9034
2024-10-14,41.1859
2024-10-15,41.7039
2024-10-16,42.1183
2024-10-17,41.8452
2024-10-18,42.1372
2024-10-21,41.2707
2024-10-22,41.3366
2024-10-23,41.7416
2024-10-24,41.8358
2024-10-25,41.5061
2024-10-28,41.6380
2024-10-29,41.2613
2024-10-30,41.4120
2024-10-31,40.6867
2024-11-01,40.2535
2024-11-04,40.7056
2024-11-05,41.2613
2024-11-06,40.1593
2024-11-07,40.6585
2024-11-08,41.3554
2024-11-11,40.9976
2024-11-12,40.4795
2024-11-13,40.7998
2024-11-14,40.4325
2024-11-15,40.4795
2024-11-18,40.8374
2024-11-19,41.0070
2024-11-20,40.9410
2024-11-21,41.2142
2024-11-22,41.5250
2024-11-25,42.0806
2024-11-26,42.2878
2024-11-27,42.5798
2024-11-29,42.3820
2024-12-02,41.7416
2024-12-03,41.4967
2024-12-04,41.3837
2024-12-05,41.2801
2024-12-06,41.2236
2024-12-09,41.3084
2024-12-10,40.6397
2024-12-11,40.5361
2024-12-12,40.5078
2024-12-13,40.3383
2024-12-16,40.1311
2024-12-17,39.9521
2024-12-18,38.3887
2024-12-19,37.7294
2024-12-20,38.4170
2024-12-23,38.5917
2024-12-24,38.8488
2024-12-26,38.9059
2024-12-27,38.5917
2024-12-30,38.4109
2024-12-31,38.7155
2025-01-02,38.3538
2025-01-03,38.8773
2025-01-06,38.3442
2025-01-07,38.0587
2025-01-08,38.2205
2025-01-10,37.2971
2025-01-13,37.7731
2025-01-14,38.0967
2025-01-15,38.2586
2025-01-16,39.1153
2025-01-17,39.1058
2025-01-21,39.8197
2025-01-22,39.1248
2025-01-23,39.4390
2025-01-24,39.5532
2025-01-27,39.9435
2025-01-28,39.4580
2025-01-29,39.0011
2025-01-30,39.5151
2025-01-31,39.4295
2025-02-03,39.3628
2025-02-04,39.3628
2025-02-05,39.9816
2025-02-06,40.0958
2025-02-07,39.9530
2025-02-10,40.0101
2025-02-11,40.2291
2025-02-12,39.8864
2025-02-13,40.2005
2025-02-14,40.0387
2025-02-18,40.1815
2025-02-19,40.2576
2025-02-20,40.5337
2025-02-21,40.2005
2025-02-24,40.3814
2025-02-25,40.8098
2025-02-26,40.6099
2025-02-27,40.7907
2025-02-28,41.0763
2025-03-03,41.4285
2025-03-04,40.9526
2025-03-05,41.3333
2025-03-06,40.2005
2025-03-07,40.4290
2025-03-10,40.0387
2025-03-11,39.6198
2025-03-12,39.4770
2025-03-13,38.7060
2025-03-14,39.4580
2025-03-17,40.1529
2025-03-18,39.9054
2025-03-19,39.9530
2025-03-20,39.9054
2025-03-21,39.5151
2025-03-24,40.0647
2025-03-25,39.5856
2025-03-26,39.7868
2025-03-27,39.6910
2025-03-28,39.6719
2025-03-31,40.0934
2025-04-01,40.1221
2025-04-02,40.3137
2025-04-03,39.1066
2025-04-04,37.3247
2025-04-07,36.4242
2025-04-08,35.5236
2025-04-09,37.5642
2025-04-10,36.7690
2025-04-11,37.2864
2025-04-14,38.1103
2025-04-15,38.1678
2025-04-16,38.1486
2025-04-17,38.7522
2025-04-21,37.9474
2025-04-22,38.7234
2025-04-23,38.7713
2025-04-24,38.8863
2025-04-25,38.8288
2025-04-28,39.0683
2025-04-29,39.3845
2025-04-30,39.5665
2025-05-01,39.6814
2025-05-02,40.1700
2025-05-05,40.1221
2025-05-06,39.8443
2025-05-07,39.8156
2025-05-08,39.6240
2025-05-09,39.8635
2025-05-12,39.9018
2025-05-13,39.3653
2025-05-14,39.0300
2025-05-15,39.7485
2025-05-16,40.2467
2025-05-19,40.3329
2025-05-20,40.1221
2025-05-21,39.0587
2025-05-22,38.9246
2025-05-23,38.9342
2025-05-27,39.5761
2025-05-28,39.5761
2025-05-29,39.9401
2025-05-30,39.9784
2025-06-02,40.0359
2025-06-03,39.8922
2025-06-04,40.0168
2025-06-05,40.0072
2025-06-06,40.1221
2025-06-09,40.1030
2025-06-10,40.4574
2025-06-11,40.2371
2025-06-12,40.4574
2025-06-13,40.1317
2025-06-16,40.1700
2025-06-17,40.0072
2025-06-18,40.0838
2025-06-20,40.0742
2025-06-23,40.6595
2025-06-24,40.8528
2025-06-25,39.8571
2025-06-26,39.6058
2025-06-27,39.7508
2025-06-30,40.0408
2025-07-01,40.3115
2025-07-02,40.3888
2025-07-03,40.4081
2025-07-07,40.0988
2025-07-08,40.0408
2025-07-09,40.0215
2025-07-10,40.2245
2025-07-11,40.1858
2025-07-14,40.4565
2025-07-15,39.9345
2025-07-16,40.3695
2025-07-17,40.3308
2025-07-18,40.4468
2025-07-21,40.6015
2025-07-22,41.3072
2025-07-23,41.4232
2025-07-24,41.3652
2025-07-25,41.3652
2025-07-28,40.6498
2025-07-29,41.3265
2025-07-30,40.7465
2025-07-31,40.0311
2025-08-01,39.9151
2025-08-04,40.2535
2025-08-05,40.3888
2025-08-06,40.0505
2025-08-07,40.2051
2025-08-08,39.8765
2025-08-11,39.6444
2025-08-12,39.7121
2025-08-13,39.9731
2025-08-14,39.6928
2025-08-15,39.9538
2025-08-18,39.5768
2025-08-19,40.2825
2025-08-20,40.4371
2025-08-21,40.2921
2025-08-22,40.9302
2025-08-25,40.7271
2025-08-26,40.6111
2025-08-27,40.7852
2025-08-28,40.6788
2025-08-29,40.9012
2025-09-02,40.2051
2025-09-03,40.0988
2025-09-04,40.3695
2025-09-05,40.7755
2025-09-08,40.5048
2025-09-09,40.4855
2025-09-10,40.4661
2025-09-11,41.1235
2025-09-12,40.9398
2025-09-15,40.8915
2025-09-16,40.6498
2025-09-17,40.6305
2025-09-18,40.6595
2025-09-19,40.4565
2025-09-22,40.5896
2025-09-23,40.9111
2025-09-24,40.4922
2025-09-25,40.3948
2025-09-26,40.7942
2025-09-29,40.8721
2025-09-30,41.0377
2025-10-01,41.0377
2025-10-02,40.8234
2025-10-03,40.9890
2025-10-06,40.5799
2025-10-07,40.4532
2025-10-08,40.2487
2025-10-09,40.0636
2025-10-10,39.6253
2025-10-13,39.8493
2025-10-14,40.2292
2025-10-15,40.8137
2025-10-16,40.6870
2025-10-17,40.9500
2025-10-20,41.3786
2025-10-21,41.2520
2025-10-22,41.4371
2025-10-23,41.3981
2025-10-24,41.5442
2025-10-27,41.6319
2025-10-28,40.7065
2025-10-29,39.5961
2025-10-30,39.8201
2025-10-31,39.8396
2025-11-03,39.7714
2025-11-04,39.8785
2025-11-05,39.8688
2025-11-06,39.6740
2025-11-07,40.2000
2025-11-10,40.1708
2025-11-11,40.6188
2025-11-12,40.2974
2025-11-13,39.7714
2025-11-14,39.8883
2025-11-17,39.6253
2025-11-18,39.7714
2025-11-19,39.4597
2025-11-20,39.3233
2025-11-21,39.8396
2025-11-24,39.8980
2025-11-25,40.2195
2025-11-26,40.3948
2025-11-28,40.5896
2025-12-01,40.0247
2025-12-02,39.9272
2025-12-03,40.0052
2025-12-04,39.9370
2025-12-05,39.9272
2025-12-08,39.6837
2025-12-09,39.4500
2025-12-10,39.5279
2025-12-11,39.7422
2025-12-12,39.6935
2025-12-15,39.8493
2025-12-16,39.4987
2025-12-17,39.6740
2025-12-18,39.4305
2025-12-19,39.2844
2025-12-22,39.5759
2025-12-23,39.5661
2025-12-24,39.8221
2025-12-26,39.9009
2025-12-29,40.0092
2025-12-30,40.0978
2025-12-31,39.7335
2026-01-02,39.7630
2026-01-05,39.8123
2026-01-06,40.0782
2026-01-07,39.5267
2026-01-08,39.8221
2026-01-09,39.8812
2026-01-12,39.9994
2026-01-13,40.3046
2026-01-14,40.7576
2026-01-15,41.0629
2026-01-16,41.5651
2026-01-20,40.7675
2026-01-21,40.9152
2026-01-22,40.5114
2026-01-23,40.6198
2026-01-26,40.5902
2026-01-27,40.6198
2026-01-28,40.2259
2026-01-29,40.7379
2026-01-30,40.7970
2026-02-02,40.3342
2026-02-03,40.1865
2026-02-04,40.8265
2026-02-05,40.6001
2026-02-06,41.3484
2026-02-09,41.6045
2026-02-10,42.1855
2026-02-11,42.1461
2026-02-12,42.2150
2026-02-13,42.8354
2026-02-17,43.2687
2026-02-18,42.6877
2026-02-19,42.5400
2026-02-20,42.8945
2026-02-23,42.9437
2026-02-24,43.0619
2026-02-25,42.7763
2026-02-26,42.9634
2026-02-27,43.1702
2026-03-02,43.2490
2026-03-03,43.0323
2026-03-04,43.0914
2026-03-05,42.6778
2026-03-06,42.2347
2026-03-09,42.3233
2026-03-10,42.2642
2026-03-11,41.7620
2026-03-12,41.4962
2026-03-13,41.6045
2026-03-16,41.9294
2026-03-17,42.0673
2026-03-18,41.3780
2026-03-19,41.2795
2026-03-20,39.9698
2026-03-23,40.2683
2026-03-24,39.9411
2026-03-25,39.9213
2026-03-26,39.9411
2026-03-27,39.6636
2026-03-30,39.8618
2026-03-31,40.4765
2026-04-01,40.5954
2026-04-02,41.2497
2026-04-06,41.3984
2026-04-07,41.3588
2026-04-08,42.0725
2026-04-09,42.3600
2026-04-10,42.4492
2026-04-13,42.6475
2026-04-14,43.0540
2026-04-15,43.0341
2026-04-16,43.4307
2026-04-17,44.0949
2026-04-20,44.2535
2026-04-21,43.4009
2026-04-22,43.0837
2026-04-23,43.5794
2026-04-24,43.4505
2026-04-27,43.1134
2026-04-28,43.5298
2026-04-29,43.2621
2026-04-30,44.0156
2026-05-01,43.9363
2026-05-04,43.6983
2026-05-05,43.7876
2026-05-06,44.3526
2026-05-07,44.0156
2026-05-08,44.0255
2026-05-11,44.1841
2026-05-12,44.1940
2026-05-13,43.8272
2026-05-14,43.5298
2026-05-15,42.8557
2026-05-18,43.3712
2026-05-19,43.5595
2026-05-20,44.0453
2026-05-21,44.1147
2026-05-22,44.1742
2026-05-26,44.3229
2026-05-27,44.2436
2026-05-28,44.0255
2026-05-29,43.6091
2026-06-01,42.8953
2026-06-02,43.1134
2026-06-03,43.1333
2026-06-04,44.0156
2026-06-05,44.3130
2026-06-08,43.6488
2026-06-09,44.5806
2026-06-10,44.6005
2026-06-11,44.5311
2026-06-12,44.9672
2026-06-15,44.6005
2026-06-16,44.7095
2026-06-17,43.5893
2026-06-18,43.4802
2026-06-22,44.0200
2026-06-23,44.6400
2026-06-24,44.5100
2026-06-25,44.5900
2026-06-26,45.2400
2026-06-29,44.9200
2026-06-30,44.0300
2026-07-01,44.1800
2026-07-02,44.6800
