date,XLU.US
2017-01-03,17.9755
2017-01-04,18.0422
2017-01-05,18.0608
2017-01-06,18.1164
2017-01-09,17.8790
2017-01-10,17.8234
2017-01-11,18.0089
2017-01-12,18.0237
2017-01-13,17.9977
2017-01-17,18.1944
2017-01-18,18.1721
2017-01-19,18.0126
2017-01-20,18.0460
2017-01-23,17.9532
2017-01-24,17.9495
2017-01-25,17.9495
2017-01-26,17.9569
2017-01-27,17.9532
2017-01-30,17.9680
2017-01-31,18.2463
2017-02-01,17.9309
2017-02-02,18.1202
2017-02-03,18.1424
2017-02-06,18.1053
2017-02-07,18.1498
2017-02-08,18.3279
2017-02-09,18.1721
2017-02-10,18.2871
2017-02-13,18.3762
2017-02-14,18.2426
2017-02-15,18.1981
2017-02-16,18.3799
2017-02-17,18.3910
2017-02-21,18.5839
2017-02-22,18.6618
2017-02-23,18.8548
2017-02-24,19.1404
2017-02-27,19.0328
2017-02-28,19.2072
2017-03-01,19.0366
2017-03-02,19.1738
2017-03-03,19.1145
2017-03-06,19.0774
2017-03-07,19.0662
2017-03-08,18.7917
2017-03-09,18.7509
2017-03-10,18.9067
2017-03-13,18.9624
2017-03-14,18.9438
2017-03-15,19.2480
2017-03-16,19.0366
2017-03-17,19.1513
2017-03-20,19.0294
2017-03-21,19.2934
2017-03-22,19.3868
2017-03-23,19.3270
2017-03-24,19.3980
2017-03-27,19.3233
2017-03-28,19.3083
2017-03-29,19.2560
2017-03-30,19.1065
2017-03-31,19.1812
2017-04-03,19.1775
2017-04-04,19.2373
2017-04-05,19.3457
2017-04-06,19.2971
2017-04-07,19.2149
2017-04-10,19.2485
2017-04-11,19.2410
2017-04-12,19.3831
2017-04-13,19.3195
2017-04-17,19.4055
2017-04-18,19.4504
2017-04-19,19.3158
2017-04-20,19.2410
2017-04-21,19.3382
2017-04-24,19.4392
2017-04-25,19.4130
2017-04-26,19.3532
2017-04-27,19.4205
2017-04-28,19.3270
2017-05-01,19.2111
2017-05-02,19.2336
2017-05-03,19.1663
2017-05-04,19.2336
2017-05-05,19.3382
2017-05-08,19.3308
2017-05-09,19.1887
2017-05-10,19.2186
2017-05-11,19.2448
2017-05-12,19.3382
2017-05-15,19.4205
2017-05-16,19.2784
2017-05-17,19.3270
2017-05-18,19.3943
2017-05-19,19.4691
2017-05-22,19.6373
2017-05-23,19.6896
2017-05-24,19.8018
2017-05-25,19.9625
2017-05-26,19.9625
2017-05-30,20.0261
2017-05-31,20.1270
2017-06-01,20.2691
2017-06-02,20.2915
2017-06-05,20.2280
2017-06-06,20.1831
2017-06-07,20.2504
2017-06-08,20.0822
2017-06-09,20.0635
2017-06-12,20.0261
2017-06-13,20.0747
2017-06-14,20.1831
2017-06-15,20.2990
2017-06-16,20.3921
2017-06-19,20.3242
2017-06-20,20.3355
2017-06-21,20.2149
2017-06-22,20.1207
2017-06-23,20.0529
2017-06-26,20.1886
2017-06-27,19.9624
2017-06-28,19.7702
2017-06-29,19.6120
2017-06-30,19.5818
2017-07-03,19.4914
2017-07-05,19.3971
2017-07-06,19.3896
2017-07-07,19.4047
2017-07-10,19.3896
2017-07-11,19.3783
2017-07-12,19.5441
2017-07-13,19.4763
2017-07-14,19.5667
2017-07-17,19.6572
2017-07-18,19.7137
2017-07-19,19.7966
2017-07-20,19.9398
2017-07-21,20.0830
2017-07-24,19.8946
2017-07-25,19.7815
2017-07-26,19.9700
2017-07-27,20.0190
2017-07-28,19.9888
2017-07-31,20.0567
2017-08-01,20.1697
2017-08-02,20.2564
2017-08-03,20.3581
2017-08-04,20.2677
2017-08-07,20.3318
2017-08-08,20.4147
2017-08-09,20.3092
2017-08-10,20.3732
2017-08-11,20.2526
2017-08-14,20.3695
2017-08-15,20.4825
2017-08-16,20.5654
2017-08-17,20.4184
2017-08-18,20.5390
2017-08-21,20.6144
2017-08-22,20.6596
2017-08-23,20.7275
2017-08-24,20.7124
2017-08-25,20.7802
2017-08-28,20.8179
2017-08-29,20.7727
2017-08-30,20.7124
2017-08-31,20.7162
2017-09-01,20.6521
2017-09-05,20.7049
2017-09-06,20.6106
2017-09-07,20.7652
2017-09-08,20.8631
2017-09-11,21.0403
2017-09-12,20.6898
2017-09-13,20.5880
2017-09-14,20.7614
2017-09-15,20.7906
2017-09-18,20.5780
2017-09-19,20.5362
2017-09-20,20.3843
2017-09-21,20.3805
2017-09-22,20.2134
2017-09-25,20.3995
2017-09-26,20.3615
2017-09-27,20.0881
2017-09-28,20.1603
2017-09-29,20.1451
2017-10-02,20.1793
2017-10-03,20.1223
2017-10-04,20.3236
2017-10-05,20.3046
2017-10-06,20.2894
2017-10-09,20.3160
2017-10-10,20.5134
2017-10-11,20.6008
2017-10-12,20.7071
2017-10-13,20.5628
2017-10-16,20.5172
2017-10-17,20.6387
2017-10-18,20.6008
2017-10-19,20.8172
2017-10-20,20.8324
2017-10-23,20.8438
2017-10-24,20.8628
2017-10-25,20.7716
2017-10-26,20.7754
2017-10-27,20.9046
2017-10-30,20.9083
2017-10-31,20.9311
2017-11-01,20.8134
2017-11-02,20.8894
2017-11-03,20.9653
2017-11-06,20.8856
2017-11-07,21.1362
2017-11-08,21.1514
2017-11-09,21.1780
2017-11-10,21.0792
2017-11-13,21.3299
2017-11-14,21.5957
2017-11-15,21.4096
2017-11-16,21.3413
2017-11-17,21.1932
2017-11-20,21.1286
2017-11-21,21.1856
2017-11-22,21.1856
2017-11-24,21.2197
2017-11-27,21.3109
2017-11-28,21.4096
2017-11-29,21.4210
2017-11-30,21.4931
2017-12-01,21.4210
2017-12-04,21.2995
2017-12-05,21.0299
2017-12-06,21.1096
2017-12-07,21.1476
2017-12-08,21.2159
2017-12-11,21.3450
2017-12-12,20.9805
2017-12-13,21.0375
2017-12-14,21.0109
2017-12-15,21.0879
2017-12-18,20.8541
2017-12-19,20.4747
2017-12-20,20.3137
2017-12-21,20.0722
2017-12-22,20.1029
2017-12-26,19.9841
2017-12-27,20.0684
2017-12-28,20.1796
2017-12-29,20.1910
2018-01-02,20.0032
2018-01-03,19.8461
2018-01-04,19.6813
2018-01-05,19.6736
2018-01-08,19.8576
2018-01-09,19.6621
2018-01-10,19.4475
2018-01-11,19.3747
2018-01-12,19.2635
2018-01-16,19.2214
2018-01-17,19.3402
2018-01-18,19.2175
2018-01-19,19.1600
2018-01-22,19.1869
2018-01-23,19.3708
2018-01-24,19.2520
2018-01-25,19.5510
2018-01-26,19.5625
2018-01-29,19.3133
2018-01-30,19.3478
2018-01-31,19.5625
2018-02-01,19.2559
2018-02-02,19.1179
2018-02-05,18.8036
2018-02-06,18.5238
2018-02-07,18.4356
2018-02-08,18.2287
2018-02-09,18.6119
2018-02-12,18.7538
2018-02-13,18.8381
2018-02-14,18.6273
2018-02-15,19.0412
2018-02-16,19.2099
2018-02-20,18.9607
2018-02-21,18.7116
2018-02-22,18.8074
2018-02-23,19.2980
2018-02-26,19.2405
2018-02-27,18.9339
2018-02-28,18.8036
2018-03-01,18.8074
2018-03-02,18.7576
2018-03-05,19.1409
2018-03-06,18.8841
2018-03-07,18.7423
2018-03-08,18.8802
2018-03-09,18.9339
2018-03-12,19.0144
2018-03-13,19.0565
2018-03-14,19.2520
2018-03-15,19.2405
2018-03-16,19.4093
2018-03-19,19.2896
2018-03-20,19.2007
2018-03-21,19.1351
2018-03-22,19.2200
2018-03-23,18.9497
2018-03-26,19.1467
2018-03-27,19.4209
2018-03-28,19.4132
2018-03-29,19.5175
2018-04-02,19.3668
2018-04-03,19.4325
2018-04-04,19.4750
2018-04-05,19.6295
2018-04-06,19.4750
2018-04-09,19.5136
2018-04-10,19.3630
2018-04-11,19.3359
2018-04-12,19.0810
2018-04-13,19.2316
2018-04-16,19.4943
2018-04-17,19.6913
2018-04-18,19.6179
2018-04-19,19.6063
2018-04-20,19.4286
2018-04-23,19.4402
2018-04-24,19.5715
2018-04-25,19.5754
2018-04-26,19.7724
2018-04-27,19.9732
2018-04-30,19.9153
2018-05-01,19.8535
2018-05-02,19.8342
2018-05-03,19.8072
2018-05-04,19.8960
2018-05-07,19.7917
2018-05-08,19.2973
2018-05-09,19.1621
2018-05-10,19.4325
2018-05-11,19.4595
2018-05-14,19.3861
2018-05-15,19.2239
2018-05-16,19.0733
2018-05-17,18.9188
2018-05-18,18.9226
2018-05-21,19.0192
2018-05-22,19.0887
2018-05-23,19.2625
2018-05-24,19.4209
2018-05-25,19.5059
2018-05-29,19.5059
2018-05-30,19.6642
2018-05-31,19.6951
2018-06-01,19.3939
2018-06-04,19.2394
2018-06-05,19.1389
2018-06-06,18.6832
2018-06-07,18.8145
2018-06-08,18.8068
2018-06-11,18.7681
2018-06-12,18.9844
2018-06-13,18.9342
2018-06-14,19.1698
2018-06-15,19.3062
2018-06-18,19.3686
2018-06-19,19.5595
2018-06-20,19.5751
2018-06-21,19.6414
2018-06-22,19.7778
2018-06-25,20.1051
2018-06-26,20.1285
2018-06-27,20.2260
2018-06-28,20.2182
2018-06-29,20.2493
2018-07-02,20.3935
2018-07-03,20.4520
2018-07-05,20.5611
2018-07-06,20.7209
2018-07-09,20.0818
2018-07-10,20.2727
2018-07-11,20.4559
2018-07-12,20.4715
2018-07-13,20.4754
2018-07-16,20.4559
2018-07-17,20.4403
2018-07-18,20.3351
2018-07-19,20.5221
2018-07-20,20.3779
2018-07-23,20.2337
2018-07-24,20.3039
2018-07-25,20.3623
2018-07-26,20.5806
2018-07-27,20.5143
2018-07-30,20.3896
2018-07-31,20.5728
2018-08-01,20.4403
2018-08-02,20.5416
2018-08-03,20.7715
2018-08-06,20.7871
2018-08-07,20.7560
2018-08-08,20.6468
2018-08-09,20.7404
2018-08-10,20.6507
2018-08-13,20.6780
2018-08-14,20.7209
2018-08-15,20.9118
2018-08-16,21.1379
2018-08-17,21.2470
2018-08-20,21.1729
2018-08-21,21.0210
2018-08-22,20.8651
2018-08-23,20.8495
2018-08-24,20.9391
2018-08-27,20.8105
2018-08-28,20.7676
2018-08-29,20.9196
2018-08-30,20.9274
2018-08-31,20.8378
2018-09-04,20.9313
2018-09-05,21.2236
2018-09-06,21.3444
2018-09-07,21.0833
2018-09-10,21.1885
2018-09-11,21.1340
2018-09-12,21.1145
2018-09-13,21.2743
2018-09-14,21.1613
2018-09-17,21.2314
2018-09-18,21.1924
2018-09-19,20.7326
2018-09-20,20.7754
2018-09-21,20.8639
2018-09-24,20.6791
2018-09-25,20.3960
2018-09-26,20.1955
2018-09-27,20.4039
2018-09-28,20.7027
2018-10-01,20.6319
2018-10-02,20.9111
2018-10-03,20.6594
2018-10-04,20.7695
2018-10-05,21.0880
2018-10-08,21.2650
2018-10-09,21.3515
2018-10-10,21.2335
2018-10-11,20.8443
2018-10-12,20.8207
2018-10-15,20.9190
2018-10-16,21.1352
2018-10-17,21.0959
2018-10-18,21.1274
2018-10-19,21.4577
2018-10-22,21.3200
2018-10-23,21.2021
2018-10-24,21.7172
2018-10-25,21.3790
2018-10-26,20.9858
2018-10-29,21.2807
2018-10-30,21.3633
2018-10-31,21.1116
2018-11-01,21.0173
2018-11-02,20.8993
2018-11-05,21.1942
2018-11-06,21.3358
2018-11-07,21.5796
2018-11-08,21.5442
2018-11-09,21.5756
2018-11-12,21.5638
2018-11-13,21.6543
2018-11-14,21.4301
2018-11-15,21.2532
2018-11-16,21.5796
2018-11-19,21.6739
2018-11-20,21.5835
2018-11-21,21.2650
2018-11-23,21.2768
2018-11-26,21.4026
2018-11-27,21.5638
2018-11-28,21.5481
2018-11-29,21.5402
2018-11-30,21.8587
2018-12-03,22.0789
2018-12-04,22.0947
2018-12-06,22.1183
2018-12-07,22.2008
2018-12-10,22.2441
2018-12-11,22.3345
2018-12-12,22.1930
2018-12-13,22.3857
2018-12-14,22.3424
2018-12-17,21.6228
2018-12-18,21.4773
2018-12-19,21.4419
2018-12-20,21.4301
2018-12-21,21.3385
2018-12-24,20.4463
2018-12-26,20.7239
2018-12-27,20.8984
2018-12-28,20.9499
2018-12-31,20.9856
2019-01-02,20.6247
2019-01-03,20.6208
2019-01-04,20.9261
2019-01-07,20.7834
2019-01-08,21.0411
2019-01-09,20.9142
2019-01-10,21.1878
2019-01-11,21.1085
2019-01-14,20.6327
2019-01-15,20.8865
2019-01-16,20.9618
2019-01-17,21.0491
2019-01-18,21.0728
2019-01-22,21.1125
2019-01-23,21.3266
2019-01-24,21.4377
2019-01-25,21.1442
2019-01-28,21.0451
2019-01-29,21.1046
2019-01-30,21.2672
2019-01-31,21.7153
2019-02-01,21.6320
2019-02-04,21.6677
2019-02-05,21.7113
2019-02-06,21.6994
2019-02-07,21.9849
2019-02-08,22.0801
2019-02-11,22.0722
2019-02-12,22.1237
2019-02-13,22.0603
2019-02-14,22.0246
2019-02-15,22.0920
2019-02-19,22.2229
2019-02-20,22.3220
2019-02-21,22.4846
2019-02-22,22.6234
2019-02-25,22.4766
2019-02-26,22.4489
2019-02-27,22.4766
2019-02-28,22.6075
2019-03-01,22.6551
2019-03-04,22.6948
2019-03-05,22.6670
2019-03-06,22.6670
2019-03-07,22.7423
2019-03-08,22.8216
2019-03-11,22.9842
2019-03-12,23.1429
2019-03-13,23.1666
2019-03-14,23.1627
2019-03-15,23.2466
2019-03-18,23.1587
2019-03-19,22.8950
2019-03-20,22.9549
2019-03-21,23.1986
2019-03-22,23.3664
2019-03-25,23.3864
2019-03-26,23.5542
2019-03-27,23.3904
2019-03-28,23.1147
2019-03-29,23.2386
2019-04-01,23.0788
2019-04-02,23.1107
2019-04-03,23.0748
2019-04-04,22.9949
2019-04-05,23.2106
2019-04-08,23.0468
2019-04-09,23.1028
2019-04-10,23.0309
2019-04-11,23.1467
2019-04-12,23.2546
2019-04-15,23.2506
2019-04-16,22.9629
2019-04-17,22.8750
2019-04-18,22.8870
2019-04-22,22.8671
2019-04-23,22.9310
2019-04-24,23.0788
2019-04-25,23.1747
2019-04-26,23.2106
2019-04-29,23.0748
2019-04-30,23.4543
2019-05-01,23.2146
2019-05-02,23.1627
2019-05-03,23.2905
2019-05-06,23.1627
2019-05-07,23.0908
2019-05-08,22.7752
2019-05-09,22.7472
2019-05-10,23.1547
2019-05-13,23.4024
2019-05-14,23.2466
2019-05-15,23.2066
2019-05-16,23.3624
2019-05-17,23.4823
2019-05-20,23.5142
2019-05-21,23.5582
2019-05-22,23.7340
2019-05-23,23.9377
2019-05-24,23.9017
2019-05-28,23.5102
2019-05-29,23.1986
2019-05-30,23.1627
2019-05-31,23.2705
2019-06-03,23.5023
2019-06-04,23.5222
2019-06-05,24.0256
2019-06-06,24.1734
2019-06-07,23.9936
2019-06-10,23.8298
2019-06-11,23.6860
2019-06-12,23.9936
2019-06-13,24.0416
2019-06-14,24.2933
2019-06-17,24.2253
2019-06-18,24.1255
2019-06-19,24.3092
2019-06-20,24.4650
2019-06-21,24.5597
2019-06-24,24.5677
2019-06-25,24.4187
2019-06-26,23.8872
2019-06-27,23.9194
2019-06-28,24.0120
2019-07-01,23.9516
2019-07-02,24.2778
2019-07-03,24.4469
2019-07-05,24.4348
2019-07-08,24.4711
2019-07-09,24.5033
2019-07-10,24.5597
2019-07-11,24.5677
2019-07-12,24.4066
2019-07-15,24.5033
2019-07-16,24.3624
2019-07-17,24.4550
2019-07-18,24.6684
2019-07-19,24.3100
2019-07-22,24.2577
2019-07-23,24.1046
2019-07-24,24.1248
2019-07-25,24.0644
2019-07-26,24.1530
2019-07-29,24.2778
2019-07-30,24.0926
2019-07-31,23.9798
2019-08-01,24.2254
2019-08-02,24.2214
2019-08-05,23.8751
2019-08-06,24.1731
2019-08-07,24.2335
2019-08-08,24.4832
2019-08-09,24.5113
2019-08-12,24.4630
2019-08-13,24.4791
2019-08-14,24.2778
2019-08-15,24.5919
2019-08-16,24.7167
2019-08-19,24.8738
2019-08-20,24.8335
2019-08-21,24.9986
2019-08-22,25.0228
2019-08-23,24.7570
2019-08-26,25.0429
2019-08-27,25.0872
2019-08-28,25.0187
2019-08-29,25.1919
2019-08-30,25.1999
2019-09-03,25.6469
2019-09-04,25.6711
2019-09-05,25.3932
2019-09-06,25.2926
2019-09-09,25.1677
2019-09-10,25.1999
2019-09-11,25.4496
2019-09-12,25.5060
2019-09-13,25.3449
2019-09-16,25.3650
2019-09-17,25.5865
2019-09-18,25.6952
2019-09-19,25.8160
2019-09-20,25.9183
2019-09-23,25.9224
2019-09-24,26.2267
2019-09-25,26.2105
2019-09-26,26.3484
2019-09-27,26.2551
2019-09-30,26.2713
2019-10-01,26.2105
2019-10-02,25.8615
2019-10-03,25.9224
2019-10-04,26.2835
2019-10-07,26.1821
2019-10-08,25.9386
2019-10-09,26.0644
2019-10-10,26.0360
2019-10-11,25.9386
2019-10-14,25.7722
2019-10-15,25.6911
2019-10-16,25.7479
2019-10-17,25.8128
2019-10-18,25.8980
2019-10-21,25.9995
2019-10-22,26.1090
2019-10-23,26.2145
2019-10-24,26.3038
2019-10-25,26.0360
2019-10-28,25.6789
2019-10-29,25.7032
2019-10-30,25.9305
2019-10-31,26.0725
2019-11-01,26.0076
2019-11-04,25.6748
2019-11-05,25.4111
2019-11-06,25.5084
2019-11-07,25.1635
2019-11-08,25.0580
2019-11-11,24.9038
2019-11-12,24.9647
2019-11-13,25.3340
2019-11-14,25.4232
2019-11-15,25.5044
2019-11-18,25.5571
2019-11-19,25.4922
2019-11-20,25.6464
2019-11-21,25.5571
2019-11-22,25.5653
2019-11-25,25.4800
2019-11-26,25.5653
2019-11-27,25.6099
2019-11-29,25.5855
2019-12-02,25.4192
2019-12-03,25.4882
2019-12-04,25.6829
2019-12-05,25.7276
2019-12-06,25.6505
2019-12-09,25.5612
2019-12-10,25.5571
2019-12-11,25.6261
2019-12-12,25.5166
2019-12-13,25.7154
2019-12-16,26.0360
2019-12-17,26.1212
2019-12-18,26.2267
2019-12-19,26.2348
2019-12-20,26.4152
2019-12-23,26.1698
2019-12-24,26.2066
2019-12-26,26.2516
2019-12-27,26.3293
2019-12-30,26.3252
2019-12-31,26.4274
2020-01-02,26.0962
2020-01-03,26.1493
2020-01-06,26.1739
2020-01-07,26.1371
2020-01-08,26.1248
2020-01-09,26.2679
2020-01-10,26.3375
2020-01-13,26.4970
2020-01-14,26.5747
2020-01-15,26.9468
2020-01-16,27.1145
2020-01-17,27.3026
2020-01-21,27.5521
2020-01-22,27.6380
2020-01-23,27.8834
2020-01-24,27.9570
2020-01-27,27.8875
2020-01-28,28.0020
2020-01-29,28.0756
2020-01-30,28.3373
2020-01-31,28.2105
2020-02-03,28.3005
2020-02-04,28.0183
2020-02-05,28.1328
2020-02-06,28.1410
2020-02-07,28.0510
2020-02-10,28.1574
2020-02-11,28.2596
2020-02-12,28.2801
2020-02-13,28.5950
2020-02-14,28.7872
2020-02-18,29.0285
2020-02-19,28.7136
2020-02-20,28.8158
2020-02-21,28.7626
2020-02-24,28.4273
2020-02-25,27.8302
2020-02-26,27.5480
2020-02-27,26.3088
2020-02-28,25.4296
2020-03-02,26.9264
2020-03-03,26.5951
2020-03-04,28.1042
2020-03-05,27.6707
2020-03-06,27.4458
2020-03-09,25.9530
2020-03-10,26.1943
2020-03-11,24.8775
2020-03-12,22.3664
2020-03-13,23.5851
2020-03-16,20.9064
2020-03-17,23.5810
2020-03-18,22.5545
2020-03-19,21.2417
2020-03-20,19.5568
2020-03-23,18.5588
2020-03-24,20.5539
2020-03-25,21.0785
2020-03-26,22.8753
2020-03-27,22.9993
2020-03-30,23.8502
2020-03-31,22.8877
2020-04-01,21.5122
2020-04-02,22.1855
2020-04-03,21.3924
2020-04-06,23.0447
2020-04-07,22.7555
2020-04-08,23.9947
2020-04-09,25.1265
2020-04-13,24.3293
2020-04-14,25.0439
2020-04-15,24.2178
2020-04-16,24.2219
2020-04-17,25.0026
2020-04-20,24.0567
2020-04-21,23.6602
2020-04-22,24.3500
2020-04-23,23.9410
2020-04-24,24.0897
2020-04-27,24.3417
2020-04-28,24.4326
2020-04-29,24.2095
2020-04-30,23.6519
2020-05-01,23.0819
2020-05-04,23.2554
2020-05-05,23.4454
2020-05-06,22.6482
2020-05-07,22.7390
2020-05-08,23.1975
2020-05-11,23.0984
2020-05-12,22.8960
2020-05-13,22.7018
2020-05-14,22.9456
2020-05-15,22.6399
2020-05-18,23.5693
2020-05-19,23.1810
2020-05-20,23.3090
2020-05-21,23.0736
2020-05-22,23.3297
2020-05-26,23.4825
2020-05-27,23.7634
2020-05-28,24.4656
2020-05-29,24.6556
2020-06-01,24.9489
2020-06-02,25.1100
2020-06-03,25.4115
2020-06-04,24.9572
2020-06-05,25.2752
2020-06-08,25.9526
2020-06-09,25.4322
2020-06-10,25.2835
2020-06-11,24.2963
2020-06-12,24.2343
2020-06-15,24.3995
2020-06-16,24.5111
2020-06-17,24.4367
2020-06-18,24.4326
2020-06-19,23.7469
2020-06-22,23.9785
2020-06-23,23.7369
2020-06-24,23.5203
2020-06-25,23.2288
2020-06-26,22.9830
2020-06-29,23.4162
2020-06-30,23.5037
2020-07-01,24.0534
2020-07-02,24.1159
2020-07-06,23.8202
2020-07-07,23.7244
2020-07-08,23.9368
2020-07-09,23.6161
2020-07-10,24.0618
2020-07-13,24.0868
2020-07-14,24.3117
2020-07-15,24.2159
2020-07-16,24.5241
2020-07-17,25.0781
2020-07-20,24.7490
2020-07-21,24.8615
2020-07-22,25.2447
2020-07-23,25.2738
2020-07-24,25.1072
2020-07-27,24.8032
2020-07-28,25.1780
2020-07-29,25.2946
2020-07-30,25.2946
2020-07-31,25.3363
2020-08-03,25.0614
2020-08-04,25.3363
2020-08-05,25.0114
2020-08-06,25.1572
2020-08-07,25.6112
2020-08-10,25.6029
2020-08-11,25.0489
2020-08-12,25.4113
2020-08-13,25.3696
2020-08-14,25.1489
2020-08-17,25.1155
2020-08-18,25.0031
2020-08-19,24.9281
2020-08-20,24.7074
2020-08-21,24.7490
2020-08-24,24.9656
2020-08-25,24.7282
2020-08-26,24.4533
2020-08-27,24.5324
2020-08-28,24.6032
2020-08-31,24.6782
2020-09-01,24.3950
2020-09-02,25.1530
2020-09-03,24.8698
2020-09-04,24.7282
2020-09-08,24.5907
2020-09-09,24.9156
2020-09-10,24.4866
2020-09-11,24.5449
2020-09-14,24.8823
2020-09-15,25.0489
2020-09-16,25.0156
2020-09-17,24.8115
2020-09-18,24.3742
2020-09-21,24.2225
2020-09-22,24.3737
2020-09-23,23.9999
2020-09-24,24.2687
2020-09-25,24.6678
2020-09-28,24.7308
2020-09-29,24.7224
2020-09-30,24.9451
2020-10-01,25.1971
2020-10-02,25.4954
2020-10-05,25.8147
2020-10-06,26.0331
2020-10-07,26.1927
2020-10-08,26.6716
2020-10-09,26.6674
2020-10-12,26.8355
2020-10-13,26.6506
2020-10-14,26.6170
2020-10-15,26.6002
2020-10-16,26.8859
2020-10-19,26.6590
2020-10-20,26.8187
2020-10-21,26.7473
2020-10-22,27.1253
2020-10-23,27.2010
2020-10-26,27.1926
2020-10-27,27.1716
2020-10-28,26.3818
2020-10-29,26.4532
2020-10-30,26.2053
2020-11-02,26.7809
2020-11-03,27.1673
2020-11-04,26.7599
2020-11-05,26.9993
2020-11-06,26.9405
2020-11-09,27.4404
2020-11-10,27.8353
2020-11-11,27.9403
2020-11-12,27.4908
2020-11-13,27.7639
2020-11-16,28.0453
2020-11-17,27.4950
2020-11-18,26.9573
2020-11-19,26.6884
2020-11-20,26.6926
2020-11-23,26.6968
2020-11-24,26.9825
2020-11-25,27.0539
2020-11-27,26.7851
2020-11-30,26.3986
2020-12-01,26.5834
2020-12-02,26.7599
2020-12-03,26.4826
2020-12-04,26.2179
2020-12-07,26.3650
2020-12-08,26.2852
2020-12-09,26.2389
2020-12-10,26.1045
2020-12-11,26.1465
2020-12-14,26.0121
2020-12-15,26.5246
2020-12-16,26.2179
2020-12-17,26.3944
2020-12-18,26.1675
2020-12-21,25.8506
2020-12-22,25.7998
2020-12-23,25.7490
2020-12-24,25.9311
2020-12-28,26.0455
2020-12-29,26.0413
2020-12-30,26.1726
2020-12-31,26.5624
2021-01-04,25.8930
2021-01-05,25.8888
2021-01-06,26.5327
2021-01-07,26.1853
2021-01-08,26.4056
2021-01-11,26.1599
2021-01-12,26.0201
2021-01-13,26.5285
2021-01-14,26.4268
2021-01-15,26.6852
2021-01-19,26.5835
2021-01-20,26.7403
2021-01-21,26.5835
2021-01-22,26.6217
2021-01-25,27.1555
2021-01-26,26.8843
2021-01-27,26.1599
2021-01-28,26.4734
2021-01-29,26.3294
2021-02-01,26.4565
2021-02-02,26.6725
2021-02-03,26.5878
2021-02-04,26.7954
2021-02-05,26.9394
2021-02-08,26.7318
2021-02-09,26.7699
2021-02-10,26.8759
2021-02-11,26.7233
2021-02-12,26.5285
2021-02-16,26.2319
2021-02-17,26.2531
2021-02-18,26.4099
2021-02-19,26.0159
2021-02-22,25.5075
2021-02-23,25.7193
2021-02-24,25.4185
2021-02-25,25.1898
2021-02-26,24.7238
2021-03-01,25.2703
2021-03-02,25.1940
2021-03-03,24.8975
2021-03-04,24.8763
2021-03-05,25.2830
2021-03-08,25.6388
2021-03-09,25.9777
2021-03-10,26.1557
2021-03-11,26.0879
2021-03-12,26.4395
2021-03-15,26.7784
2021-03-16,26.8123
2021-03-17,26.3760
2021-03-18,26.2785
2021-03-19,26.3505
2021-03-22,26.3126
2021-03-23,26.7052
2021-03-24,26.7138
2021-03-25,26.9997
2021-03-26,27.0893
2021-03-29,27.3796
2021-03-30,27.1320
2021-03-31,27.3326
2021-04-01,27.3070
2021-04-05,27.6058
2021-04-06,27.7509
2021-04-07,27.7167
2021-04-08,27.6954
2021-04-09,27.6655
2021-04-12,27.6911
2021-04-13,28.0198
2021-04-14,28.1436
2021-04-15,28.4551
2021-04-16,28.6856
2021-04-19,28.5405
2021-04-20,28.9033
2021-04-21,28.6600
2021-04-22,28.4551
2021-04-23,28.4167
2021-04-26,28.2545
2021-04-27,28.0369
2021-04-28,27.9984
2021-04-29,28.2545
2021-04-30,28.4765
2021-05-03,28.4722
2021-05-04,28.3655
2021-05-05,27.8875
2021-05-06,28.1009
2021-05-07,28.1862
2021-05-10,28.4722
2021-05-11,28.1222
2021-05-12,27.4649
2021-05-13,27.9942
2021-05-14,28.1307
2021-05-17,27.9003
2021-05-18,27.8960
2021-05-19,27.8491
2021-05-20,28.0923
2021-05-21,28.2375
2021-05-24,28.1862
2021-05-25,27.8448
2021-05-26,27.8491
2021-05-27,27.6613
2021-05-28,27.8106
2021-06-01,27.6399
2021-06-02,27.7850
2021-06-03,27.9515
2021-06-04,27.9088
2021-06-07,27.9600
2021-06-08,27.7210
2021-06-09,27.9686
2021-06-10,28.1521
2021-06-11,28.2161
2021-06-14,28.2759
2021-06-15,28.3612
2021-06-16,27.9344
2021-06-17,28.0881
2021-06-18,27.3582
2021-06-21,27.7127
2021-06-22,27.5449
2021-06-23,27.2524
2021-06-24,27.2266
2021-06-25,27.5191
2021-06-28,27.6954
2021-06-29,27.2481
2021-06-30,27.1965
2021-07-01,27.4933
2021-07-02,27.5363
2021-07-06,27.6524
2021-07-07,27.8331
2021-07-08,27.7514
2021-07-09,27.7858
2021-07-12,27.8761
2021-07-13,27.6653
2021-07-14,27.9062
2021-07-15,28.2202
2021-07-16,28.5041
2021-07-19,28.0524
2021-07-20,28.1729
2021-07-21,27.8632
2021-07-22,27.9062
2021-07-23,28.2632
2021-07-26,28.2718
2021-07-27,28.7578
2021-07-28,28.5385
2021-07-29,28.6159
2021-07-30,28.3750
2021-08-02,28.5944
2021-08-03,28.7578
2021-08-04,28.7148
2021-08-05,29.0288
2021-08-06,29.0116
2021-08-09,29.0030
2021-08-10,29.0331
2021-08-11,29.3041
2021-08-12,29.3342
2021-08-13,29.5407
2021-08-16,29.7213
2021-08-17,29.7385
2021-08-18,29.5880
2021-08-19,29.7084
2021-08-20,30.0783
2021-08-23,29.6912
2021-08-24,29.4977
2021-08-25,29.5536
2021-08-26,29.4804
2021-08-27,29.4718
2021-08-30,29.5149
2021-08-31,29.4804
2021-09-01,29.8676
2021-09-02,30.1385
2021-09-03,29.8891
2021-09-07,29.4933
2021-09-08,30.0224
2021-09-09,29.8590
2021-09-10,29.4417
2021-09-13,29.3901
2021-09-14,29.2912
2021-09-15,29.2525
2021-09-16,29.0073
2021-09-17,28.5600
2021-09-20,28.5075
2021-09-21,28.4295
2021-09-22,28.4122
2021-09-23,28.2605
2021-09-24,28.2302
2021-09-27,27.8965
2021-09-28,27.5455
2021-09-29,27.9052
2021-09-30,27.6841
2021-10-01,27.6841
2021-10-04,28.0655
2021-10-05,27.9962
2021-10-06,28.4295
2021-10-07,28.2779
2021-10-08,28.0698
2021-10-11,27.6885
2021-10-12,27.8748
2021-10-13,28.1999
2021-10-14,28.5466
2021-10-15,28.4642
2021-10-18,28.1912
2021-10-19,28.5466
2021-10-20,28.9973
2021-10-21,28.9973
2021-10-22,29.1446
2021-10-25,29.0189
2021-10-26,29.1750
2021-10-27,28.9799
2021-10-28,29.1706
2021-10-29,28.9973
2021-11-01,29.1013
2021-11-02,29.1273
2021-11-03,29.0189
2021-11-04,28.8586
2021-11-05,29.1316
2021-11-08,28.6982
2021-11-09,28.8456
2021-11-10,29.0796
2021-11-11,28.9019
2021-11-12,28.8846
2021-11-15,29.2660
2021-11-16,29.1273
2021-11-17,29.1533
2021-11-18,29.0016
2021-11-19,29.1663
2021-11-22,29.3440
2021-11-23,29.3743
2021-11-24,29.3916
2021-11-26,28.9323
2021-11-29,29.3613
2021-11-30,28.5032
2021-12-01,28.5552
2021-12-02,28.9193
2021-12-03,29.2096
2021-12-06,29.6560
2021-12-07,29.8770
2021-12-08,29.8467
2021-12-09,29.8077
2021-12-10,29.9680
2021-12-13,30.3364
2021-12-14,30.1544
2021-12-15,30.6484
2021-12-16,30.8044
2021-12-17,30.3407
2021-12-20,30.3696
2021-12-21,30.3259
2021-12-22,30.4569
2021-12-23,30.4526
2021-12-27,30.6011
2021-12-28,30.8762
2021-12-29,31.0422
2021-12-30,31.1558
2021-12-31,31.2650
2022-01-03,30.9549
2022-01-04,30.8588
2022-01-05,30.8413
2022-01-06,30.5224
2022-01-07,30.7539
2022-01-10,30.5530
2022-01-11,30.2778
2022-01-12,30.3739
2022-01-13,30.5224
2022-01-14,30.3128
2022-01-18,29.9503
2022-01-19,30.0857
2022-01-20,30.1250
2022-01-21,30.0682
2022-01-24,29.7799
2022-01-25,29.3125
2022-01-26,29.0723
2022-01-27,29.3300
2022-01-28,29.6838
2022-01-31,30.2473
2022-02-01,29.8454
2022-02-02,30.2866
2022-02-03,30.1512
2022-02-04,29.9109
2022-02-07,29.8673
2022-02-08,29.8891
2022-02-09,30.0201
2022-02-10,29.2601
2022-02-11,29.2776
2022-02-14,29.0286
2022-02-15,28.8932
2022-02-16,28.9588
2022-02-17,28.9762
2022-02-18,28.9238
2022-02-22,28.8932
2022-02-23,28.4040
2022-02-24,28.6312
2022-02-25,29.5178
2022-02-28,29.6707
2022-03-01,29.4130
2022-03-02,29.7712
2022-03-03,30.2953
2022-03-04,30.9636
2022-03-07,31.3654
2022-03-08,30.8806
2022-03-09,30.6622
2022-03-10,30.8675
2022-03-11,30.7627
2022-03-14,30.7277
2022-03-15,31.1208
2022-03-16,31.0640
2022-03-17,31.1951
2022-03-18,30.9286
2022-03-21,31.1353
2022-03-22,31.1793
2022-03-23,31.2232
2022-03-24,31.5442
2022-03-25,32.0015
2022-03-28,32.2082
2022-03-29,32.5072
2022-03-30,32.7754
2022-03-31,32.7402
2022-04-01,33.1975
2022-04-04,32.9425
2022-04-05,33.1491
2022-04-06,33.8087
2022-04-07,33.7252
2022-04-08,33.8395
2022-04-11,33.3778
2022-04-12,33.5053
2022-04-13,33.4393
2022-04-14,33.4569
2022-04-18,33.2767
2022-04-19,33.4921
2022-04-20,33.7647
2022-04-21,33.2063
2022-04-22,32.6479
2022-04-25,32.4236
2022-04-26,32.0983
2022-04-27,31.9444
2022-04-28,32.3005
2022-04-29,31.3332
2022-05-02,31.0122
2022-05-03,31.1309
2022-05-04,31.8256
2022-05-05,31.5003
2022-05-06,31.7509
2022-05-09,31.5134
2022-05-10,31.1309
2022-05-11,31.3552
2022-05-12,31.0386
2022-05-13,31.4079
2022-05-16,31.5047
2022-05-17,31.8300
2022-05-18,31.5222
2022-05-19,31.4563
2022-05-20,31.5442
2022-05-23,31.9224
2022-05-24,32.5599
2022-05-25,32.5380
2022-05-26,32.6303
2022-05-27,33.1403
2022-05-31,32.6831
2022-06-01,32.6303
2022-06-02,32.8501
2022-06-03,32.6919
2022-06-06,32.8370
2022-06-07,33.0348
2022-06-08,32.3885
2022-06-09,31.6102
2022-06-10,31.3683
2022-06-13,29.9261
2022-06-14,29.1698
2022-06-15,29.3589
2022-06-16,28.7917
2022-06-17,28.5235
2022-06-21,29.0639
2022-06-22,29.3697
2022-06-23,30.0611
2022-06-24,30.5840
2022-06-27,30.8322
2022-06-28,30.7170
2022-06-29,30.7391
2022-06-30,31.0804
2022-07-01,31.8427
2022-07-05,30.7569
2022-07-06,31.0760
2022-07-07,31.0449
2022-07-08,30.9430
2022-07-11,31.1380
2022-07-12,30.9873
2022-07-13,30.8588
2022-07-14,30.8588
2022-07-15,30.9164
2022-07-18,30.4865
2022-07-19,30.6815
2022-07-20,30.2738
2022-07-21,30.3536
2022-07-22,30.7702
2022-07-25,31.1557
2022-07-26,31.3419
2022-07-27,31.3685
2022-07-28,32.4941
2022-07-29,32.7733
2022-08-01,32.8088
2022-08-02,32.7423
2022-08-03,32.9462
2022-08-04,33.0171
2022-08-05,32.8974
2022-08-08,32.9462
2022-08-09,33.3140
2022-08-10,33.4603
2022-08-11,33.4558
2022-08-12,34.0010
2022-08-15,34.2846
2022-08-16,34.3821
2022-08-17,34.3245
2022-08-18,34.4530
2022-08-19,34.4353
2022-08-22,33.9655
2022-08-23,33.7616
2022-08-24,33.8680
2022-08-25,34.0763
2022-08-26,33.5533
2022-08-29,33.6553
2022-08-30,33.1633
2022-08-31,32.9462
2022-09-01,33.4204
2022-09-02,33.0614
2022-09-06,33.1456
2022-09-07,34.1827
2022-09-08,34.1561
2022-09-09,34.2935
2022-09-12,34.6214
2022-09-13,33.6996
2022-09-14,33.9744
2022-09-15,33.1279
2022-09-16,33.0038
2022-09-19,33.4460
2022-09-20,32.9596
2022-09-21,32.5090
2022-09-22,32.3930
2022-09-23,32.0182
2022-09-26,31.2463
2022-09-27,30.7198
2022-09-28,31.0500
2022-09-29,29.8051
2022-09-30,29.2295
2022-10-03,30.0862
2022-10-04,30.7242
2022-10-05,30.0416
2022-10-06,29.0510
2022-10-07,28.4487
2022-10-10,28.4978
2022-10-11,28.3952
2022-10-12,27.4492
2022-10-13,28.1364
2022-10-14,27.7303
2022-10-17,28.3104
2022-10-18,28.8280
2022-10-19,28.4532
2022-10-20,27.7348
2022-10-21,28.2479
2022-10-24,28.4844
2022-10-25,29.0555
2022-10-26,29.0421
2022-10-27,29.2741
2022-10-28,30.0773
2022-10-31,29.7962
2022-11-01,29.9122
2022-11-02,29.6222
2022-11-03,29.7516
2022-11-04,29.9345
2022-11-07,29.3634
2022-11-08,29.5686
2022-11-09,29.3366
2022-11-10,30.7198
2022-11-11,30.3762
2022-11-14,30.0148
2022-11-15,30.3450
2022-11-16,30.6172
2022-11-17,30.0817
2022-11-18,30.7198
2022-11-21,30.8581
2022-11-22,31.1213
2022-11-23,31.4694
2022-11-25,31.6523
2022-11-28,31.3266
2022-11-29,31.0946
2022-11-30,31.8709
2022-12-01,31.8442
2022-12-02,31.6925
2022-12-05,31.5140
2022-12-06,31.7103
2022-12-07,31.5631
2022-12-08,31.7683
2022-12-09,31.6032
2022-12-12,32.3260
2022-12-13,32.4242
2022-12-14,32.3840
2022-12-15,31.9914
2022-12-16,31.4471
2022-12-19,31.3220
2022-12-20,31.3310
2022-12-21,31.7673
2022-12-22,31.5739
2022-12-23,31.8978
2022-12-27,32.0957
2022-12-28,31.7898
2022-12-29,32.0192
2022-12-30,31.7134
2023-01-03,31.7134
2023-01-04,32.0013
2023-01-05,31.3085
2023-01-06,31.9383
2023-01-09,32.1542
2023-01-10,32.1632
2023-01-11,32.4241
2023-01-12,32.2037
2023-01-13,32.0867
2023-01-17,32.0417
2023-01-18,31.2725
2023-01-19,30.9576
2023-01-20,31.1421
2023-01-23,31.1511
2023-01-24,31.3085
2023-01-25,30.8857
2023-01-26,30.9891
2023-01-27,30.9891
2023-01-30,30.8497
2023-01-31,31.0791
2023-02-01,31.1331
2023-02-02,31.2005
2023-02-03,30.5483
2023-02-06,30.8092
2023-02-07,30.7957
2023-02-08,30.2784
2023-02-09,29.8645
2023-02-10,30.4583
2023-02-13,30.6428
2023-02-14,30.5123
2023-02-15,30.7102
2023-02-16,30.4763
2023-02-17,30.8047
2023-02-21,30.2289
2023-02-22,30.1119
2023-02-23,29.9545
2023-02-24,29.9635
2023-02-27,29.7611
2023-02-28,29.2393
2023-03-01,28.7579
2023-03-02,29.3022
2023-03-03,29.8016
2023-03-06,29.9455
2023-03-07,29.4552
2023-03-08,29.6801
2023-03-09,29.4417
2023-03-10,28.9784
2023-03-13,29.4237
2023-03-14,29.8106
2023-03-15,30.2154
2023-03-16,30.4178
2023-03-17,30.1254
2023-03-20,30.3611
2023-03-21,29.7493
2023-03-22,29.1648
2023-03-23,28.8657
2023-03-24,29.7675
2023-03-27,29.8037
2023-03-28,29.8853
2023-03-29,30.3203
2023-03-30,30.4517
2023-03-31,30.6738
2023-04-03,30.4653
2023-04-04,30.6194
2023-04-05,31.4124
2023-04-06,31.6344
2023-04-10,31.5710
2023-04-11,31.5982
2023-04-12,31.5665
2023-04-13,31.5710
2023-04-14,31.2175
2023-04-17,31.3897
2023-04-18,31.2266
2023-04-19,31.4668
2023-04-20,31.4577
2023-04-21,31.5483
2023-04-24,31.7069
2023-04-25,31.6752
2023-04-26,30.9321
2023-04-27,31.3036
2023-04-28,31.2583
2023-05-01,31.3127
2023-05-02,30.9321
2023-05-03,30.8460
2023-05-04,31.0816
2023-05-05,31.2810
2023-05-08,31.1858
2023-05-09,31.1450
2023-05-10,31.4305
2023-05-11,31.1088
2023-05-12,31.2810
2023-05-15,30.8867
2023-05-16,30.2025
2023-05-17,30.0937
2023-05-18,30.0031
2023-05-19,29.9578
2023-05-22,29.9668
2023-05-23,29.8626
2023-05-24,29.6678
2023-05-25,29.2690
2023-05-26,29.2690
2023-05-30,29.1557
2023-05-31,29.4231
2023-06-01,29.2055
2023-06-02,29.5092
2023-06-05,29.6496
2023-06-06,29.6270
2023-06-07,30.1300
2023-06-08,30.2614
2023-06-09,30.0847
2023-06-12,30.0303
2023-06-13,30.0257
2023-06-14,30.0076
2023-06-15,30.3339
2023-06-16,30.4970
2023-06-20,30.1442
2023-06-21,30.3863
2023-06-22,30.1533
2023-06-23,29.7102
2023-06-26,30.0026
2023-06-27,30.0117
2023-06-28,29.5686
2023-06-29,29.5686
2023-06-30,29.8975
2023-07-03,30.1214
2023-07-05,30.4640
2023-07-06,30.0940
2023-07-07,29.8747
2023-07-10,29.7467
2023-07-11,30.1168
2023-07-12,30.5554
2023-07-13,30.6605
2023-07-14,30.5417
2023-07-17,30.1899
2023-07-18,29.9569
2023-07-19,30.2630
2023-07-20,30.8158
2023-07-21,31.2772
2023-07-24,31.1950
2023-07-25,31.2498
2023-07-26,31.2498
2023-07-27,30.6970
2023-07-28,30.6285
2023-07-31,30.6422
2023-08-01,30.2676
2023-08-02,30.2676
2023-08-03,29.5777
2023-08-04,29.2350
2023-08-07,29.2305
2023-08-08,29.3675
2023-08-09,29.4315
2023-08-10,29.3401
2023-08-11,29.5000
2023-08-14,29.2670
2023-08-15,28.7919
2023-08-16,28.9198
2023-08-17,28.8558
2023-08-18,29.0066
2023-08-21,28.8239
2023-08-22,28.9061
2023-08-23,29.0203
2023-08-24,28.8513
2023-08-25,29.0706
2023-08-28,29.0660
2023-08-29,29.1756
2023-08-30,29.0432
2023-08-31,28.7645
2023-09-01,28.6183
2023-09-05,28.1797
2023-09-06,28.2436
2023-09-07,28.6137
2023-09-08,28.8650
2023-09-11,28.9838
2023-09-12,29.0203
2023-09-13,29.3675
2023-09-14,29.7970
2023-09-15,29.6691
2023-09-18,29.6470
2023-09-19,29.4858
2023-09-20,29.5134
2023-09-21,29.2048
2023-09-22,29.1495
2023-09-25,29.1081
2023-09-26,28.2376
2023-09-27,27.6941
2023-09-28,27.0954
2023-09-29,27.1414
2023-10-02,25.8795
2023-10-03,26.1789
2023-10-04,26.1512
2023-10-05,25.9992
2023-10-06,26.3677
2023-10-09,26.6302
2023-10-10,26.9941
2023-10-11,27.4316
2023-10-12,27.0079
2023-10-13,27.3119
2023-10-16,27.5928
2023-10-17,27.5191
2023-10-18,27.2796
2023-10-19,27.0079
2023-10-20,26.7269
2023-10-23,26.5013
2023-10-24,27.1829
2023-10-25,27.3349
2023-10-26,27.5698
2023-10-27,27.0493
2023-10-30,27.2566
2023-10-31,27.4915
2023-11-01,27.8047
2023-11-02,28.3251
2023-11-03,28.4909
2023-11-06,28.4172
2023-11-07,28.2100
2023-11-08,28.0027
2023-11-09,27.6343
2023-11-10,27.7816
2023-11-13,27.4500
2023-11-14,28.5462
2023-11-15,28.4587
2023-11-16,28.6107
2023-11-17,28.6890
2023-11-20,28.6015
2023-11-21,28.6613
2023-11-22,28.7995
2023-11-24,28.8732
2023-11-27,28.9193
2023-11-28,29.0114
2023-11-29,28.7811
2023-11-30,28.9054
2023-12-01,29.2601
2023-12-04,29.1449
2023-12-05,28.9377
2023-12-06,29.3246
2023-12-07,29.2601
2023-12-08,29.2048
2023-12-11,29.3936
2023-12-12,29.2739
2023-12-13,30.3793
2023-12-14,29.9832
2023-12-15,29.4627
2023-12-18,29.3962
2023-12-19,29.5636
2023-12-20,28.9639
2023-12-21,29.0150
2023-12-22,29.1126
2023-12-26,29.2893
2023-12-27,29.2707
2023-12-28,29.4799
2023-12-29,29.4427
2024-01-02,29.8705
2024-01-03,29.9820
2024-01-04,29.8890
2024-01-05,30.0006
2024-01-08,30.2191
2024-01-09,29.9727
2024-01-10,29.9681
2024-01-11,29.2707
2024-01-12,29.4381
2024-01-16,29.1173
2024-01-17,28.6942
2024-01-18,28.3874
2024-01-19,28.3502
2024-01-22,28.2061
2024-01-23,28.2572
2024-01-24,27.8713
2024-01-25,28.3734
2024-01-26,28.4571
2024-01-29,28.6384
2024-01-30,28.6291
2024-01-31,28.5687
2024-02-01,29.1126
2024-02-02,28.5873
2024-02-05,27.9922
2024-02-06,28.0945
2024-02-07,28.1131
2024-02-08,27.9132
2024-02-09,28.0201
2024-02-12,28.3455
2024-02-13,27.8760
2024-02-14,28.0294
2024-02-15,28.4990
2024-02-16,28.4664
2024-02-20,28.4478
2024-02-21,28.8244
2024-02-22,28.6012
2024-02-23,28.8058
2024-02-26,28.2386
2024-02-27,28.7733
2024-02-28,28.8616
2024-02-29,28.8709
2024-03-01,28.6942
2024-03-04,29.1777
2024-03-05,29.0941
2024-03-06,29.3730
2024-03-07,29.5636
2024-03-08,29.6380
2024-03-11,29.7868
2024-03-12,29.4985
2024-03-13,29.6984
2024-03-14,29.4613
2024-03-15,29.5032
2024-03-18,29.6391
2024-03-19,29.9016
2024-03-20,29.9391
2024-03-21,29.8922
2024-03-22,29.9344
2024-03-25,30.0750
2024-03-26,29.7329
2024-03-27,30.5626
2024-03-28,30.7735
2024-04-01,30.5860
2024-04-02,30.6376
2024-04-03,30.5157
2024-04-04,30.4547
2024-04-05,30.5438
2024-04-08,30.7454
2024-04-09,30.9141
2024-04-10,30.3844
2024-04-11,30.3235
2024-04-12,30.0938
2024-04-15,29.8172
2024-04-16,29.4235
2024-04-17,30.0375
2024-04-18,30.2063
2024-04-19,30.6704
2024-04-22,30.9516
2024-04-23,31.0969
2024-04-24,31.2844
2024-04-25,31.3688
2024-04-26,31.0266
2024-04-29,31.4485
2024-04-30,31.2844
2024-05-01,31.6454
2024-05-02,31.8141
2024-05-03,32.0672
2024-05-06,32.2313
2024-05-07,32.5969
2024-05-08,32.9391
2024-05-09,33.4407
2024-05-10,33.4079
2024-05-13,33.4079
2024-05-14,33.4969
2024-05-15,33.9985
2024-05-16,33.8813
2024-05-17,33.9094
2024-05-20,33.8532
2024-05-21,34.1579
2024-05-22,33.7547
2024-05-23,33.1829
2024-05-24,33.5157
2024-05-28,33.4829
2024-05-29,33.0516
2024-05-30,33.4969
2024-05-31,34.0876
2024-06-03,33.6985
2024-06-04,33.6844
2024-06-05,33.4922
2024-06-06,33.1454
2024-06-07,32.7844
2024-06-10,33.2063
2024-06-11,33.0047
2024-06-12,32.7891
2024-06-13,32.8641
2024-06-14,32.7844
2024-06-17,32.4235
2024-06-18,32.4376
2024-06-20,32.7188
2024-06-21,32.5266
2024-06-24,32.9543
2024-06-25,32.6424
2024-06-26,32.5054
2024-06-27,32.5621
2024-06-28,32.1982
2024-07-01,31.9761
2024-07-02,32.1415
2024-07-03,32.3352
2024-07-05,32.3919
2024-07-08,32.4250
2024-07-09,32.5195
2024-07-10,32.8267
2024-07-11,33.4268
2024-07-12,33.6725
2024-07-15,32.8550
2024-07-16,33.1102
2024-07-17,33.1291
2024-07-18,33.1007
2024-07-19,33.1385
2024-07-22,33.4173
2024-07-23,33.2094
2024-07-24,33.5827
2024-07-25,33.3039
2024-07-26,33.6300
2024-07-29,33.7812
2024-07-30,33.9560
2024-07-31,34.3955
2024-08-01,35.0145
2024-08-02,35.0712
2024-08-05,34.1450
2024-08-06,34.4333
2024-08-07,34.6270
2024-08-08,34.6648
2024-08-09,34.7829
2024-08-12,34.8444
2024-08-13,35.0476
2024-08-14,35.0239
2024-08-15,35.0192
2024-08-16,35.1751
2024-08-19,35.4067
2024-08-20,35.3311
2024-08-21,35.5815
2024-08-22,35.5390
2024-08-23,35.6382
2024-08-26,35.8698
2024-08-27,35.5862
2024-08-28,35.5862
2024-08-29,35.7800
2024-08-30,36.0493
2024-09-03,35.9974
2024-09-04,36.3045
2024-09-05,36.2147
2024-09-06,35.8698
2024-09-09,36.2336
2024-09-10,36.4037
2024-09-11,36.5171
2024-09-12,36.5975
2024-09-13,37.1125
2024-09-16,37.3960
2024-09-17,37.3677
2024-09-18,37.0842
2024-09-19,36.8668
2024-09-20,37.8402
2024-09-23,38.2156
2024-09-24,37.9444
2024-09-25,38.1442
2024-09-26,37.8826
2024-09-27,38.2584
2024-09-30,38.4297
2024-10-01,38.7389
2024-10-02,38.7579
2024-10-03,38.7436
2024-10-04,38.6818
2024-10-07,37.7922
2024-10-08,37.8112
2024-10-09,37.4877
2024-10-10,37.3735
2024-10-11,37.7018
2024-10-14,38.1775
2024-10-15,38.3488
2024-10-16,39.1099
2024-10-17,38.7627
2024-10-18,38.9863
2024-10-21,38.8340
2024-10-22,38.6961
2024-10-23,39.0671
2024-10-24,38.8150
2024-10-25,38.2394
2024-10-28,38.5391
2024-10-29,37.7161
2024-10-30,37.6257
2024-10-31,38.0158
2024-11-01,37.1690
2024-11-04,36.7265
2024-11-05,37.2784
2024-11-06,36.8930
2024-11-07,36.9596
2024-11-08,37.6685
2024-11-11,37.7731
2024-11-12,37.3402
2024-11-13,37.2736
2024-11-14,37.1452
2024-11-15,37.7018
2024-11-18,38.0300
2024-11-19,38.2727
2024-11-20,38.2917
2024-11-21,38.9577
2024-11-22,38.7484
2024-11-25,38.8198
2024-11-26,39.4382
2024-11-27,39.4382
2024-11-29,39.4525
2024-12-02,38.6057
2024-12-03,38.2727
2024-12-04,38.2679
2024-12-05,38.3868
2024-12-06,37.9111
2024-12-09,37.4354
2024-12-10,37.1642
2024-12-11,36.9311
2024-12-12,36.9121
2024-12-13,36.9359
2024-12-16,36.6409
2024-12-17,36.4887
2024-12-18,35.6276
2024-12-19,35.7893
2024-12-20,36.3602
2024-12-23,36.4840
2024-12-24,36.6854
2024-12-26,36.5991
2024-12-27,36.4936
2024-12-30,36.3401
2024-12-31,36.3065
2025-01-02,36.5847
2025-01-03,36.9732
2025-01-06,36.5607
2025-01-07,36.4696
2025-01-08,36.4600
2025-01-10,36.2537
2025-01-13,35.8316
2025-01-14,36.3017
2025-01-15,36.8341
2025-01-16,37.7647
2025-01-17,37.8175
2025-01-21,38.3979
2025-01-22,37.5680
2025-01-23,37.7455
2025-01-24,38.1293
2025-01-27,37.2467
2025-01-28,36.7334
2025-01-29,36.8101
2025-01-30,37.5776
2025-01-31,37.3570
2025-02-03,37.5584
2025-02-04,37.2275
2025-02-05,37.6016
2025-02-06,37.5584
2025-02-07,37.4817
2025-02-10,37.8894
2025-02-11,38.0813
2025-02-12,38.0141
2025-02-13,38.1005
2025-02-14,37.9422
2025-02-18,38.2971
2025-02-19,38.4986
2025-02-20,38.4938
2025-02-21,38.5034
2025-02-24,38.3115
2025-02-25,38.1197
2025-02-26,38.2780
2025-02-27,37.4289
2025-02-28,37.9997
2025-03-03,38.0525
2025-03-04,37.4337
2025-03-05,37.1699
2025-03-06,36.3976
2025-03-07,37.0740
2025-03-10,37.4817
2025-03-11,37.1315
2025-03-12,37.0164
2025-03-13,37.1075
2025-03-14,37.8319
2025-03-17,37.9901
2025-03-18,37.7263
2025-03-19,37.8654
2025-03-20,38.0189
2025-03-21,37.7743
2025-03-24,37.7622
2025-03-25,37.1584
2025-03-26,37.4047
2025-03-27,37.3951
2025-03-28,37.6704
2025-03-31,38.0907
2025-04-01,38.1873
2025-04-02,38.3661
2025-04-03,38.1245
2025-04-04,36.0038
2025-04-07,35.4531
2025-04-08,35.3082
2025-04-09,36.6994
2025-04-10,36.4241
2025-04-11,36.8685
2025-04-14,37.5303
2025-04-15,37.5255
2025-04-16,37.1874
2025-04-17,37.5690
2025-04-21,36.6801
2025-04-22,37.6801
2025-04-23,37.8395
2025-04-24,37.8975
2025-04-25,37.7815
2025-04-28,38.0134
2025-04-29,38.3081
2025-04-30,38.1149
2025-05-01,38.2260
2025-05-02,38.5255
2025-05-05,38.4289
2025-05-06,38.8974
2025-05-07,39.0086
2025-05-08,38.6946
2025-05-09,38.7622
2025-05-12,38.5303
2025-05-13,38.4772
2025-05-14,38.3081
2025-05-15,39.1245
2025-05-16,39.6994
2025-05-19,39.8684
2025-05-20,39.9844
2025-05-21,39.2549
2025-05-22,38.6946
2025-05-23,39.1583
2025-05-27,39.4530
2025-05-28,38.9023
2025-05-29,39.1728
2025-05-30,39.5738
2025-06-02,39.6994
2025-06-03,39.8056
2025-06-04,39.1100
2025-06-05,39.0472
2025-06-06,39.2211
2025-06-09,38.9699
2025-06-10,39.0617
2025-06-11,39.0859
2025-06-12,39.5593
2025-06-13,39.3322
2025-06-16,39.1390
2025-06-17,38.8153
2025-06-18,38.9168
2025-06-20,39.0230
2025-06-23,39.5178
2025-06-24,39.6880
2025-06-25,39.1578
2025-06-26,39.4837
2025-06-27,39.5615
2025-06-30,39.7221
2025-07-01,39.8583
2025-07-02,39.5129
2025-07-03,39.8096
2025-07-07,39.8923
2025-07-08,39.4691
2025-07-09,39.8388
2025-07-10,40.1647
2025-07-11,40.1063
2025-07-14,40.2669
2025-07-15,39.8826
2025-07-16,39.9020
2025-07-17,40.0674
2025-07-18,40.7387
2025-07-21,40.8700
2025-07-22,41.3711
2025-07-23,41.0597
2025-07-24,41.0062
2025-07-25,41.1132
2025-07-28,40.6755
2025-07-29,41.1424
2025-07-30,41.4489
2025-07-31,41.6726
2025-08-01,41.7359
2025-08-04,42.4753
2025-08-05,42.0229
2025-08-06,41.6483
2025-08-07,42.1007
2025-08-08,41.9207
2025-08-11,41.7894
2025-08-12,41.9694
2025-08-13,42.0618
2025-08-14,41.7699
2025-08-15,41.6483
2025-08-18,41.4683
2025-08-19,41.8721
2025-08-20,41.9159
2025-08-21,41.6289
2025-08-22,41.8526
2025-08-25,41.3808
2025-08-26,41.4732
2025-08-27,41.4829
2025-08-28,41.1668
2025-08-29,41.0160
2025-09-02,40.8798
2025-09-03,40.7776
2025-09-04,40.7290
2025-09-05,40.6025
2025-09-08,40.1890
2025-09-09,40.4663
2025-09-10,41.1619
2025-09-11,41.3808
2025-09-12,41.5900
2025-09-15,41.6872
2025-09-16,40.9284
2025-09-17,41.0306
2025-09-18,41.0597
2025-09-19,41.3224
2025-09-22,41.7230
2025-09-23,41.9385
2025-09-24,42.2372
2025-09-25,41.8307
2025-09-26,42.5114
2025-09-29,42.6338
2025-09-30,42.7073
2025-10-01,43.1187
2025-10-02,43.0403
2025-10-03,43.5398
2025-10-06,43.9610
2025-10-07,44.1617
2025-10-08,44.4654
2025-10-09,44.3527
2025-10-10,44.1715
2025-10-13,44.5094
2025-10-14,44.9061
2025-10-15,45.4937
2025-10-16,44.9991
2025-10-17,44.8424
2025-10-20,44.8277
2025-10-21,44.3723
2025-10-22,44.2695
2025-10-23,44.2352
2025-10-24,44.7543
2025-10-27,44.8767
2025-10-28,44.1372
2025-10-29,44.1226
2025-10-30,43.9365
2025-10-31,43.6329
2025-11-03,43.6573
2025-11-04,43.5006
2025-11-05,43.5104
2025-11-06,43.3194
2025-11-07,43.9218
2025-11-10,43.9071
2025-11-11,43.9316
2025-11-12,44.0344
2025-11-13,43.4272
2025-11-14,43.4663
2025-11-17,43.8581
2025-11-18,43.6916
2025-11-19,43.3243
2025-11-20,43.1040
2025-11-21,43.1676
2025-11-24,43.6573
2025-11-25,43.4908
2025-11-26,44.0687
2025-11-28,44.3821
2025-12-01,43.3439
2025-12-02,43.0354
2025-12-03,42.8983
2025-12-04,42.8101
2025-12-05,42.4086
2025-12-08,41.8405
2025-12-09,41.8699
2025-12-10,41.8503
2025-12-11,42.1539
2025-12-12,41.9483
2025-12-15,42.3302
2025-12-16,42.1539
2025-12-17,41.8797
2025-12-18,42.2911
2025-12-19,41.7524
2025-12-22,41.9073
2025-12-23,42.0553
2025-12-24,42.2428
2025-12-26,42.2132
2025-12-29,42.2921
2025-12-30,42.3908
2025-12-31,42.1244
2026-01-02,42.6079
2026-01-05,42.1342
2026-01-06,42.3415
2026-01-07,41.3152
2026-01-08,41.4337
2026-01-09,41.9468
2026-01-12,42.0158
2026-01-13,42.2823
2026-01-14,42.5980
2026-01-15,43.0322
2026-01-16,42.8151
2026-01-20,42.3908
2026-01-21,42.4500
2026-01-22,42.1441
2026-01-23,41.9961
2026-01-26,42.3020
2026-01-27,42.8546
2026-01-28,42.7559
2026-01-29,42.7559
2026-01-30,42.6770
2026-02-02,42.0553
2026-02-03,42.6671
2026-02-04,42.5092
2026-02-05,42.5289
2026-02-06,42.7756
2026-02-09,42.9039
2026-02-10,43.6144
2026-02-11,43.9992
2026-02-12,44.6505
2026-02-13,45.8839
2026-02-17,45.7655
2026-02-18,45.0057
2026-02-19,45.4991
2026-02-20,45.7162
2026-02-23,46.0615
2026-02-24,46.5746
2026-02-25,46.7325
2026-02-26,46.5549
2026-02-27,47.0976
2026-03-02,46.7424
2026-03-03,46.4463
2026-03-04,46.6437
2026-03-05,46.2786
2026-03-06,46.1207
2026-03-09,46.2293
2026-03-10,45.9431
2026-03-11,45.5583
2026-03-12,45.8839
2026-03-13,46.3378
2026-03-16,46.6338
2026-03-17,46.5056
2026-03-18,46.1109
2026-03-19,45.9234
2026-03-20,44.0584
2026-03-23,44.4956
2026-03-24,44.8037
2026-03-25,44.9626
2026-03-26,45.0421
2026-03-27,45.3005
2026-03-30,45.6284
2026-03-31,45.5986
2026-04-01,45.8172
2026-04-02,46.0457
2026-04-06,45.8768
2026-04-07,45.9762
2026-04-08,46.4829
2026-04-09,46.8506
2026-04-10,46.6618
2026-04-13,46.0954
2026-04-14,46.1749
2026-04-15,45.7277
2026-04-16,46.0556
2026-04-17,45.8669
2026-04-20,45.4595
2026-04-21,44.6645
2026-04-22,44.5850
2026-04-23,45.7973
2026-04-24,45.8867
2026-04-27,45.8967
2026-04-28,45.9563
2026-04-29,45.3899
2026-04-30,46.5525
2026-05-01,46.2544
2026-05-04,46.0755
2026-05-05,46.0755
2026-05-06,45.4197
2026-05-07,44.8335
2026-05-08,44.4360
2026-05-11,44.8533
2026-05-12,44.9030
2026-05-13,44.3863
2026-05-14,44.6149
2026-05-15,43.5914
2026-05-18,43.6610
2026-05-19,44.0584
2026-05-20,44.2273
2026-05-21,44.7142
2026-05-22,45.0620
2026-05-26,45.0421
2026-05-27,44.8533
2026-05-28,44.3466
2026-05-29,44.1379
2026-06-01,42.8263
2026-06-02,43.6212
2026-06-03,43.4324
2026-06-04,43.6610
2026-06-05,44.0683
2026-06-08,43.2436
2026-06-09,43.7007
2026-06-10,43.7206
2026-06-11,43.7703
2026-06-12,44.2472
2026-06-15,44.4559
2026-06-16,44.7738
2026-06-17,44.1777
2026-06-18,44.4757
2026-06-22,44.7200
2026-06-23,45.0700
2026-06-24,45.5400
2026-06-25,45.8500
2026-06-26,46.2000
2026-06-29,46.0200
2026-06-30,45.3400
2026-07-01,44.7700
2026-07-02,45.7600
