date,XLV.US
2017-01-03,59.5699
2017-01-04,60.0390
2017-01-05,60.3461
2017-01-06,60.5167
2017-01-09,60.7726
2017-01-10,60.9858
2017-01-11,60.3717
2017-01-12,60.4314
2017-01-13,60.4911
2017-01-17,60.1840
2017-01-18,60.1073
2017-01-19,59.7234
2017-01-20,59.5699
2017-01-23,59.3226
2017-01-24,58.9131
2017-01-25,59.4676
2017-01-26,59.0070
2017-01-27,59.4931
2017-01-30,59.2031
2017-01-31,60.1499
2017-02-01,60.6702
2017-02-02,60.6532
2017-02-03,60.9176
2017-02-06,60.9858
2017-02-07,61.0455
2017-02-08,60.9517
2017-02-09,61.1735
2017-02-10,61.2929
2017-02-13,61.6682
2017-02-14,62.1543
2017-02-15,62.8282
2017-02-16,62.7429
2017-02-17,62.8282
2017-02-21,63.1096
2017-02-22,63.0158
2017-02-23,63.4764
2017-02-24,63.7835
2017-02-27,64.0905
2017-02-28,63.9626
2017-03-01,64.6023
2017-03-02,64.3976
2017-03-03,64.6535
2017-03-06,64.4061
2017-03-07,63.9541
2017-03-08,64.2099
2017-03-09,64.5597
2017-03-10,64.8070
2017-03-13,64.7558
2017-03-14,64.5170
2017-03-15,65.3273
2017-03-16,64.6961
2017-03-17,64.3400
2017-03-20,64.2338
2017-03-21,63.7408
2017-03-22,63.7579
2017-03-23,63.5610
2017-03-24,63.5953
2017-03-27,63.7665
2017-03-28,63.8093
2017-03-29,63.8264
2017-03-30,63.8350
2017-03-31,63.6552
2017-04-03,63.7065
2017-04-04,63.6723
2017-04-05,63.4754
2017-04-06,63.5867
2017-04-07,63.6980
2017-04-10,63.5781
2017-04-11,63.4925
2017-04-12,63.4925
2017-04-13,63.3299
2017-04-17,63.5610
2017-04-18,62.8676
2017-04-19,63.0560
2017-04-20,63.4497
2017-04-21,63.0731
2017-04-24,63.6980
2017-04-25,63.9719
2017-04-26,64.3229
2017-04-27,64.4599
2017-04-28,64.6311
2017-05-01,64.7766
2017-05-02,64.9564
2017-05-03,64.6396
2017-05-04,65.0677
2017-05-05,65.0334
2017-05-08,64.6311
2017-05-09,64.7081
2017-05-10,64.5198
2017-05-11,64.5540
2017-05-12,64.4427
2017-05-15,64.8622
2017-05-16,64.6139
2017-05-17,63.7665
2017-05-18,64.0490
2017-05-19,64.2287
2017-05-22,64.3999
2017-05-23,64.6139
2017-05-24,64.7766
2017-05-25,65.0848
2017-05-26,64.9649
2017-05-30,64.8708
2017-05-31,65.1276
2017-06-01,65.8466
2017-06-02,66.2747
2017-06-05,66.0863
2017-06-06,65.9237
2017-06-07,66.1035
2017-06-08,65.9151
2017-06-09,66.3603
2017-06-12,66.2747
2017-06-13,66.4116
2017-06-14,66.7284
2017-06-15,66.6599
2017-06-16,66.7699
2017-06-19,67.4660
2017-06-20,67.6895
2017-06-21,68.5489
2017-06-22,69.2623
2017-06-23,69.1591
2017-06-26,69.0904
2017-06-27,68.4630
2017-06-28,68.8240
2017-06-29,68.1966
2017-06-30,68.1020
2017-07-03,68.2223
2017-07-05,68.6263
2017-07-06,67.7411
2017-07-07,68.0848
2017-07-10,67.9559
2017-07-11,67.8786
2017-07-12,68.3427
2017-07-13,68.4028
2017-07-14,68.8669
2017-07-17,68.6177
2017-07-18,68.6693
2017-07-19,69.2279
2017-07-20,69.6834
2017-07-21,69.6060
2017-07-24,69.5803
2017-07-25,69.0818
2017-07-26,68.8497
2017-07-27,68.3770
2017-07-28,68.7208
2017-07-31,68.6607
2017-08-01,68.5060
2017-08-02,68.3513
2017-08-03,68.4630
2017-08-04,68.3083
2017-08-07,68.4544
2017-08-08,68.1364
2017-08-09,68.2138
2017-08-10,67.3629
2017-08-11,67.5520
2017-08-14,68.0075
2017-08-15,68.0075
2017-08-16,68.1966
2017-08-17,67.3457
2017-08-18,67.0363
2017-08-21,67.3371
2017-08-22,68.1536
2017-08-23,67.6379
2017-08-24,67.8356
2017-08-25,67.8528
2017-08-28,68.2138
2017-08-29,68.3427
2017-08-30,68.6950
2017-08-31,69.8639
2017-09-01,69.8123
2017-09-05,69.5115
2017-09-06,69.8467
2017-09-07,70.6202
2017-09-08,70.9382
2017-09-11,71.4882
2017-09-12,71.6429
2017-09-13,71.3765
2017-09-14,71.4710
2017-09-15,71.2424
2017-09-18,71.2252
2017-09-19,70.6645
2017-09-20,70.7335
2017-09-21,70.3712
2017-09-22,70.3712
2017-09-25,70.1642
2017-09-26,70.0520
2017-09-27,70.0262
2017-09-28,70.0866
2017-09-29,70.5006
2017-10-02,71.2166
2017-10-03,71.1993
2017-10-04,71.5444
2017-10-05,71.5961
2017-10-06,71.5012
2017-10-09,71.0527
2017-10-10,71.2166
2017-10-11,71.3546
2017-10-12,71.2769
2017-10-13,71.0958
2017-10-16,70.7853
2017-10-17,71.7341
2017-10-18,71.8376
2017-10-19,72.2776
2017-10-20,72.3552
2017-10-23,72.1741
2017-10-24,71.6910
2017-10-25,71.5875
2017-10-26,70.8715
2017-10-27,70.8543
2017-10-30,70.0952
2017-10-31,69.9658
2017-11-01,70.1383
2017-11-02,69.8191
2017-11-03,70.3971
2017-11-06,70.1814
2017-11-07,70.3281
2017-11-08,70.4920
2017-11-09,70.5006
2017-11-10,70.0434
2017-11-13,70.1124
2017-11-14,69.8278
2017-11-15,69.6294
2017-11-16,70.3540
2017-11-17,70.0779
2017-11-20,69.7846
2017-11-21,70.3971
2017-11-22,70.3712
2017-11-24,70.5351
2017-11-27,70.5955
2017-11-28,71.1131
2017-11-29,71.4667
2017-11-30,72.0015
2017-12-01,71.8549
2017-12-04,70.9750
2017-12-05,70.8543
2017-12-06,70.7939
2017-12-07,70.8111
2017-12-08,71.6047
2017-12-11,71.9066
2017-12-12,72.1913
2017-12-13,72.4415
2017-12-14,71.7082
2017-12-15,72.4972
2017-12-18,72.5232
2017-12-19,72.4366
2017-12-20,72.2028
2017-12-21,72.0382
2017-12-22,71.8044
2017-12-26,71.8217
2017-12-27,71.9429
2017-12-28,72.0469
2017-12-29,71.6052
2018-01-02,72.4106
2018-01-03,73.1035
2018-01-04,73.2074
2018-01-05,73.8309
2018-01-08,73.5625
2018-01-09,74.4285
2018-01-10,74.2986
2018-01-11,74.6190
2018-01-12,75.1906
2018-01-16,75.5630
2018-01-17,76.2905
2018-01-18,76.3079
2018-01-19,76.5936
2018-01-22,77.0960
2018-01-23,76.7236
2018-01-24,76.9487
2018-01-25,77.6069
2018-01-26,79.2784
2018-01-29,79.0619
2018-01-30,77.3991
2018-01-31,76.2992
2018-02-01,76.3252
2018-02-02,75.2513
2018-02-05,71.9170
2018-02-06,72.7137
2018-02-07,72.6271
2018-02-08,70.1069
2018-02-09,71.1029
2018-02-12,71.7697
2018-02-13,71.8217
2018-02-14,72.6358
2018-02-15,73.4412
2018-02-16,73.9695
2018-02-20,73.1554
2018-02-21,72.8523
2018-02-22,72.7397
2018-02-23,73.9002
2018-02-26,74.8356
2018-02-27,74.0561
2018-02-28,72.8696
2018-03-01,71.7091
2018-03-02,72.4366
2018-03-05,73.0948
2018-03-06,72.9909
2018-03-07,73.3633
2018-03-08,73.8569
2018-03-09,74.9222
2018-03-12,74.6017
2018-03-13,74.6970
2018-03-14,74.3333
2018-03-15,74.2120
2018-03-16,74.2120
2018-03-19,73.0127
2018-03-20,73.1169
2018-03-21,72.8041
2018-03-22,70.7096
2018-03-23,69.2408
2018-03-26,70.6748
2018-03-27,69.8405
2018-03-28,70.2142
2018-03-29,70.7443
2018-04-02,69.1365
2018-04-03,70.1881
2018-04-04,71.1876
2018-04-05,71.1354
2018-04-06,69.4233
2018-04-09,70.1099
2018-04-10,71.2918
2018-04-11,70.7096
2018-04-12,71.1876
2018-04-13,71.1528
2018-04-16,71.7177
2018-04-17,72.2739
2018-04-18,72.3348
2018-04-19,71.7264
2018-04-20,71.3440
2018-04-23,71.6221
2018-04-24,71.0833
2018-04-25,71.4048
2018-04-26,72.3087
2018-04-27,72.6042
2018-04-30,71.4917
2018-05-01,71.4570
2018-05-02,70.4749
2018-05-03,69.8405
2018-05-04,70.3967
2018-05-07,70.2924
2018-05-08,69.7622
2018-05-09,70.1620
2018-05-10,71.1006
2018-05-11,72.1609
2018-05-14,72.6389
2018-05-15,71.7003
2018-05-16,72.1001
2018-05-17,72.1262
2018-05-18,72.3087
2018-05-21,72.3782
2018-05-22,72.2392
2018-05-23,72.4738
2018-05-24,72.1870
2018-05-25,72.0827
2018-05-29,71.3440
2018-05-30,72.4130
2018-05-31,71.6221
2018-06-01,72.4477
2018-06-04,72.7172
2018-06-05,72.5694
2018-06-06,73.3864
2018-06-07,73.4820
2018-06-08,73.9078
2018-06-11,74.0469
2018-06-12,74.0034
2018-06-13,74.0208
2018-06-14,74.4032
2018-06-15,74.5480
2018-06-18,73.8327
2018-06-19,74.0246
2018-06-20,74.1816
2018-06-21,73.7542
2018-06-22,74.0857
2018-06-25,73.4053
2018-06-26,73.1785
2018-06-27,72.5591
2018-06-28,72.6551
2018-06-29,72.8034
2018-07-02,73.0302
2018-07-03,73.2046
2018-07-05,73.9636
2018-07-06,75.0278
2018-07-09,75.5773
2018-07-10,75.8652
2018-07-11,75.2633
2018-07-12,76.1007
2018-07-13,76.2403
2018-07-16,75.7780
2018-07-17,76.1967
2018-07-18,76.2577
2018-07-19,75.8303
2018-07-20,75.6820
2018-07-23,75.8390
2018-07-24,76.5282
2018-07-25,77.5052
2018-07-26,77.2871
2018-07-27,76.7288
2018-07-30,76.7724
2018-07-31,77.5749
2018-08-01,77.5924
2018-08-02,77.8803
2018-08-03,78.3426
2018-08-06,78.4821
2018-08-07,78.4909
2018-08-08,78.6130
2018-08-09,78.5258
2018-08-10,78.1856
2018-08-13,78.2117
2018-08-14,78.5781
2018-08-15,78.4473
2018-08-16,79.2149
2018-08-17,79.4591
2018-08-20,79.7208
2018-08-21,79.7208
2018-08-22,79.7993
2018-08-23,79.7732
2018-08-24,80.1570
2018-08-27,80.4449
2018-08-28,80.4885
2018-08-29,81.0119
2018-08-30,80.9508
2018-08-31,80.9334
2018-09-04,80.2878
2018-09-05,80.6106
2018-09-06,80.6106
2018-09-07,80.7327
2018-09-10,80.5234
2018-09-11,80.4536
2018-09-12,80.8548
2018-09-13,81.8580
2018-09-14,81.5876
2018-09-17,81.2910
2018-09-18,81.7621
2018-09-19,81.6487
2018-09-20,82.4425
2018-09-21,82.5537
2018-09-24,82.7201
2018-09-25,82.4661
2018-09-26,82.6500
2018-09-27,83.0703
2018-09-28,83.3243
2018-10-01,83.7359
2018-10-02,83.6396
2018-10-03,83.4819
2018-10-04,82.6675
2018-10-05,82.5712
2018-10-08,82.5362
2018-10-09,82.6763
2018-10-10,80.7234
2018-10-11,78.5429
2018-10-12,79.7514
2018-10-15,79.1997
2018-10-16,81.3715
2018-10-17,81.8006
2018-10-18,80.8723
2018-10-19,80.1367
2018-10-22,79.4799
2018-10-23,79.0508
2018-10-24,76.4412
2018-10-25,77.4307
2018-10-26,76.5550
2018-10-29,76.7477
2018-10-30,77.5709
2018-10-31,77.6759
2018-11-01,78.6567
2018-11-02,78.1663
2018-11-05,78.8582
2018-11-06,79.2610
2018-11-07,81.5904
2018-11-08,81.6342
2018-11-09,81.3977
2018-11-12,80.2943
2018-11-13,79.7339
2018-11-14,79.0946
2018-11-15,79.7952
2018-11-16,80.6008
2018-11-19,79.5762
2018-11-20,78.8319
2018-11-21,78.3853
2018-11-23,78.4991
2018-11-26,79.2610
2018-11-27,80.0842
2018-11-28,82.0107
2018-11-29,82.2822
2018-11-30,83.9548
2018-12-03,83.5520
2018-12-04,81.6867
2018-12-06,81.3802
2018-12-07,79.3048
2018-12-10,79.6113
2018-12-11,79.8565
2018-12-12,80.5395
2018-12-13,80.6183
2018-12-14,77.9036
2018-12-17,76.3536
2018-12-18,75.6881
2018-12-19,74.6985
2018-12-20,73.6476
2018-12-21,72.7328
2018-12-24,70.9910
2018-12-26,74.0875
2018-12-27,74.9056
2018-12-28,74.9936
2018-12-31,76.1020
2019-01-02,74.9496
2019-01-03,73.4277
2019-01-04,75.6182
2019-01-07,75.9085
2019-01-08,76.4978
2019-01-09,76.8409
2019-01-10,76.9905
2019-01-11,77.2456
2019-01-14,76.3923
2019-01-15,77.7646
2019-01-16,77.6238
2019-01-17,78.3100
2019-01-18,79.2425
2019-01-22,78.6971
2019-01-23,78.7850
2019-01-24,78.1253
2019-01-25,78.2220
2019-01-28,77.3336
2019-01-29,77.7118
2019-01-30,78.7762
2019-01-31,79.7615
2019-02-01,79.8319
2019-02-04,79.6032
2019-02-05,79.4888
2019-02-06,79.8495
2019-02-07,78.9698
2019-02-08,79.1193
2019-02-11,79.0226
2019-02-12,80.1046
2019-02-13,80.2805
2019-02-14,80.4652
2019-02-15,81.6792
2019-02-19,81.4857
2019-02-20,81.3889
2019-02-21,80.6764
2019-02-22,81.4153
2019-02-25,81.5297
2019-02-26,81.2394
2019-02-27,80.8611
2019-02-28,80.6236
2019-03-01,81.7672
2019-03-04,80.6588
2019-03-05,80.6148
2019-03-06,79.4360
2019-03-07,78.8114
2019-03-08,78.6443
2019-03-11,79.5416
2019-03-12,80.1222
2019-03-13,80.9843
2019-03-14,80.8523
2019-03-15,81.2240
2019-03-18,81.1004
2019-03-19,81.7450
2019-03-20,81.1799
2019-03-21,81.4978
2019-03-22,80.0144
2019-03-25,79.9702
2019-03-26,80.5177
2019-03-27,79.8466
2019-03-28,80.0497
2019-03-29,81.0121
2019-04-01,81.1357
2019-04-02,80.9503
2019-04-03,80.8444
2019-04-04,80.6766
2019-04-05,81.2329
2019-04-08,81.2152
2019-04-09,81.0033
2019-04-10,81.0298
2019-04-11,80.0320
2019-04-12,79.2992
2019-04-15,79.6170
2019-04-16,77.9836
2019-04-17,75.7408
2019-04-18,75.8644
2019-04-22,75.9086
2019-04-23,77.1094
2019-04-24,77.0211
2019-04-25,77.8158
2019-04-26,78.5928
2019-04-29,78.4515
2019-04-30,78.8135
2019-05-01,78.6723
2019-05-02,79.0078
2019-05-03,79.6082
2019-05-06,80.0144
2019-05-07,78.4780
2019-05-08,78.6458
2019-05-09,78.4780
2019-05-10,78.5045
2019-05-13,77.0300
2019-05-14,77.4185
2019-05-15,77.6480
2019-05-16,78.2573
2019-05-17,78.0895
2019-05-20,78.0542
2019-05-21,78.7871
2019-05-22,79.2374
2019-05-23,78.9636
2019-05-24,79.0784
2019-05-28,77.9482
2019-05-29,77.1977
2019-05-30,77.6215
2019-05-31,77.0653
2019-06-03,77.2507
2019-06-04,78.5310
2019-06-05,79.1226
2019-06-06,79.5287
2019-06-07,80.3587
2019-06-10,80.5971
2019-06-11,80.4647
2019-06-12,80.8532
2019-06-13,80.7561
2019-06-14,80.5706
2019-06-17,80.9327
2019-06-18,81.6214
2019-06-19,82.3542
2019-06-20,82.7163
2019-06-21,83.1135
2019-06-24,82.6790
2019-06-25,82.3421
2019-06-26,81.3046
2019-06-27,81.8721
2019-06-28,82.1470
2019-07-01,82.5549
2019-07-02,82.9982
2019-07-03,83.7076
2019-07-05,83.1312
2019-07-08,82.5105
2019-07-09,82.5903
2019-07-10,82.8741
2019-07-11,82.8918
2019-07-12,81.9696
2019-07-15,82.1470
2019-07-16,81.7391
2019-07-17,81.7568
2019-07-18,82.2179
2019-07-19,81.3666
2019-07-22,81.1982
2019-07-23,81.7036
2019-07-24,81.7479
2019-07-25,81.3489
2019-07-26,81.6415
2019-07-29,81.9785
2019-07-30,81.6238
2019-07-31,80.8169
2019-08-01,80.9233
2019-08-02,80.7371
2019-08-05,78.8395
2019-08-06,79.8592
2019-08-07,79.8858
2019-08-08,80.9499
2019-08-09,81.0474
2019-08-12,80.2582
2019-08-13,81.3046
2019-08-14,79.0434
2019-08-15,79.3183
2019-08-16,80.2937
2019-08-19,81.0652
2019-08-20,80.3735
2019-08-21,80.9676
2019-08-22,80.5686
2019-08-23,78.7064
2019-08-26,79.5311
2019-08-27,79.0611
2019-08-28,79.6375
2019-08-29,80.2405
2019-08-30,80.3380
2019-09-03,79.8681
2019-09-04,79.9213
2019-09-05,80.7105
2019-09-06,80.9321
2019-09-09,80.1873
2019-09-10,80.4178
2019-09-11,81.2159
2019-09-12,81.1893
2019-09-13,81.1450
2019-09-16,80.9676
2019-09-17,81.0918
2019-09-18,81.0829
2019-09-19,81.4642
2019-09-20,81.9183
2019-09-23,81.4820
2019-09-24,80.7340
2019-09-25,80.3423
2019-09-26,79.8971
2019-09-27,79.5409
2019-09-30,80.2532
2019-10-01,79.4697
2019-10-02,78.3121
2019-10-03,79.0155
2019-10-04,80.2532
2019-10-07,79.9861
2019-10-08,78.4635
2019-10-09,79.0333
2019-10-10,79.4251
2019-10-11,80.0840
2019-10-14,80.0484
2019-10-15,81.5087
2019-10-16,81.4019
2019-10-17,82.0073
2019-10-18,81.7046
2019-10-21,81.6156
2019-10-22,81.7936
2019-10-23,82.3012
2019-10-24,81.8827
2019-10-25,81.9717
2019-10-28,82.8176
2019-10-29,83.9930
2019-10-30,84.4649
2019-10-31,84.3669
2019-11-01,84.4738
2019-11-04,84.2156
2019-11-05,83.6190
2019-11-06,83.9039
2019-11-07,84.0909
2019-11-08,84.7053
2019-11-11,84.3580
2019-11-12,84.8656
2019-11-13,84.9635
2019-11-14,84.9724
2019-11-15,86.7800
2019-11-18,86.4861
2019-11-19,87.0738
2019-11-20,86.9581
2019-11-21,87.1807
2019-11-22,87.4923
2019-11-25,88.5163
2019-11-26,88.4450
2019-11-27,88.8992
2019-11-29,88.5875
2019-12-02,88.1957
2019-12-03,87.9998
2019-12-04,88.8190
2019-12-05,88.8190
2019-12-06,89.4067
2019-12-09,88.7834
2019-12-10,88.9793
2019-12-11,89.0594
2019-12-12,89.8875
2019-12-13,89.8252
2019-12-16,90.7957
2019-12-17,90.6978
2019-12-18,90.8225
2019-12-19,91.1786
2019-12-20,91.8242
2019-12-23,92.1907
2019-12-24,92.0745
2019-12-26,92.0119
2019-12-27,92.0388
2019-12-30,91.4862
2019-12-31,91.6662
2020-01-02,91.9092
2020-01-03,91.1082
2020-01-06,91.6752
2020-01-07,91.4952
2020-01-08,92.0891
2020-01-09,92.4851
2020-01-10,92.5121
2020-01-13,92.1881
2020-01-14,92.7461
2020-01-15,93.5470
2020-01-16,94.0330
2020-01-17,94.0330
2020-01-21,94.1320
2020-01-22,94.2490
2020-01-23,93.7720
2020-01-24,92.2061
2020-01-27,91.5042
2020-01-28,91.9542
2020-01-29,91.7022
2020-01-30,91.0362
2020-01-31,89.2184
2020-02-03,90.0283
2020-02-04,91.6122
2020-02-05,93.3760
2020-02-06,93.4570
2020-02-07,92.7281
2020-02-10,93.2231
2020-02-11,93.7810
2020-02-12,93.8980
2020-02-13,93.4570
2020-02-14,93.5290
2020-02-18,93.1961
2020-02-19,93.6280
2020-02-20,93.0251
2020-02-21,93.0791
2020-02-24,90.1453
2020-02-25,87.4095
2020-02-26,87.4005
2020-02-27,84.4308
2020-02-28,83.3419
2020-03-02,87.2476
2020-03-03,85.0787
2020-03-04,89.9833
2020-03-05,87.8955
2020-03-06,87.4275
2020-03-09,82.8829
2020-03-10,85.7267
2020-03-11,82.4510
2020-03-12,76.2955
2020-03-13,81.5870
2020-03-16,73.5417
2020-03-17,78.1583
2020-03-18,75.5666
2020-03-19,74.0187
2020-03-20,71.1749
2020-03-23,67.4782
2020-03-24,72.6779
2020-03-25,73.6455
2020-03-26,78.5377
2020-03-27,76.8557
2020-03-30,80.4548
2020-03-31,80.1021
2020-04-01,77.0546
2020-04-02,79.1888
2020-04-03,78.4744
2020-04-06,82.5889
2020-04-07,81.9107
2020-04-08,85.2837
2020-04-09,85.7539
2020-04-13,85.0033
2020-04-14,87.8247
2020-04-15,87.3726
2020-04-16,89.2806
2020-04-17,91.1344
2020-04-20,90.4110
2020-04-21,87.6620
2020-04-22,89.0003
2020-04-23,89.4886
2020-04-24,90.6913
2020-04-27,91.8579
2020-04-28,90.0041
2020-04-29,90.6009
2020-04-30,90.1849
2020-05-01,88.4668
2020-05-04,88.4216
2020-05-05,90.3387
2020-05-06,89.4434
2020-05-07,89.4344
2020-05-08,89.8956
2020-05-11,91.4419
2020-05-12,90.0493
2020-05-13,89.0727
2020-05-14,90.0493
2020-05-15,90.8089
2020-05-18,91.5595
2020-05-19,90.4562
2020-05-20,90.5647
2020-05-21,89.8956
2020-05-22,90.0855
2020-05-26,89.9227
2020-05-27,90.8541
2020-05-28,92.0387
2020-05-29,93.1510
2020-06-01,92.2286
2020-06-02,92.7622
2020-06-03,92.5813
2020-06-04,91.8488
2020-06-05,93.3319
2020-06-08,93.9739
2020-06-09,92.9973
2020-06-10,92.8526
2020-06-11,87.6891
2020-06-12,88.2588
2020-06-15,88.4577
2020-06-16,90.6371
2020-06-17,90.5467
2020-06-18,90.2392
2020-06-19,91.1073
2020-06-22,90.7577
2020-06-23,91.1482
2020-06-24,88.7689
2020-06-25,89.6407
2020-06-26,88.5509
2020-06-29,89.3501
2020-06-30,90.8757
2020-07-01,91.5750
2020-07-02,92.2652
2020-07-06,93.2005
2020-07-07,92.3923
2020-07-08,92.4014
2020-07-09,91.6749
2020-07-10,91.4569
2020-07-13,91.9746
2020-07-14,93.7999
2020-07-15,95.0168
2020-07-16,94.8624
2020-07-17,96.1610
2020-07-20,96.1428
2020-07-21,96.0793
2020-07-22,96.9420
2020-07-23,96.5061
2020-07-24,95.4436
2020-07-27,96.1610
2020-07-28,96.0520
2020-07-29,97.0600
2020-07-30,96.3880
2020-07-31,95.8341
2020-08-03,96.8239
2020-08-04,96.3971
2020-08-05,96.8421
2020-08-06,96.3245
2020-08-07,96.6332
2020-08-10,96.3063
2020-08-11,95.6979
2020-08-12,97.3052
2020-08-13,97.1781
2020-08-14,96.9874
2020-08-17,97.5595
2020-08-18,97.5323
2020-08-19,97.2144
2020-08-20,96.9057
2020-08-21,97.0056
2020-08-24,96.5606
2020-08-25,97.2144
2020-08-26,97.0964
2020-08-27,97.8592
2020-08-28,98.0771
2020-08-31,98.3133
2020-09-01,97.4324
2020-09-02,99.3848
2020-09-03,96.6786
2020-09-04,95.9885
2020-09-08,94.4083
2020-09-09,96.0793
2020-09-10,94.6081
2020-09-11,94.9805
2020-09-14,96.3426
2020-09-15,96.4698
2020-09-16,96.3063
2020-09-17,95.9885
2020-09-18,95.8432
2020-09-21,94.0726
2020-09-22,93.8720
2020-09-23,92.9056
2020-09-24,92.4406
2020-09-25,93.9267
2020-09-28,94.7746
2020-09-29,94.6561
2020-09-30,96.1696
2020-10-01,95.8413
2020-10-02,94.9661
2020-10-05,96.9172
2020-10-06,95.6316
2020-10-07,97.4369
2020-10-08,97.9110
2020-10-09,98.7954
2020-10-12,99.4700
2020-10-13,98.7133
2020-10-14,98.1389
2020-10-15,97.4278
2020-10-16,98.3942
2020-10-19,96.8351
2020-10-20,96.9628
2020-10-21,96.4796
2020-10-22,97.9383
2020-10-23,98.3030
2020-10-26,97.2089
2020-10-27,96.5434
2020-10-28,93.4800
2020-10-29,92.7141
2020-10-30,92.6867
2020-11-02,94.3552
2020-11-03,95.7319
2020-11-04,99.9806
2020-11-05,100.1812
2020-11-06,100.2177
2020-11-09,101.1567
2020-11-10,101.4485
2020-11-11,101.3209
2020-11-12,100.9470
2020-11-13,102.2235
2020-11-16,102.0502
2020-11-17,101.3847
2020-11-18,99.4974
2020-11-19,99.4245
2020-11-20,99.1965
2020-11-23,98.9412
2020-11-24,99.2330
2020-11-25,98.8683
2020-11-27,99.7800
2020-11-30,100.0535
2020-12-01,100.8923
2020-12-02,101.6491
2020-12-03,101.5214
2020-12-04,102.6064
2020-12-07,101.9773
2020-12-08,102.7523
2020-12-09,102.3967
2020-12-10,102.2235
2020-12-11,101.8223
2020-12-14,101.0565
2020-12-15,102.1505
2020-12-16,101.8497
2020-12-17,102.9437
2020-12-18,103.0258
2020-12-21,101.9950
2020-12-22,101.6837
2020-12-23,101.7569
2020-12-24,102.0499
2020-12-28,102.3062
2020-12-29,102.7914
2020-12-30,102.7731
2020-12-31,103.8534
2021-01-04,103.4048
2021-01-05,104.1555
2021-01-06,105.5837
2021-01-07,106.9569
2021-01-08,107.4696
2021-01-11,107.9731
2021-01-12,106.8013
2021-01-13,107.0942
2021-01-14,106.7555
2021-01-15,107.0851
2021-01-19,107.8907
2021-01-20,108.4858
2021-01-21,107.9731
2021-01-22,107.6527
2021-01-25,108.3576
2021-01-26,107.9548
2021-01-27,104.6773
2021-01-28,106.2062
2021-01-29,105.3090
2021-02-01,105.7118
2021-02-02,106.0140
2021-02-03,105.2633
2021-02-04,105.7027
2021-02-05,105.8949
2021-02-08,106.0231
2021-02-09,106.1788
2021-02-10,106.3710
2021-02-11,106.5724
2021-02-12,107.3689
2021-02-16,106.3069
2021-02-17,106.6914
2021-02-18,106.0231
2021-02-19,104.7414
2021-02-22,104.4942
2021-02-23,104.3203
2021-02-24,105.0435
2021-02-25,103.9907
2021-02-26,103.0935
2021-03-01,104.4393
2021-03-02,104.1372
2021-03-03,102.8189
2021-03-04,101.4365
2021-03-05,103.4689
2021-03-08,103.2126
2021-03-09,103.8168
2021-03-10,104.0548
2021-03-11,104.6865
2021-03-12,104.9154
2021-03-15,105.6386
2021-03-16,105.5745
2021-03-17,105.1900
2021-03-18,104.9703
2021-03-19,105.3457
2021-03-22,106.2625
2021-03-23,105.1876
2021-03-24,105.0682
2021-03-25,105.5092
2021-03-26,107.5027
2021-03-29,108.0080
2021-03-30,107.0342
2021-03-31,107.2455
2021-04-01,106.9239
2021-04-05,107.6680
2021-04-06,107.2546
2021-04-07,107.0158
2021-04-08,107.1812
2021-04-09,108.3571
2021-04-12,108.4673
2021-04-13,108.9174
2021-04-14,108.9083
2021-04-15,110.7732
2021-04-16,111.6000
2021-04-19,111.6275
2021-04-20,112.0593
2021-04-21,113.3822
2021-04-22,112.8769
2021-04-23,113.6210
2021-04-26,113.2352
2021-04-27,112.5829
2021-04-28,112.2430
2021-04-29,111.7929
2021-04-30,111.4622
2021-05-03,112.7299
2021-05-04,112.8493
2021-05-05,113.0515
2021-05-06,113.1984
2021-05-07,113.9793
2021-05-10,114.1263
2021-05-11,112.8953
2021-05-12,111.8296
2021-05-13,112.8402
2021-05-14,113.4097
2021-05-17,113.1984
2021-05-18,113.2352
2021-05-19,113.0423
2021-05-20,114.2273
2021-05-21,114.2457
2021-05-24,114.3560
2021-05-25,114.0161
2021-05-26,113.3546
2021-05-27,113.1066
2021-05-28,113.5475
2021-06-01,111.6826
2021-06-02,111.4622
2021-06-03,111.8021
2021-06-04,112.1603
2021-06-07,112.5646
2021-06-08,112.2155
2021-06-09,113.2995
2021-06-10,115.2379
2021-06-11,114.4203
2021-06-14,114.5213
2021-06-15,114.5581
2021-06-16,114.1171
2021-06-17,114.9898
2021-06-18,113.6761
2021-06-21,115.0420
2021-06-22,115.2910
2021-06-23,114.8114
2021-06-24,115.4017
2021-06-25,115.9274
2021-06-28,116.1026
2021-06-29,116.2317
2021-06-30,116.1579
2021-07-01,117.1909
2021-07-02,118.3160
2021-07-06,118.2053
2021-07-07,118.9524
2021-07-08,118.2976
2021-07-09,118.7034
2021-07-12,118.9339
2021-07-13,118.8232
2021-07-14,118.7126
2021-07-15,118.2976
2021-07-16,118.6204
2021-07-19,117.3753
2021-07-20,118.8048
2021-07-21,118.9985
2021-07-22,119.8746
2021-07-23,121.2580
2021-07-26,120.4741
2021-07-27,121.0367
2021-07-28,121.4701
2021-07-29,121.7652
2021-07-30,121.8759
2021-08-02,122.0419
2021-08-03,123.7389
2021-08-04,123.2132
2021-08-05,122.7059
2021-08-06,122.6045
2021-08-09,123.0748
2021-08-10,122.7889
2021-08-11,121.5716
2021-08-12,122.5307
2021-08-13,123.2962
2021-08-16,124.6980
2021-08-17,126.1736
2021-08-18,124.2553
2021-08-19,124.8179
2021-08-20,125.5280
2021-08-23,125.5742
2021-08-24,125.1315
2021-08-25,124.7902
2021-08-26,124.3014
2021-08-27,124.1631
2021-08-30,124.8640
2021-08-31,124.6980
2021-09-01,124.7349
2021-09-02,126.0722
2021-09-03,126.2105
2021-09-07,125.4727
2021-09-08,125.4174
2021-09-09,123.9694
2021-09-10,122.8351
2021-09-13,122.0788
2021-09-14,122.0604
2021-09-15,122.8535
2021-09-16,122.5399
2021-09-17,122.6598
2021-09-20,121.3799
2021-09-21,121.5650
2021-09-22,121.7686
2021-09-23,122.6478
2021-09-24,122.1480
2021-09-27,120.4081
2021-09-28,118.3442
2021-09-29,119.2790
2021-09-30,117.8167
2021-10-01,117.8444
2021-10-04,116.0490
2021-10-05,116.7431
2021-10-06,116.5302
2021-10-07,118.0758
2021-10-08,117.4835
2021-10-11,116.5672
2021-10-12,116.0027
2021-10-13,116.1878
2021-10-14,117.8537
2021-10-15,118.4368
2021-10-18,117.6316
2021-10-19,119.1772
2021-10-20,120.8801
2021-10-21,121.3706
2021-10-22,121.8611
2021-10-25,122.0092
2021-10-26,122.6108
2021-10-27,121.6390
2021-10-28,122.6570
2021-10-29,123.8510
2021-11-01,123.7029
2021-11-02,124.4803
2021-11-03,125.2114
2021-11-04,124.3507
2021-11-05,122.9625
2021-11-08,123.6936
2021-11-09,123.2401
2021-11-10,123.5918
2021-11-11,123.2309
2021-11-12,123.8417
2021-11-15,123.0735
2021-11-16,123.5918
2021-11-17,123.7677
2021-11-18,123.8139
2021-11-19,123.0643
2021-11-22,122.5090
2021-11-23,122.6385
2021-11-24,122.5923
2021-11-26,122.1388
2021-11-29,122.4719
2021-11-30,120.0656
2021-12-01,119.8528
2021-12-02,120.4358
2021-12-03,120.6580
2021-12-06,121.3428
2021-12-07,122.9069
2021-12-08,123.8324
2021-12-09,124.1193
2021-12-10,124.5543
2021-12-13,125.7297
2021-12-14,125.2207
2021-12-15,127.7843
2021-12-16,128.5433
2021-12-17,127.6455
2021-12-20,126.8725
2021-12-21,127.4021
2021-12-22,128.8886
2021-12-23,129.4182
2021-12-27,130.7839
2021-12-28,130.4401
2021-12-29,131.1834
2021-12-30,131.4528
2021-12-31,130.8954
2022-01-03,129.5482
2022-01-04,127.8388
2022-01-05,126.9283
2022-01-06,125.4604
2022-01-07,124.8193
2022-01-10,126.1014
2022-01-11,127.1048
2022-01-12,126.7425
2022-01-13,124.7729
2022-01-14,124.5592
2022-01-18,122.8125
2022-01-19,122.3108
2022-01-20,121.5119
2022-01-21,120.2855
2022-01-24,119.8860
2022-01-25,119.1149
2022-01-26,118.4924
2022-01-27,118.7990
2022-01-28,121.2238
2022-01-31,121.9206
2022-02-01,122.2458
2022-02-02,123.8903
2022-02-03,123.3607
2022-02-04,122.9147
2022-02-07,122.7011
2022-02-08,123.7044
2022-02-09,124.6614
2022-02-10,122.7103
2022-02-11,121.0102
2022-02-14,119.7745
2022-02-15,121.1217
2022-02-16,121.3075
2022-02-17,119.3564
2022-02-18,118.4645
2022-02-22,118.1672
2022-02-23,117.5726
2022-02-24,118.0465
2022-02-25,121.6605
2022-02-28,120.7407
2022-03-01,120.0718
2022-03-02,121.8835
2022-03-03,122.5060
2022-03-04,123.1191
2022-03-07,120.9730
2022-03-08,118.5017
2022-03-09,120.7407
2022-03-10,120.6943
2022-03-11,119.7931
2022-03-14,120.6385
2022-03-15,123.0448
2022-03-16,124.5220
2022-03-17,126.4916
2022-03-18,127.2720
2022-03-21,127.1751
2022-03-22,127.2031
2022-03-23,124.9198
2022-03-24,126.4109
2022-03-25,126.9980
2022-03-28,127.9207
2022-03-29,128.6756
2022-03-30,128.9272
2022-03-31,127.6690
2022-04-01,128.6756
2022-04-04,127.6038
2022-04-05,127.8741
2022-04-06,129.8219
2022-04-07,132.3195
2022-04-08,133.1117
2022-04-11,130.4649
2022-04-12,129.1975
2022-04-13,129.8312
2022-04-14,129.2068
2022-04-18,127.7809
2022-04-19,129.0017
2022-04-20,130.7352
2022-04-21,129.2907
2022-04-22,124.5749
2022-04-25,125.4137
2022-04-26,123.2050
2022-04-27,122.9347
2022-04-28,124.6309
2022-04-29,121.4249
2022-05-02,120.6700
2022-05-03,121.0521
2022-05-04,123.7362
2022-05-05,121.3317
2022-05-06,120.9496
2022-05-09,117.8182
2022-05-10,118.2376
2022-05-11,117.4548
2022-05-12,118.5918
2022-05-13,119.8499
2022-05-16,120.7353
2022-05-17,122.3942
2022-05-18,119.2348
2022-05-19,119.4958
2022-05-20,120.9496
2022-05-23,122.0121
2022-05-24,122.3755
2022-05-25,122.3382
2022-05-26,122.8601
2022-05-27,124.9011
2022-05-31,123.2329
2022-06-01,121.4622
2022-06-02,122.4221
2022-06-03,120.9869
2022-06-06,121.0055
2022-06-07,122.5806
2022-06-08,121.6113
2022-06-09,118.8620
2022-06-10,116.9515
2022-06-13,113.4101
2022-06-14,112.3290
2022-06-15,113.4660
2022-06-16,111.7978
2022-06-17,111.7326
2022-06-21,114.7298
2022-06-22,116.3207
2022-06-23,118.9316
2022-06-24,120.9061
2022-06-27,121.3553
2022-06-28,119.2404
2022-06-29,120.2791
2022-06-30,120.0078
2022-07-01,121.3553
2022-07-05,120.6535
2022-07-06,121.4676
2022-07-07,121.9823
2022-07-08,122.3473
2022-07-11,122.0385
2022-07-12,120.4850
2022-07-13,119.3153
2022-07-14,118.9690
2022-07-15,121.8419
2022-07-18,119.2685
2022-07-19,121.2992
2022-07-20,120.1013
2022-07-21,122.0010
2022-07-22,121.4957
2022-07-25,122.1320
2022-07-26,122.7590
2022-07-27,123.5264
2022-07-28,124.3125
2022-07-29,123.9007
2022-08-01,122.9836
2022-08-02,122.5438
2022-08-03,123.6668
2022-08-04,123.0585
2022-08-05,123.0117
2022-08-08,123.3018
2022-08-09,122.9275
2022-08-10,124.2657
2022-08-11,123.4609
2022-08-12,125.0424
2022-08-15,125.6694
2022-08-16,125.3325
2022-08-17,124.6026
2022-08-18,124.0504
2022-08-19,124.3873
2022-08-22,122.7590
2022-08-23,121.0465
2022-08-24,121.1962
2022-08-25,122.5344
2022-08-26,119.1187
2022-08-29,118.2859
2022-08-30,117.4998
2022-08-31,116.7511
2022-09-01,118.6695
2022-09-02,116.9664
2022-09-06,117.0787
2022-09-07,118.9877
2022-09-08,121.0559
2022-09-09,122.1227
2022-09-12,122.9368
2022-09-13,118.8754
2022-09-14,118.9409
2022-09-15,119.6054
2022-09-16,119.2685
2022-09-19,118.6258
2022-09-20,117.2353
2022-09-21,115.2905
2022-09-22,115.9012
2022-09-23,115.3093
2022-09-26,114.2100
2022-09-27,113.8624
2022-09-28,116.3521
2022-09-29,115.3750
2022-09-30,113.7872
2022-10-03,116.1267
2022-10-04,118.8231
2022-10-05,119.2177
2022-10-06,117.6957
2022-10-07,115.2059
2022-10-10,114.4825
2022-10-11,115.0932
2022-10-12,114.5294
2022-10-13,117.1977
2022-10-14,116.4085
2022-10-17,118.2782
2022-10-18,118.9359
2022-10-19,117.2729
2022-10-20,116.2770
2022-10-21,118.8889
2022-10-24,121.1814
2022-10-25,122.1021
2022-10-26,123.4550
2022-10-27,122.8068
2022-10-28,124.8268
2022-10-31,124.7234
2022-11-01,124.7986
2022-11-02,122.6752
2022-11-03,122.1585
2022-11-04,122.9007
2022-11-07,124.2161
2022-11-08,124.8362
2022-11-09,123.4926
2022-11-10,126.6307
2022-11-11,125.0804
2022-11-14,125.1932
2022-11-15,125.0335
2022-11-16,124.9771
2022-11-17,124.9207
2022-11-18,126.4334
2022-11-21,126.4897
2022-11-22,127.5890
2022-11-23,128.0963
2022-11-25,128.8574
2022-11-28,127.8896
2022-11-29,127.5702
2022-11-30,130.6143
2022-12-01,130.9901
2022-12-02,131.3283
2022-12-05,130.0694
2022-12-06,129.0829
2022-12-07,130.1445
2022-12-08,131.3190
2022-12-09,129.6372
2022-12-12,131.0183
2022-12-13,131.4223
2022-12-14,131.6290
2022-12-15,129.2144
2022-12-16,127.3353
2022-12-19,126.8598
2022-12-20,126.8315
2022-12-21,128.5014
2022-12-22,128.3221
2022-12-23,128.3976
2022-12-27,128.0674
2022-12-28,127.2372
2022-12-29,128.6240
2022-12-30,128.1617
2023-01-03,127.7938
2023-01-04,128.1334
2023-01-05,126.8221
2023-01-06,127.9919
2023-01-09,125.8504
2023-01-10,126.9070
2023-01-11,127.6240
2023-01-12,127.2183
2023-01-13,127.7844
2023-01-17,127.1900
2023-01-18,125.3976
2023-01-19,125.6995
2023-01-20,126.3315
2023-01-23,126.7655
2023-01-24,125.9259
2023-01-25,125.9636
2023-01-26,126.1995
2023-01-27,125.3410
2023-01-30,124.2089
2023-01-31,125.8127
2023-02-01,126.4070
2023-02-02,125.5485
2023-02-03,125.1806
2023-02-06,124.4825
2023-02-07,125.2844
2023-02-08,124.9164
2023-02-09,123.8221
2023-02-10,124.9919
2023-02-13,126.0296
2023-02-14,125.2844
2023-02-15,124.6617
2023-02-16,123.4164
2023-02-17,124.5202
2023-02-21,122.9070
2023-02-22,122.4919
2023-02-23,122.8221
2023-02-24,121.2371
2023-02-27,120.8692
2023-02-28,119.9730
2023-03-01,119.7749
2023-03-02,120.5107
2023-03-03,121.8598
2023-03-06,121.8032
2023-03-07,119.8409
2023-03-08,119.1994
2023-03-09,117.9918
2023-03-10,117.1239
2023-03-13,118.2182
2023-03-14,119.2749
2023-03-15,119.1711
2023-03-16,120.2843
2023-03-17,118.7371
2023-03-20,120.2420
2023-03-21,120.9713
2023-03-22,119.1434
2023-03-23,118.9161
2023-03-24,120.5640
2023-03-27,121.0565
2023-03-28,120.3273
2023-03-29,120.6588
2023-03-30,121.3122
2023-03-31,122.6098
2023-04-03,123.9830
2023-04-04,124.0020
2023-04-05,126.1424
2023-04-06,126.4549
2023-04-10,126.3697
2023-04-11,126.7959
2023-04-12,126.8338
2023-04-13,128.4817
2023-04-14,127.4494
2023-04-17,127.3452
2023-04-18,126.4739
2023-04-19,126.8622
2023-04-20,126.3413
2023-04-21,127.1936
2023-04-24,127.9040
2023-04-25,126.5402
2023-04-26,124.7407
2023-04-27,125.3942
2023-04-28,126.4644
2023-05-01,127.1179
2023-05-02,126.5686
2023-05-03,126.3981
2023-05-04,125.3942
2023-05-05,126.5212
2023-05-08,126.2466
2023-05-09,125.4037
2023-05-10,125.7541
2023-05-11,125.3658
2023-05-12,125.1953
2023-05-15,124.9775
2023-05-16,123.9357
2023-05-17,124.0872
2023-05-18,123.7841
2023-05-19,124.3619
2023-05-22,124.4850
2023-05-23,123.1212
2023-05-24,122.2783
2023-05-25,121.0281
2023-05-26,120.7819
2023-05-30,120.0337
2023-05-31,121.0660
2023-06-01,121.8616
2023-06-02,123.4242
2023-06-05,123.8694
2023-06-06,122.8371
2023-06-07,122.3540
2023-06-08,123.1401
2023-06-09,123.5190
2023-06-12,123.9641
2023-06-13,124.5892
2023-06-14,123.3106
2023-06-15,125.2237
2023-06-16,125.2142
2023-06-20,125.0762
2023-06-21,125.0952
2023-06-22,125.9511
2023-06-23,125.5327
2023-06-26,124.8194
2023-06-27,124.5341
2023-06-28,124.1347
2023-06-29,124.9431
2023-06-30,126.2269
2023-07-03,125.1903
2023-07-05,125.1237
2023-07-06,124.1252
2023-07-07,122.6797
2023-07-10,123.6497
2023-07-11,123.6782
2023-07-12,123.3454
2023-07-13,123.3929
2023-07-14,125.2474
2023-07-17,124.6768
2023-07-18,125.5992
2023-07-19,126.1794
2023-07-20,128.2716
2023-07-21,129.5649
2023-07-24,129.2796
2023-07-25,129.2226
2023-07-26,129.1370
2023-07-27,128.1860
2023-07-28,128.5664
2023-07-31,127.5773
2023-08-01,126.9116
2023-08-02,126.9972
2023-08-03,126.3601
2023-08-04,125.9131
2023-08-07,127.3681
2023-08-08,128.3477
2023-08-09,128.3096
2023-08-10,128.2240
2023-08-11,129.0229
2023-08-14,129.4128
2023-08-15,128.9373
2023-08-16,127.9577
2023-08-17,126.9402
2023-08-18,126.9877
2023-08-21,127.1209
2023-08-22,126.6739
2023-08-23,127.0543
2023-08-24,125.9511
2023-08-25,126.8736
2023-08-28,127.1684
2023-08-29,128.3096
2023-08-30,128.2145
2023-08-31,126.6834
2023-09-01,127.0258
2023-09-05,125.7134
2023-09-06,125.0286
2023-09-07,125.5897
2023-09-08,125.5897
2023-09-11,126.4552
2023-09-12,126.2935
2023-09-13,126.3125
2023-09-14,126.7119
2023-09-15,125.7134
2023-09-18,125.5224
2023-09-19,125.6274
2023-09-20,125.6370
2023-09-21,124.5388
2023-09-22,124.2810
2023-09-25,124.9590
2023-09-26,123.8990
2023-09-27,123.2784
2023-09-28,123.8704
2023-09-29,122.9346
2023-10-02,122.7627
2023-10-03,121.6741
2023-10-04,122.1898
2023-10-05,122.8582
2023-10-06,124.1473
2023-10-09,124.5770
2023-10-10,125.1691
2023-10-11,124.6152
2023-10-12,123.5457
2023-10-13,124.3192
2023-10-16,125.2550
2023-10-17,125.0831
2023-10-18,123.9945
2023-10-19,122.7723
2023-10-20,122.2853
2023-10-23,121.5213
2023-10-24,121.8937
2023-10-25,120.8052
2023-10-26,119.6115
2023-10-27,117.5871
2023-10-30,118.2460
2023-10-31,118.9240
2023-11-01,119.1723
2023-11-02,121.0630
2023-11-03,121.6646
2023-11-06,122.4762
2023-11-07,122.5622
2023-11-08,122.3903
2023-11-09,119.8598
2023-11-10,120.5760
2023-11-13,121.2731
2023-11-14,122.0943
2023-11-15,122.1898
2023-11-16,122.7150
2023-11-17,122.4667
2023-11-20,123.2115
2023-11-21,123.9563
2023-11-22,124.5484
2023-11-24,125.2168
2023-11-27,124.4338
2023-11-28,123.7940
2023-11-29,123.8322
2023-11-30,125.3887
2023-12-01,125.8852
2023-12-04,126.1240
2023-12-05,125.9616
2023-12-06,126.0571
2023-12-07,125.9043
2023-12-08,126.1144
2023-12-11,126.9452
2023-12-12,127.4895
2023-12-13,129.8386
2023-12-14,129.2083
2023-12-15,128.1102
2023-12-18,128.3193
2023-12-19,129.1825
2023-12-20,127.3121
2023-12-21,128.8660
2023-12-22,129.5087
2023-12-26,129.7964
2023-12-27,130.3432
2023-12-28,130.6789
2023-12-29,130.8132
2024-01-02,133.1152
2024-01-03,132.8946
2024-01-04,133.5564
2024-01-05,133.4413
2024-01-08,134.6211
2024-01-09,134.6019
2024-01-10,135.2158
2024-01-11,135.1199
2024-01-12,134.7842
2024-01-16,133.9785
2024-01-17,133.7099
2024-01-18,133.6907
2024-01-19,133.7674
2024-01-22,134.3525
2024-01-23,134.2566
2024-01-24,133.0289
2024-01-25,132.8274
2024-01-26,133.5852
2024-01-29,134.5252
2024-01-30,134.8321
2024-01-31,134.6499
2024-02-01,136.3956
2024-02-02,136.1942
2024-02-05,136.6162
2024-02-06,138.1029
2024-02-07,138.4770
2024-02-08,138.2372
2024-02-09,138.1317
2024-02-12,138.3140
2024-02-13,137.0286
2024-02-14,138.2180
2024-02-15,139.2252
2024-02-16,139.6760
2024-02-20,139.2060
2024-02-21,139.5129
2024-02-22,141.1531
2024-02-23,141.8246
2024-02-26,141.0956
2024-02-27,140.7503
2024-02-28,140.0501
2024-02-29,138.9086
2024-03-01,140.3666
2024-03-04,140.1556
2024-03-05,139.1101
2024-03-06,140.0597
2024-03-07,140.7119
2024-03-08,140.4529
2024-03-11,140.3762
2024-03-12,141.0284
2024-03-13,140.4817
2024-03-14,139.9829
2024-03-15,139.4266
2024-03-18,139.4102
2024-03-19,140.3344
2024-03-20,140.0167
2024-03-21,140.1996
2024-03-22,140.0071
2024-03-25,139.8145
2024-03-26,140.3247
2024-03-27,142.1923
2024-03-28,142.2115
2024-04-01,140.9986
2024-04-02,138.8038
2024-04-03,138.6497
2024-04-04,136.6474
2024-04-05,137.8700
2024-04-08,137.4272
2024-04-09,137.9181
2024-04-10,136.3009
2024-04-11,135.7426
2024-04-12,133.7210
2024-04-15,133.4515
2024-04-16,133.4996
2024-04-17,133.2686
2024-04-18,133.2589
2024-04-19,133.7595
2024-04-22,134.2697
2024-04-23,136.0217
2024-04-24,135.5982
2024-04-25,134.6933
2024-04-26,134.7318
2024-04-29,135.1842
2024-04-30,135.0880
2024-05-01,135.3286
2024-05-02,135.2324
2024-05-03,135.5693
2024-05-06,136.1180
2024-05-07,137.2443
2024-05-08,136.7726
2024-05-09,137.9470
2024-05-10,138.2262
2024-05-13,138.0914
2024-05-14,138.6786
2024-05-15,140.7387
2024-05-16,140.5750
2024-05-17,140.8446
2024-05-20,140.5462
2024-05-21,140.7868
2024-05-22,141.0371
2024-05-23,139.4969
2024-05-24,139.0252
2024-05-28,137.3406
2024-05-29,136.2720
2024-05-30,136.3394
2024-05-31,138.3321
2024-06-03,139.3043
2024-06-04,139.7087
2024-06-05,140.3440
2024-06-06,140.8061
2024-06-07,140.9601
2024-06-10,141.4799
2024-06-11,140.8927
2024-06-12,140.5943
2024-06-13,140.4788
2024-06-14,140.4306
2024-06-17,140.2862
2024-06-18,140.4691
2024-06-20,140.9312
2024-06-21,141.3259
2024-06-24,142.1503
2024-06-25,141.7057
2024-06-26,141.2032
2024-06-27,140.9712
2024-06-28,140.8553
2024-07-01,140.0628
2024-07-02,139.5506
2024-07-03,138.4875
2024-07-05,139.5603
2024-07-08,139.4056
2024-07-09,140.0821
2024-07-10,141.4061
2024-07-11,142.4015
2024-07-12,143.2906
2024-07-15,142.7881
2024-07-16,144.8272
2024-07-17,145.4844
2024-07-18,142.1792
2024-07-19,142.9041
2024-07-22,143.7255
2024-07-23,143.6385
2024-07-24,144.8369
2024-07-25,144.1121
2024-07-26,144.9239
2024-07-29,145.0108
2024-07-30,145.1365
2024-07-31,144.6050
2024-08-01,146.0836
2024-08-02,145.7936
2024-08-05,141.8990
2024-08-06,142.5561
2024-08-07,141.1065
2024-08-08,144.2281
2024-08-09,144.9432
2024-08-12,144.3923
2024-08-13,146.1416
2024-08-14,146.6634
2024-08-15,147.5815
2024-08-16,147.7361
2024-08-19,148.6349
2024-08-20,149.2341
2024-08-21,149.4854
2024-08-22,149.5820
2024-08-23,150.2295
2024-08-26,150.1522
2024-08-27,150.3841
2024-08-28,150.5581
2024-08-29,150.8770
2024-08-30,151.9207
2024-09-03,151.6308
2024-09-04,151.3699
2024-09-05,149.2921
2024-09-06,148.7799
2024-09-09,149.8236
2024-09-10,150.5098
2024-09-11,150.0652
2024-09-12,150.6064
2024-09-13,150.9157
2024-09-16,151.9594
2024-09-17,150.3938
2024-09-18,150.1425
2024-09-19,150.6837
2024-09-20,150.0652
2024-09-23,149.7713
2024-09-24,149.4706
2024-09-25,148.0156
2024-09-26,148.5103
2024-09-27,148.4327
2024-09-30,149.4027
2024-10-01,148.6170
2024-10-02,148.3163
2024-10-03,146.9776
2024-10-04,147.0940
2024-10-07,146.4441
2024-10-08,147.2395
2024-10-09,148.7431
2024-10-10,148.1902
2024-10-11,149.2766
2024-10-14,150.1011
2024-10-15,148.2678
2024-10-16,148.6849
2024-10-17,147.8215
2024-10-18,148.5394
2024-10-21,146.7933
2024-10-22,146.5799
2024-10-23,145.8912
2024-10-24,144.9309
2024-10-25,144.1355
2024-10-28,144.3489
2024-10-29,143.9512
2024-10-30,143.6796
2024-10-31,142.4670
2024-11-01,143.3109
2024-11-04,142.3700
2024-11-05,143.4177
2024-11-06,143.6020
2024-11-07,144.6399
2024-11-08,145.6778
2024-11-11,144.8242
2024-11-12,142.8065
2024-11-13,142.4282
2024-11-14,140.1875
2024-11-15,137.5878
2024-11-18,137.6848
2024-11-19,136.9767
2024-11-20,138.5966
2024-11-21,139.7122
2024-11-22,139.8383
2024-11-25,141.0314
2024-11-26,141.7880
2024-11-27,142.5446
2024-11-29,142.9908
2024-12-02,142.7386
2024-12-03,142.4185
2024-12-04,142.3409
2024-12-05,140.7501
2024-12-06,139.9547
2024-12-09,140.3621
2024-12-10,139.7801
2024-12-11,137.8788
2024-12-12,136.7827
2024-12-13,136.7633
2024-12-16,135.1337
2024-12-17,135.0367
2024-12-18,133.2033
2024-12-19,132.1945
2024-12-20,133.8629
2024-12-23,135.1998
2024-12-24,135.7553
2024-12-26,136.0281
2024-12-27,135.3947
2024-12-30,133.7285
2024-12-31,134.0500
2025-01-02,134.0890
2025-01-03,135.4045
2025-01-06,135.4629
2025-01-07,136.1353
2025-01-08,136.8369
2025-01-10,136.0671
2025-01-13,137.8405
2025-01-14,136.4179
2025-01-15,136.9733
2025-01-16,137.5189
2025-01-17,136.5932
2025-01-21,138.8539
2025-01-22,138.5421
2025-01-23,140.3935
2025-01-24,140.6176
2025-01-27,143.7747
2025-01-28,142.7710
2025-01-29,141.9330
2025-01-30,143.5700
2025-01-31,143.1121
2025-02-03,143.6675
2025-02-04,143.2777
2025-02-05,144.6516
2025-02-06,143.3557
2025-02-07,142.6833
2025-02-10,142.5567
2025-02-11,142.2936
2025-02-12,142.0889
2025-02-13,142.6444
2025-02-14,141.0950
2025-02-18,140.8222
2025-02-19,142.6541
2025-02-20,143.4531
2025-02-21,142.6833
2025-02-24,143.8429
2025-02-25,145.0804
2025-02-26,144.0378
2025-02-27,143.4531
2025-02-28,145.1194
2025-03-03,145.7527
2025-03-04,144.3983
2025-03-05,145.8502
2025-03-06,145.4507
2025-03-07,145.4604
2025-03-10,143.8916
2025-03-11,142.3228
2025-03-12,140.9002
2025-03-13,140.1499
2025-03-14,141.2217
2025-03-17,143.0146
2025-03-18,143.0828
2025-03-19,143.1608
2025-03-20,143.2485
2025-03-21,142.8490
2025-03-24,143.9397
2025-03-25,142.1007
2025-03-26,141.5822
2025-03-27,141.8072
2025-03-28,141.3670
2025-03-31,142.8245
2025-04-01,140.2128
2025-04-02,141.1518
2025-04-03,140.0074
2025-04-04,132.3286
2025-04-07,131.5363
2025-04-08,130.0788
2025-04-09,135.7327
2025-04-10,131.9471
2025-04-11,133.8839
2025-04-14,135.5175
2025-04-15,134.6860
2025-04-16,133.3166
2025-04-17,132.5340
2025-04-21,129.6777
2025-04-22,132.1134
2025-04-23,132.7688
2025-04-24,134.3926
2025-04-25,135.0382
2025-04-28,135.5762
2025-04-29,136.2414
2025-04-30,137.4054
2025-05-01,133.6589
2025-05-02,135.5077
2025-05-05,135.1262
2025-05-06,131.3993
2025-05-07,132.4069
2025-05-08,131.2135
2025-05-09,129.7853
2025-05-12,132.9938
2025-05-13,128.9930
2025-05-14,125.9606
2025-05-15,127.6138
2025-05-16,130.1864
2025-05-19,131.4385
2025-05-20,131.7613
2025-05-21,128.7093
2025-05-22,127.7018
2025-05-23,127.4964
2025-05-27,129.2767
2025-05-28,128.6115
2025-05-29,129.4723
2025-05-30,129.7462
2025-06-02,129.8245
2025-06-03,130.1277
2025-06-04,130.3820
2025-06-05,130.2060
2025-06-06,131.4483
2025-06-09,131.2233
2025-06-10,132.7199
2025-06-11,132.7884
2025-06-12,133.8252
2025-06-13,133.1601
2025-06-16,132.7492
2025-06-17,130.5581
2025-06-18,130.3331
2025-06-20,129.7071
2025-06-23,129.8938
2025-06-24,131.4861
2025-06-25,131.6040
2025-06-26,131.9185
2025-06-27,131.6335
2025-06-30,132.4787
2025-07-01,134.3658
2025-07-02,133.0390
2025-07-03,133.1766
2025-07-07,132.0561
2025-07-08,132.6556
2025-07-09,133.1667
2025-07-10,133.9825
2025-07-11,132.8719
2025-07-14,132.7146
2025-07-15,130.3263
2025-07-16,131.9480
2025-07-17,130.4442
2025-07-18,129.5793
2025-07-21,128.8422
2025-07-22,131.2403
2025-07-23,133.9334
2025-07-24,133.4321
2025-07-25,134.1398
2025-07-28,132.9702
2025-07-29,132.1249
2025-07-30,131.8890
2025-07-31,128.1935
2025-08-01,128.8815
2025-08-04,130.7293
2025-08-05,130.2280
2025-08-06,128.2721
2025-08-07,126.7978
2025-08-08,127.9281
2025-08-11,128.0559
2025-08-12,128.9405
2025-08-13,131.0045
2025-08-14,131.6630
2025-08-15,133.8744
2025-08-18,133.5599
2025-08-19,134.4150
2025-08-20,135.1423
2025-08-21,134.6902
2025-08-22,135.8008
2025-08-25,133.8646
2025-08-26,134.7000
2025-08-27,134.6214
2025-08-28,134.0906
2025-08-29,135.0735
2025-09-02,135.2012
2025-09-03,134.5624
2025-09-04,135.0735
2025-09-05,135.5354
2025-09-08,135.4863
2025-09-09,136.2136
2025-09-10,134.9752
2025-09-11,137.3242
2025-09-12,135.7418
2025-09-15,134.5820
2025-09-16,134.5820
2025-09-17,134.8474
2025-09-18,135.1128
2025-09-19,134.9359
2025-09-22,134.9013
2025-09-23,135.2074
2025-09-24,134.6643
2025-09-25,132.4329
2025-09-26,133.7856
2025-09-29,134.1805
2025-09-30,137.4092
2025-10-01,141.6548
2025-10-02,141.3783
2025-10-03,142.9877
2025-10-06,142.2965
2025-10-07,142.4052
2025-10-08,142.6816
2025-10-09,142.3657
2025-10-10,140.3120
2025-10-13,140.1540
2025-10-14,140.5391
2025-10-15,140.7563
2025-10-16,140.5193
2025-10-17,141.4573
2025-10-20,142.9581
2025-10-21,143.2938
2025-10-22,144.1133
2025-10-23,144.1923
2025-10-24,144.1824
2025-10-27,144.5181
2025-10-28,143.6097
2025-10-29,142.1583
2025-10-30,142.4743
2025-10-31,142.4249
2025-11-03,142.6224
2025-11-04,143.2641
2025-11-05,143.8171
2025-11-06,144.0935
2025-11-07,144.2910
2025-11-10,145.4166
2025-11-11,148.7735
2025-11-12,150.8865
2025-11-13,150.8075
2025-11-14,149.9090
2025-11-17,149.7806
2025-11-18,150.6594
2025-11-19,150.4027
2025-11-20,149.5042
2025-11-21,152.6538
2025-11-24,153.2956
2025-11-25,156.7612
2025-11-26,156.4156
2025-11-28,155.6554
2025-12-01,153.3252
2025-12-02,152.4070
2025-12-03,153.1179
2025-12-04,151.9528
2025-12-05,151.3209
2025-12-08,149.5141
2025-12-09,148.0627
2025-12-10,150.2151
2025-12-11,151.6369
2025-12-12,152.1108
2025-12-15,154.1250
2025-12-16,152.1207
2025-12-17,151.8442
2025-12-18,151.9627
2025-12-19,152.9796
2025-12-22,153.9881
2025-12-23,153.6807
2025-12-24,154.4838
2025-12-26,154.7317
2025-12-29,154.4937
2025-12-30,154.3648
2025-12-31,153.4923
2026-01-02,154.1963
2026-01-05,153.7303
2026-01-06,156.7545
2026-01-07,158.3112
2026-01-08,156.7842
2026-01-09,155.9811
2026-01-12,156.0505
2026-01-13,155.4159
2026-01-14,156.5264
2026-01-15,155.6340
2026-01-16,154.4243
2026-01-20,154.0872
2026-01-21,156.9230
2026-01-22,156.9528
2026-01-23,156.1496
2026-01-26,156.7644
2026-01-27,154.1368
2026-01-28,153.0064
2026-01-29,152.5206
2026-01-30,153.4328
2026-02-02,154.3748
2026-02-03,152.7982
2026-02-04,154.7119
2026-02-05,153.5319
2026-02-06,156.3777
2026-02-09,154.9994
2026-02-10,154.0178
2026-02-11,154.9300
2026-02-12,154.6821
2026-02-13,156.3380
2026-02-17,156.0406
2026-02-18,156.3380
2026-02-19,155.9315
2026-02-20,155.4952
2026-02-23,157.2007
2026-02-24,156.5363
2026-02-25,156.4967
2026-02-26,156.0901
2026-02-27,158.8467
2026-03-02,157.1908
2026-03-03,155.4159
2026-03-04,155.7233
2026-03-05,152.6098
2026-03-06,151.4100
2026-03-09,152.9568
2026-03-10,151.8562
2026-03-11,151.5588
2026-03-12,148.8915
2026-03-13,148.5246
2026-03-16,149.7343
2026-03-17,148.3759
2026-03-18,145.8970
2026-03-19,145.3715
2026-03-20,144.1023
2026-03-23,144.1371
2026-03-24,144.1570
2026-03-25,145.6007
2026-03-26,145.1029
2026-03-27,142.6337
2026-03-30,143.1913
2026-03-31,145.9691
2026-04-01,147.0842
2026-04-02,146.1682
2026-04-06,145.6405
2026-04-07,145.9293
2026-04-08,149.0157
2026-04-09,148.6772
2026-04-10,146.6660
2026-04-13,147.3231
2026-04-14,148.1794
2026-04-15,147.1240
2026-04-16,145.9691
2026-04-17,148.1495
2026-04-20,146.7755
2026-04-21,145.2821
2026-04-22,145.7401
2026-04-23,145.6007
2026-04-24,143.5497
2026-04-27,142.8329
2026-04-28,143.2112
2026-04-29,142.2156
2026-04-30,145.3518
2026-05-01,144.5254
2026-05-04,144.0973
2026-05-05,144.6648
2026-05-06,144.7644
2026-05-07,144.0873
2026-05-08,142.8627
2026-05-11,142.4147
2026-05-12,145.2124
2026-05-13,146.0686
2026-05-14,145.9890
2026-05-15,144.4657
2026-05-18,145.0830
2026-05-19,146.6760
2026-05-20,146.4868
2026-05-21,147.5023
2026-05-22,149.2347
2026-05-26,147.8608
2026-05-27,148.1396
2026-05-28,150.2204
2026-05-29,148.8166
2026-06-01,147.1937
2026-06-02,145.7600
2026-06-03,146.9050
2026-06-04,151.4152
2026-06-05,152.3411
2026-06-08,151.9827
2026-06-09,153.8943
2026-06-10,152.1818
2026-06-11,153.4164
2026-06-12,153.1376
2026-06-15,152.2216
2026-06-16,152.2714
2026-06-17,150.0512
2026-06-18,148.7469
2026-06-22,150.0600
2026-06-23,152.1800
2026-06-24,153.3500
2026-06-25,155.6300
2026-06-26,160.3400
2026-06-29,160.7400
2026-06-30,158.6600
2026-07-01,159.5400
2026-07-02,163.7400
