date,XLY.US
2017-01-03,37.2582
2017-01-04,37.7542
2017-01-05,37.7269
2017-01-06,37.9135
2017-01-09,37.8816
2017-01-10,38.0181
2017-01-11,38.1000
2017-01-12,38.0636
2017-01-13,38.2047
2017-01-17,38.2684
2017-01-18,38.2002
2017-01-19,38.0818
2017-01-20,38.1911
2017-01-23,38.2184
2017-01-24,38.5323
2017-01-25,38.7689
2017-01-26,38.8281
2017-01-27,38.7052
2017-01-30,38.6597
2017-01-31,38.6006
2017-02-01,38.5278
2017-02-02,38.4959
2017-02-03,38.4459
2017-02-06,38.3321
2017-02-07,38.2957
2017-02-08,38.5323
2017-02-09,38.7735
2017-02-10,39.0101
2017-02-13,39.0556
2017-02-14,39.2786
2017-02-15,39.4833
2017-02-16,39.2831
2017-02-17,39.4105
2017-02-21,39.6381
2017-02-22,39.6381
2017-02-23,39.3696
2017-02-24,39.5516
2017-02-27,39.5971
2017-02-28,39.3013
2017-03-01,39.7427
2017-03-02,39.6472
2017-03-03,39.5880
2017-03-06,39.4606
2017-03-07,39.3332
2017-03-08,39.4970
2017-03-09,39.4606
2017-03-10,39.5198
2017-03-13,39.6244
2017-03-14,39.6153
2017-03-15,39.8246
2017-03-16,39.8201
2017-03-17,39.8707
2017-03-20,39.7767
2017-03-21,39.2729
2017-03-22,39.3185
2017-03-23,39.4098
2017-03-24,39.5056
2017-03-27,39.4919
2017-03-28,39.7931
2017-03-29,40.0305
2017-03-30,40.1354
2017-03-31,40.1400
2017-04-03,39.9803
2017-04-04,39.9164
2017-04-05,39.8205
2017-04-06,39.9438
2017-04-07,39.8251
2017-04-10,39.9711
2017-04-11,39.9392
2017-04-12,39.7795
2017-04-13,39.5011
2017-04-17,39.9072
2017-04-18,39.9118
2017-04-19,39.9483
2017-04-20,40.3682
2017-04-21,40.2769
2017-04-24,40.5371
2017-04-25,40.8565
2017-04-26,41.0482
2017-04-27,41.2673
2017-04-28,41.1030
2017-05-01,41.1578
2017-05-02,41.2034
2017-05-03,40.9615
2017-05-04,40.8976
2017-05-05,41.1532
2017-05-08,41.2308
2017-05-09,41.4681
2017-05-10,41.3266
2017-05-11,41.0802
2017-05-12,41.0209
2017-05-15,41.0300
2017-05-16,40.8885
2017-05-17,40.2267
2017-05-18,40.4595
2017-05-19,40.7333
2017-05-22,40.9387
2017-05-23,40.7835
2017-05-24,40.9296
2017-05-25,41.2901
2017-05-26,41.4134
2017-05-30,41.4453
2017-05-31,41.5548
2017-06-01,41.9473
2017-06-02,42.0979
2017-06-05,41.9838
2017-06-06,41.6233
2017-06-07,41.6963
2017-06-08,41.4270
2017-06-09,41.2445
2017-06-12,41.2217
2017-06-13,41.4772
2017-06-14,41.4544
2017-06-15,41.2810
2017-06-16,41.2696
2017-06-19,41.5854
2017-06-20,41.0635
2017-06-21,41.1276
2017-06-22,41.0315
2017-06-23,40.9811
2017-06-26,41.1276
2017-06-27,40.8026
2017-06-28,41.2146
2017-06-29,40.8163
2017-06-30,41.0315
2017-07-03,40.9903
2017-07-05,40.8896
2017-07-06,40.4730
2017-07-07,40.8347
2017-07-10,40.9216
2017-07-11,40.8392
2017-07-12,41.1505
2017-07-13,41.1551
2017-07-14,41.2879
2017-07-17,41.3886
2017-07-18,41.5763
2017-07-19,41.7777
2017-07-20,41.6907
2017-07-21,41.7182
2017-07-24,41.5763
2017-07-25,41.8693
2017-07-26,41.8509
2017-07-27,42.1577
2017-07-28,41.8372
2017-07-31,41.8235
2017-08-01,41.8967
2017-08-02,41.7823
2017-08-03,41.6678
2017-08-04,41.6724
2017-08-07,41.7685
2017-08-08,41.7914
2017-08-09,41.5488
2017-08-10,40.9262
2017-08-11,41.1368
2017-08-14,41.4298
2017-08-15,41.0498
2017-08-16,41.2604
2017-08-17,40.6012
2017-08-18,40.3998
2017-08-21,40.4730
2017-08-22,40.9079
2017-08-23,40.5600
2017-08-24,40.4730
2017-08-25,40.5737
2017-08-28,40.5966
2017-08-29,40.5600
2017-08-30,40.8530
2017-08-31,41.0452
2017-09-01,41.2329
2017-09-05,41.0635
2017-09-06,41.3199
2017-09-07,40.9628
2017-09-08,40.8209
2017-09-11,41.0361
2017-09-12,41.2192
2017-09-13,41.5168
2017-09-14,41.2924
2017-09-15,41.1767
2017-09-18,41.0343
2017-09-19,40.9975
2017-09-20,41.1353
2017-09-21,41.0664
2017-09-22,41.1353
2017-09-25,41.0480
2017-09-26,41.0526
2017-09-27,41.2777
2017-09-28,41.2272
2017-09-29,41.3834
2017-10-02,41.4615
2017-10-03,41.6361
2017-10-04,41.8520
2017-10-05,42.0863
2017-10-06,42.1368
2017-10-09,42.0036
2017-10-10,41.9623
2017-10-11,41.9852
2017-10-12,41.7050
2017-10-13,41.9071
2017-10-16,41.9623
2017-10-17,41.9852
2017-10-18,41.8704
2017-10-19,41.8704
2017-10-20,41.9714
2017-10-23,41.6866
2017-10-24,41.7877
2017-10-25,41.6269
2017-10-26,41.7739
2017-10-27,42.4492
2017-10-30,42.2563
2017-10-31,42.2609
2017-11-01,42.2747
2017-11-02,41.9577
2017-11-03,42.1276
2017-11-06,42.4354
2017-11-07,42.1828
2017-11-08,42.2287
2017-11-09,42.2930
2017-11-10,42.4354
2017-11-13,42.5779
2017-11-14,42.6146
2017-11-15,42.4309
2017-11-16,42.7846
2017-11-17,42.9730
2017-11-20,43.0556
2017-11-21,43.3221
2017-11-22,43.3634
2017-11-24,43.4737
2017-11-27,43.5059
2017-11-28,43.9882
2017-11-29,44.1766
2017-11-30,44.4017
2017-12-01,44.3833
2017-12-04,44.8979
2017-12-05,44.6406
2017-12-06,44.3512
2017-12-07,44.4660
2017-12-08,44.6774
2017-12-11,44.7738
2017-12-12,44.7922
2017-12-13,44.8290
2017-12-14,44.9668
2017-12-15,45.1613
2017-12-18,45.5670
2017-12-19,45.5070
2017-12-20,45.4195
2017-12-21,45.7145
2017-12-22,45.6269
2017-12-26,45.7283
2017-12-27,45.6361
2017-12-28,45.7606
2017-12-29,45.4932
2018-01-02,46.1847
2018-01-03,46.3967
2018-01-04,46.5488
2018-01-05,46.9176
2018-01-08,46.9729
2018-01-09,47.0651
2018-01-10,47.0329
2018-01-11,47.7981
2018-01-12,48.4158
2018-01-16,48.0700
2018-01-17,48.3005
2018-01-18,48.2590
2018-01-19,48.6785
2018-01-22,49.2179
2018-01-23,49.6327
2018-01-24,49.8448
2018-01-25,49.7572
2018-01-26,50.2458
2018-01-29,50.1075
2018-01-30,49.8586
2018-01-31,49.6973
2018-02-01,49.1441
2018-02-02,48.6739
2018-02-05,47.0329
2018-02-06,48.2360
2018-02-07,48.0885
2018-02-08,46.1708
2018-02-09,46.4797
2018-02-12,47.1112
2018-02-13,47.3555
2018-02-14,48.1115
2018-02-15,48.5402
2018-02-16,48.3051
2018-02-20,48.1576
2018-02-21,48.0885
2018-02-22,48.1484
2018-02-23,48.8214
2018-02-26,49.2317
2018-02-27,48.1899
2018-02-28,47.9732
2018-03-01,47.4569
2018-03-02,47.5030
2018-03-05,48.0700
2018-03-06,48.4019
2018-03-07,48.0746
2018-03-08,48.2268
2018-03-09,48.9735
2018-03-12,49.1349
2018-03-13,48.7892
2018-03-14,48.7292
2018-03-15,48.6785
2018-03-16,48.6277
2018-03-19,48.0220
2018-03-20,48.3087
2018-03-21,48.2717
2018-03-22,47.2453
2018-03-23,46.3160
2018-03-26,47.6845
2018-03-27,46.7506
2018-03-28,46.1819
2018-03-29,46.8292
2018-04-02,45.5069
2018-04-03,46.0849
2018-04-04,46.9309
2018-04-05,47.5597
2018-04-06,46.5472
2018-04-09,46.4362
2018-04-10,47.0003
2018-04-11,46.8569
2018-04-12,47.0604
2018-04-13,46.7968
2018-04-16,47.1482
2018-04-17,48.0266
2018-04-18,48.2532
2018-04-19,48.1006
2018-04-20,47.6105
2018-04-23,47.7123
2018-04-24,46.9587
2018-04-25,47.1528
2018-04-26,47.9157
2018-04-27,48.1330
2018-04-30,47.9434
2018-05-01,48.0081
2018-05-02,47.6799
2018-05-03,47.4672
2018-05-04,48.0914
2018-05-07,48.2532
2018-05-08,48.0498
2018-05-09,48.2162
2018-05-10,48.3919
2018-05-11,48.4936
2018-05-14,48.5861
2018-05-15,48.3040
2018-05-16,48.7063
2018-05-17,48.5444
2018-05-18,48.4843
2018-05-21,48.7525
2018-05-22,48.5352
2018-05-23,48.8866
2018-05-24,48.9929
2018-05-25,49.0669
2018-05-29,48.6878
2018-05-30,49.1316
2018-05-31,48.8958
2018-06-01,49.2564
2018-06-04,49.8066
2018-06-05,50.0979
2018-06-06,50.5648
2018-06-07,50.7128
2018-06-08,50.8191
2018-06-11,51.0225
2018-06-12,51.2676
2018-06-13,51.3462
2018-06-14,51.8825
2018-06-15,51.9677
2018-06-18,51.8797
2018-06-19,51.8148
2018-06-20,52.0605
2018-06-21,51.6896
2018-06-22,51.6015
2018-06-25,50.4798
2018-06-26,50.8413
2018-06-27,50.1831
2018-06-28,50.5771
2018-06-29,50.6652
2018-07-02,50.7347
2018-07-03,50.4798
2018-07-05,50.7301
2018-07-06,51.1287
2018-07-09,51.7406
2018-07-10,51.8519
2018-07-11,51.7313
2018-07-12,52.0744
2018-07-13,52.1902
2018-07-16,52.3200
2018-07-17,52.3710
2018-07-18,52.3386
2018-07-19,52.2181
2018-07-20,51.9863
2018-07-23,51.9307
2018-07-24,51.7777
2018-07-25,52.1578
2018-07-26,51.8843
2018-07-27,51.7499
2018-07-30,51.3373
2018-07-31,51.5784
2018-08-01,51.3234
2018-08-02,51.6757
2018-08-03,51.8519
2018-08-06,52.1995
2018-08-07,52.4406
2018-08-08,52.4962
2018-08-09,52.6909
2018-08-10,52.2505
2018-08-13,51.9863
2018-08-14,52.4915
2018-08-15,51.8519
2018-08-16,52.1068
2018-08-17,52.1532
2018-08-20,52.5240
2018-08-21,52.9412
2018-08-22,52.9968
2018-08-23,52.9458
2018-08-24,53.2564
2018-08-27,53.5994
2018-08-28,53.7060
2018-08-29,54.3086
2018-08-30,53.9981
2018-08-31,54.2113
2018-09-04,54.3133
2018-09-05,53.7292
2018-09-06,53.5809
2018-09-07,53.5762
2018-09-10,53.7756
2018-09-11,54.2067
2018-09-12,54.3086
2018-09-13,54.4013
2018-09-14,54.1974
2018-09-17,53.5252
2018-09-18,54.2067
2018-09-19,54.2298
2018-09-20,54.6007
2018-09-21,54.3594
2018-09-24,54.0060
2018-09-25,54.2338
2018-09-26,54.3594
2018-09-27,54.5453
2018-09-28,54.4988
2018-10-01,54.3315
2018-10-02,53.5969
2018-10-03,53.4156
2018-10-04,52.5787
2018-10-05,52.1835
2018-10-08,52.3183
2018-10-09,52.1649
2018-10-10,50.4075
2018-10-11,49.5195
2018-10-12,50.4354
2018-10-15,50.3191
2018-10-16,51.3280
2018-10-17,50.9050
2018-10-18,49.9286
2018-10-19,49.4404
2018-10-22,49.6403
2018-10-23,49.6496
2018-10-24,48.1665
2018-10-25,49.6218
2018-10-26,48.0782
2018-10-29,47.6551
2018-10-30,48.3711
2018-10-31,48.9941
2018-11-01,49.9937
2018-11-02,50.1983
2018-11-05,50.2680
2018-11-06,50.4912
2018-11-07,51.8581
2018-11-08,51.8720
2018-11-09,51.1514
2018-11-12,50.1239
2018-11-13,50.1006
2018-11-14,49.7240
2018-11-15,49.6496
2018-11-16,49.4544
2018-11-19,48.2456
2018-11-20,47.1530
2018-11-21,47.6458
2018-11-23,47.4319
2018-11-26,48.4966
2018-11-27,48.6408
2018-11-28,50.0774
2018-11-29,49.8449
2018-11-30,50.2076
2018-12-03,51.1467
2018-12-04,49.3056
2018-12-06,49.5427
2018-12-07,48.0596
2018-12-10,48.0968
2018-12-11,48.1154
2018-12-12,48.6222
2018-12-13,48.3804
2018-12-14,47.5761
2018-12-17,46.3673
2018-12-18,46.7299
2018-12-19,45.8047
2018-12-20,44.7772
2018-12-21,43.7625
2018-12-24,42.9317
2018-12-26,45.4755
2018-12-27,45.7182
2018-12-28,45.7228
2018-12-31,46.2129
2019-01-02,46.5630
2019-01-03,45.5548
2019-01-04,47.0624
2019-01-07,48.1266
2019-01-08,48.6587
2019-01-09,48.9061
2019-01-10,48.7660
2019-01-11,48.8127
2019-01-14,48.5140
2019-01-15,48.9527
2019-01-16,48.8407
2019-01-17,49.1721
2019-01-18,49.8536
2019-01-22,49.1068
2019-01-23,49.2048
2019-01-24,49.4102
2019-01-25,49.9563
2019-01-28,49.6669
2019-01-29,49.3448
2019-01-30,50.3157
2019-01-31,50.7731
2019-02-01,50.0309
2019-02-04,50.3577
2019-02-05,50.8291
2019-02-06,50.6190
2019-02-07,50.2036
2019-02-08,50.0029
2019-02-11,50.0916
2019-02-12,50.8618
2019-02-13,51.2072
2019-02-14,51.0205
2019-02-15,51.3705
2019-02-19,51.5806
2019-02-20,51.6832
2019-02-21,51.5806
2019-02-22,51.8606
2019-02-25,51.6879
2019-02-26,51.7579
2019-02-27,51.7206
2019-02-28,51.4405
2019-03-01,51.8559
2019-03-04,51.6926
2019-03-05,51.8233
2019-03-06,51.5806
2019-03-07,50.9551
2019-03-08,50.6004
2019-03-11,51.2958
2019-03-12,51.4405
2019-03-13,51.6226
2019-03-14,51.4685
2019-03-15,51.7987
2019-03-18,52.2998
2019-03-19,52.5621
2019-03-20,52.6370
2019-03-21,53.3583
2019-03-22,52.2998
2019-03-25,52.6089
2019-03-26,52.8338
2019-03-27,52.7260
2019-03-28,53.0445
2019-03-29,53.3208
2019-04-01,53.9063
2019-04-02,53.8969
2019-04-03,54.2762
2019-04-04,54.7165
2019-04-05,55.0396
2019-04-08,55.2364
2019-04-09,54.7399
2019-04-10,55.0022
2019-04-11,55.0724
2019-04-12,55.4143
2019-04-15,55.5267
2019-04-16,55.7703
2019-04-17,55.8780
2019-04-18,55.8592
2019-04-22,55.6485
2019-04-23,56.3135
2019-04-24,56.3651
2019-04-25,56.0700
2019-04-26,56.5149
2019-04-29,56.3182
2019-04-30,56.2339
2019-05-01,55.5501
2019-05-02,55.5923
2019-05-03,56.2480
2019-05-06,55.9061
2019-05-07,55.0584
2019-05-08,55.0771
2019-05-09,54.8523
2019-05-10,54.9319
2019-05-13,53.2974
2019-05-14,53.8360
2019-05-15,54.2013
2019-05-16,54.7024
2019-05-17,54.2856
2019-05-20,53.9016
2019-05-21,54.2762
2019-05-22,53.7189
2019-05-23,53.0539
2019-05-24,53.1241
2019-05-28,52.7729
2019-05-29,52.3045
2019-05-30,52.6464
2019-05-31,51.9580
2019-06-03,51.5224
2019-06-04,52.9181
2019-06-05,53.1803
2019-06-06,53.4520
2019-06-07,54.2247
2019-06-10,54.6837
2019-06-11,54.8945
2019-06-12,54.8804
2019-06-13,55.3722
2019-06-14,55.4939
2019-06-17,55.5174
2019-06-18,55.9389
2019-06-19,56.0419
2019-06-20,56.4306
2019-06-21,56.1693
2019-06-24,55.8686
2019-06-25,55.3328
2019-06-26,55.5114
2019-06-27,55.8592
2019-06-28,56.0189
2019-07-01,56.5124
2019-07-02,56.6346
2019-07-03,57.1280
2019-07-05,57.1938
2019-07-08,57.2643
2019-07-09,57.3254
2019-07-10,57.5322
2019-07-11,57.6497
2019-07-12,58.3123
2019-07-15,58.5003
2019-07-16,58.4251
2019-07-17,57.8659
2019-07-18,57.7907
2019-07-19,57.4100
2019-07-22,57.4429
2019-07-23,57.8330
2019-07-24,58.1244
2019-07-25,57.8001
2019-07-26,58.0633
2019-07-29,57.7813
2019-07-30,57.3912
2019-07-31,56.7333
2019-08-01,55.9625
2019-08-02,55.5020
2019-08-05,54.0122
2019-08-06,54.8346
2019-08-07,55.0555
2019-08-08,56.1176
2019-08-09,55.5913
2019-08-12,54.7830
2019-08-13,55.6853
2019-08-14,53.9417
2019-08-15,53.8524
2019-08-16,54.4634
2019-08-19,55.1495
2019-08-20,55.1636
2019-08-21,56.2257
2019-08-22,56.2398
2019-08-23,54.7454
2019-08-26,55.2858
2019-08-27,55.0132
2019-08-28,55.6994
2019-08-29,56.5359
2019-08-30,56.1975
2019-09-03,55.9672
2019-09-04,56.5218
2019-09-05,57.6027
2019-09-06,57.7437
2019-09-09,57.9646
2019-09-10,57.7343
2019-09-11,57.8424
2019-09-12,58.1197
2019-09-13,58.0022
2019-09-16,57.2596
2019-09-17,57.6074
2019-09-18,57.5792
2019-09-19,57.4241
2019-09-20,56.7659
2019-09-23,56.9639
2019-09-24,56.3557
2019-09-25,56.8696
2019-09-26,56.6244
2019-09-27,56.4264
2019-09-30,56.9120
2019-10-01,56.4358
2019-10-02,55.4221
2019-10-03,55.6908
2019-10-04,56.2142
2019-10-07,55.9690
2019-10-08,55.3796
2019-10-09,55.8511
2019-10-10,56.2236
2019-10-11,56.8602
2019-10-14,56.8319
2019-10-15,57.3317
2019-10-16,57.5675
2019-10-17,57.7183
2019-10-18,57.6052
2019-10-21,57.8079
2019-10-22,57.4401
2019-10-23,57.1761
2019-10-24,57.1478
2019-10-25,57.0818
2019-10-28,57.2610
2019-10-29,56.9356
2019-10-30,57.2893
2019-10-31,56.9828
2019-11-01,57.3600
2019-11-04,57.3883
2019-11-05,57.4732
2019-11-06,57.5344
2019-11-07,57.1902
2019-11-08,57.2138
2019-11-11,57.0959
2019-11-12,57.0582
2019-11-13,56.8790
2019-11-14,57.1242
2019-11-15,57.2280
2019-11-18,57.4260
2019-11-19,56.7942
2019-11-20,56.6621
2019-11-21,56.3415
2019-11-22,56.7282
2019-11-25,57.2280
2019-11-26,57.6193
2019-11-27,58.1144
2019-11-29,57.7372
2019-12-02,57.2610
2019-12-03,56.6857
2019-12-04,57.0016
2019-12-05,56.9451
2019-12-06,57.4024
2019-12-09,57.4732
2019-12-10,57.3741
2019-12-11,57.5203
2019-12-12,58.0248
2019-12-13,58.0767
2019-12-16,58.3313
2019-12-17,58.5906
2019-12-18,58.6472
2019-12-19,58.8311
2019-12-20,58.9210
2019-12-23,58.7838
2019-12-24,58.9163
2019-12-26,59.6353
2019-12-27,59.6306
2019-12-30,59.2474
2019-12-31,59.3326
2020-01-02,60.0375
2020-01-03,59.5265
2020-01-06,59.6921
2020-01-07,59.5975
2020-01-08,59.7773
2020-01-09,60.0942
2020-01-10,59.7678
2020-01-13,59.9570
2020-01-14,59.9381
2020-01-15,59.8009
2020-01-16,60.3355
2020-01-17,60.5484
2020-01-21,60.3639
2020-01-22,60.3355
2020-01-23,60.4254
2020-01-24,59.5833
2020-01-27,58.6939
2020-01-28,59.2663
2020-01-29,59.2332
2020-01-30,59.1339
2020-01-31,59.2853
2020-02-03,59.7063
2020-02-04,60.7944
2020-02-05,61.1019
2020-02-06,60.9647
2020-02-07,60.6998
2020-02-10,61.3857
2020-02-11,61.8682
2020-02-12,62.5022
2020-02-13,62.3933
2020-02-14,62.2987
2020-02-18,62.2940
2020-02-19,62.5731
2020-02-20,62.5968
2020-02-21,61.6412
2020-02-24,59.5218
2020-02-25,57.9323
2020-02-26,57.4734
2020-02-27,55.1506
2020-02-28,54.7958
2020-03-02,56.6786
2020-03-03,55.3067
2020-03-04,57.2179
2020-03-05,55.0844
2020-03-06,54.2376
2020-03-09,50.8220
2020-03-10,53.6321
2020-03-11,50.6990
2020-03-12,45.5757
2020-03-13,48.3952
2020-03-16,42.2642
2020-03-17,43.8915
2020-03-18,41.3701
2020-03-19,42.8129
2020-03-20,41.5404
2020-03-23,41.6088
2020-03-24,45.5116
2020-03-25,46.3102
2020-03-26,48.2259
2020-03-27,46.6097
2020-03-30,47.5842
2020-03-31,46.6239
2020-04-01,44.5418
2020-04-02,44.7082
2020-04-03,43.9286
2020-04-06,47.5842
2020-04-07,48.2925
2020-04-08,49.8136
2020-04-09,50.7121
2020-04-13,50.6978
2020-04-14,52.6801
2020-04-15,51.5250
2020-04-16,52.1429
2020-04-17,53.6831
2020-04-20,52.7467
2020-04-21,51.3776
2020-04-22,52.4852
2020-04-23,52.4709
2020-04-24,53.3599
2020-04-27,54.3582
2020-04-28,54.5721
2020-04-29,55.7747
2020-04-30,55.4277
2020-05-01,53.3551
2020-05-04,53.6451
2020-05-05,53.8400
2020-05-06,53.8305
2020-05-07,54.6766
2020-05-08,55.7415
2020-05-11,55.6179
2020-05-12,54.4009
2020-05-13,53.4645
2020-05-14,54.2631
2020-05-15,54.8953
2020-05-18,56.9727
2020-05-19,56.7683
2020-05-20,57.5098
2020-05-21,57.7142
2020-05-22,57.6287
2020-05-26,58.5414
2020-05-27,59.5444
2020-05-28,58.8218
2020-05-29,59.0358
2020-06-01,59.5967
2020-06-02,60.1053
2020-06-03,61.2415
2020-06-04,60.9325
2020-06-05,62.3918
2020-06-08,63.3426
2020-06-09,62.8482
2020-06-10,62.2587
2020-06-11,58.9977
2020-06-12,59.5824
2020-06-15,60.1481
2020-06-16,61.4126
2020-06-17,61.2510
2020-06-18,61.0275
2020-06-19,60.5522
2020-06-22,61.1745
2020-06-23,61.6557
2020-06-24,60.2977
2020-06-25,60.3787
2020-06-26,58.9636
2020-06-29,60.0833
2020-06-30,60.8505
2020-07-01,61.4651
2020-07-02,61.7081
2020-07-06,63.1709
2020-07-07,62.1798
2020-07-08,62.8421
2020-07-09,62.7706
2020-07-10,63.5187
2020-07-13,62.7135
2020-07-14,63.3376
2020-07-15,64.2429
2020-07-16,64.0714
2020-07-17,63.7712
2020-07-20,64.7909
2020-07-21,64.8909
2020-07-22,65.4484
2020-07-23,64.4669
2020-07-24,64.5812
2020-07-27,64.9815
2020-07-28,64.3382
2020-07-29,64.9910
2020-07-30,64.9386
2020-07-31,65.2769
2020-08-03,65.1387
2020-08-04,65.6628
2020-08-05,66.4633
2020-08-06,66.7873
2020-08-07,66.8874
2020-08-10,67.6878
2020-08-11,67.5544
2020-08-12,68.4502
2020-08-13,68.4216
2020-08-14,68.4169
2020-08-17,69.2983
2020-08-18,69.7272
2020-08-19,69.3984
2020-08-20,69.2936
2020-08-21,69.6509
2020-08-24,70.7087
2020-08-25,70.9422
2020-08-26,71.6426
2020-08-27,71.2566
2020-08-28,71.7236
2020-08-31,71.5139
2020-09-01,72.2620
2020-09-02,73.2626
2020-09-03,70.9374
2020-09-04,70.1179
2020-09-08,69.1983
2020-09-09,70.5038
2020-09-10,69.4937
2020-09-11,69.5985
2020-09-14,70.3370
2020-09-15,70.9136
2020-09-16,70.5181
2020-09-17,69.5270
2020-09-18,68.5598
2020-09-21,67.5695
2020-09-22,68.9972
2020-09-23,67.8655
2020-09-24,67.8369
2020-09-25,68.7202
2020-09-28,70.1575
2020-09-29,69.6131
2020-09-30,70.1813
2020-10-01,71.0981
2020-10-02,70.7973
2020-10-05,71.7332
2020-10-06,70.4058
2020-10-07,72.0149
2020-10-08,72.4876
2020-10-09,73.2421
2020-10-12,74.2161
2020-10-13,74.2018
2020-10-14,73.3805
2020-10-15,73.6527
2020-10-16,72.9842
2020-10-19,72.0865
2020-10-20,72.6643
2020-10-21,72.2680
2020-10-22,72.4160
2020-10-23,73.0511
2020-10-26,71.6472
2020-10-27,71.6138
2020-10-28,69.3505
2020-10-29,69.7898
2020-10-30,68.2666
2020-11-02,68.7537
2020-11-03,70.2673
2020-11-04,71.7618
2020-11-05,73.1609
2020-11-06,72.9412
2020-11-09,72.7025
2020-11-10,72.4446
2020-11-11,73.0797
2020-11-12,72.1009
2020-11-13,73.2707
2020-11-16,74.2305
2020-11-17,73.9153
2020-11-18,73.4092
2020-11-19,73.7721
2020-11-20,73.3853
2020-11-23,74.1923
2020-11-24,75.2953
2020-11-25,75.3860
2020-11-27,75.5483
2020-11-30,75.0899
2020-12-01,75.6486
2020-12-02,75.1759
2020-12-03,75.3860
2020-12-04,75.4576
2020-12-07,75.2857
2020-12-08,75.1281
2020-12-09,75.0565
2020-12-10,74.9897
2020-12-11,74.6315
2020-12-14,74.7414
2020-12-15,75.7489
2020-12-16,76.2455
2020-12-17,76.7659
2020-12-18,76.3935
2020-12-21,75.5305
2020-12-22,75.2052
2020-12-23,75.3678
2020-12-24,75.5257
2020-12-28,76.3868
2020-12-29,76.4107
2020-12-30,76.8699
2020-12-31,76.9130
2021-01-04,76.2624
2021-01-05,76.8317
2021-01-06,77.6162
2021-01-07,79.1135
2021-01-08,80.7448
2021-01-11,79.2379
2021-01-12,80.4482
2021-01-13,80.4434
2021-01-14,79.9315
2021-01-15,79.3144
2021-01-19,79.7641
2021-01-20,81.2710
2021-01-21,81.6489
2021-01-22,81.3714
2021-01-25,81.6728
2021-01-26,81.6202
2021-01-27,79.1039
2021-01-28,79.3527
2021-01-29,77.5014
2021-02-01,79.5153
2021-02-02,81.2040
2021-02-03,80.7496
2021-02-04,81.6106
2021-02-05,82.3904
2021-02-08,82.8592
2021-02-09,82.3999
2021-02-10,81.5867
2021-02-11,81.3619
2021-02-12,81.4767
2021-02-16,81.1227
2021-02-17,81.5915
2021-02-18,81.6154
2021-02-19,81.1418
2021-02-22,79.4292
2021-02-23,78.9078
2021-02-24,79.7354
2021-02-25,76.7695
2021-02-26,77.0900
2021-03-01,78.8982
2021-03-02,77.9893
2021-03-03,76.1572
2021-03-04,74.5450
2021-03-05,75.0186
2021-03-08,75.1095
2021-03-09,77.9463
2021-03-10,78.3433
2021-03-11,79.5441
2021-03-12,79.7785
2021-03-15,80.8500
2021-03-16,80.0129
2021-03-17,81.1370
2021-03-18,79.1518
2021-03-19,79.6254
2021-03-22,80.1495
2021-03-23,79.3973
2021-03-24,78.2234
2021-03-25,78.9086
2021-03-26,79.5650
2021-03-29,79.1290
2021-03-30,79.9052
2021-03-31,80.5281
2021-04-01,81.1749
2021-04-05,83.0196
2021-04-06,83.3789
2021-04-07,83.1298
2021-04-08,83.5227
2021-04-09,84.3180
2021-04-12,84.8594
2021-04-13,85.7554
2021-04-14,84.9121
2021-04-15,85.5206
2021-04-16,86.1818
2021-04-19,85.2140
2021-04-20,84.1407
2021-04-21,85.2619
2021-04-22,84.3180
2021-04-23,85.1996
2021-04-26,85.5733
2021-04-27,85.4727
2021-04-28,85.3721
2021-04-29,85.3961
2021-04-30,85.7267
2021-05-03,85.3194
2021-05-04,84.4282
2021-05-05,84.1647
2021-05-06,84.3468
2021-05-07,85.1038
2021-05-10,83.5897
2021-05-11,82.6458
2021-05-12,79.8477
2021-05-13,80.4131
2021-05-14,81.8074
2021-05-17,81.6588
2021-05-18,81.0216
2021-05-19,80.3412
2021-05-20,81.1653
2021-05-21,80.7580
2021-05-24,81.5582
2021-05-25,81.8169
2021-05-26,82.5979
2021-05-27,82.9285
2021-05-28,82.8135
2021-06-01,82.6554
2021-06-02,82.2721
2021-06-03,81.2947
2021-06-04,81.9463
2021-06-07,81.9463
2021-06-08,82.6075
2021-06-09,82.1523
2021-06-10,82.5404
2021-06-11,82.9908
2021-06-14,83.0148
2021-06-15,82.5740
2021-06-16,82.6123
2021-06-17,82.9237
2021-06-18,82.4877
2021-06-21,83.1235
2021-06-22,83.9057
2021-06-23,84.5535
2021-06-24,84.8414
2021-06-25,85.3788
2021-06-28,85.3980
2021-06-29,85.6091
2021-06-30,85.6763
2021-07-01,86.1609
2021-07-02,86.9191
2021-07-06,87.0199
2021-07-07,86.9719
2021-07-08,86.7559
2021-07-09,87.5669
2021-07-12,88.1667
2021-07-13,87.1110
2021-07-14,86.9527
2021-07-15,86.4824
2021-07-16,85.4172
2021-07-19,84.4383
2021-07-20,85.9978
2021-07-21,86.7895
2021-07-22,87.1638
2021-07-23,87.9412
2021-07-26,88.5937
2021-07-27,87.6964
2021-07-28,87.4133
2021-07-29,88.3970
2021-07-30,86.5784
2021-08-02,86.8279
2021-08-03,87.4709
2021-08-04,86.6216
2021-08-05,87.4517
2021-08-06,86.8567
2021-08-09,86.7367
2021-08-10,87.0774
2021-08-11,87.3318
2021-08-12,87.3701
2021-08-13,87.1206
2021-08-16,86.7176
2021-08-17,84.6590
2021-08-18,84.9613
2021-08-19,84.4191
2021-08-20,85.2300
2021-08-23,86.3289
2021-08-24,86.9383
2021-08-25,87.2742
2021-08-26,86.4680
2021-08-27,87.2550
2021-08-30,87.9124
2021-08-31,88.1235
2021-09-01,88.1187
2021-09-02,88.1139
2021-09-03,88.0611
2021-09-07,88.3202
2021-09-08,88.4210
2021-09-09,88.3058
2021-09-10,87.7636
2021-09-13,87.9795
2021-09-14,87.6868
2021-09-15,88.2531
2021-09-16,88.6561
2021-09-17,88.3442
2021-09-20,86.3283
2021-09-21,86.4580
2021-09-22,87.6354
2021-09-23,88.5244
2021-09-24,88.8560
2021-09-27,89.3318
2021-09-28,87.6114
2021-09-29,87.6979
2021-09-30,86.2370
2021-10-01,86.8857
2021-10-04,86.1985
2021-10-05,86.5445
2021-10-06,86.8184
2021-10-07,88.1688
2021-10-08,87.7652
2021-10-11,87.4095
2021-10-12,88.1015
2021-10-13,88.5341
2021-10-14,89.4615
2021-10-15,90.8311
2021-10-18,91.9412
2021-10-19,91.6817
2021-10-20,91.6145
2021-10-21,92.9600
2021-10-22,92.6284
2021-10-25,94.9255
2021-10-26,94.9400
2021-10-27,95.1514
2021-10-28,96.4153
2021-10-29,96.6652
2021-11-01,98.4384
2021-11-02,97.7753
2021-11-03,99.5341
2021-11-04,100.8749
2021-11-05,101.5237
2021-11-08,100.0868
2021-11-09,98.2366
2021-11-10,97.8714
2021-11-11,97.6071
2021-11-12,97.9339
2021-11-15,97.8522
2021-11-16,99.3948
2021-11-17,100.0291
2021-11-18,101.1632
2021-11-19,101.6005
2021-11-22,101.3459
2021-11-23,100.6106
2021-11-24,100.8172
2021-11-26,98.0684
2021-11-29,99.5918
2021-11-30,98.2462
2021-12-01,96.4729
2021-12-02,97.8474
2021-12-03,95.9443
2021-12-06,97.0400
2021-12-07,99.3035
2021-12-08,99.5534
2021-12-09,97.8281
2021-12-10,98.5105
2021-12-13,95.9732
2021-12-14,95.4157
2021-12-15,96.6267
2021-12-16,94.4930
2021-12-17,93.8491
2021-12-20,92.3340
2021-12-21,94.7260
2021-12-22,96.4538
2021-12-23,97.7917
2021-12-27,98.7447
2021-12-28,98.7880
2021-12-29,98.9853
2021-12-30,98.6292
2021-12-31,98.3933
2022-01-03,101.2185
2022-01-04,100.6024
2022-01-05,97.8880
2022-01-06,97.6329
2022-01-07,96.0062
2022-01-10,95.4190
2022-01-11,96.3383
2022-01-12,96.9736
2022-01-13,95.0244
2022-01-14,94.5816
2022-01-18,92.7912
2022-01-19,91.1164
2022-01-20,89.4559
2022-01-21,86.8329
2022-01-24,87.8773
2022-01-25,86.3902
2022-01-26,85.9714
2022-01-27,83.8875
2022-01-28,85.7164
2022-01-31,89.0131
2022-02-01,89.5522
2022-02-02,89.0180
2022-02-03,86.2939
2022-02-04,88.7484
2022-02-07,88.5656
2022-02-08,89.8121
2022-02-09,91.0008
2022-02-10,89.4319
2022-02-11,86.8618
2022-02-14,87.3575
2022-02-15,89.3115
2022-02-16,89.5666
2022-02-17,87.1698
2022-02-18,86.6308
2022-02-22,84.1041
2022-02-23,81.2934
2022-02-24,83.1511
2022-02-25,84.7971
2022-02-28,85.3939
2022-03-01,84.0993
2022-03-02,85.8656
2022-03-03,83.9212
2022-03-04,82.5880
2022-03-07,78.5404
2022-03-08,78.7041
2022-03-09,81.2356
2022-03-10,81.8132
2022-03-11,80.2394
2022-03-14,78.9014
2022-03-15,81.5436
2022-03-16,84.3255
2022-03-17,85.7308
2022-03-18,87.5356
2022-03-21,86.8025
2022-03-22,88.9571
2022-03-23,87.8533
2022-03-24,88.5377
2022-03-25,88.3835
2022-03-28,90.7406
2022-03-29,92.3216
2022-03-30,90.9189
2022-03-31,89.1740
2022-04-01,89.2849
2022-04-04,91.2901
2022-04-05,89.1499
2022-04-06,86.8748
2022-04-07,87.3182
2022-04-08,86.5132
2022-04-11,84.9081
2022-04-12,85.0961
2022-04-13,87.2122
2022-04-14,85.9927
2022-04-18,86.2530
2022-04-19,88.7546
2022-04-20,87.6123
2022-04-21,86.7639
2022-04-22,84.7490
2022-04-25,85.3612
2022-04-26,81.0423
2022-04-27,81.0519
2022-04-28,82.7149
2022-04-29,78.5117
2022-05-02,79.6589
2022-05-03,79.4613
2022-05-04,81.7943
2022-05-05,77.2102
2022-05-06,76.2317
2022-05-09,72.9829
2022-05-10,72.7660
2022-05-11,70.1583
2022-05-12,70.6403
2022-05-13,73.4215
2022-05-16,71.8357
2022-05-17,73.6481
2022-05-18,68.8327
2022-05-19,68.8809
2022-05-20,67.6807
2022-05-23,68.1868
2022-05-24,66.4322
2022-05-25,68.3073
2022-05-26,71.6573
2022-05-27,74.1156
2022-05-31,74.4916
2022-06-01,73.7156
2022-06-02,75.9714
2022-06-03,73.7493
2022-06-06,74.4868
2022-06-07,74.3036
2022-06-08,73.8650
2022-06-09,72.5298
2022-06-10,69.6377
2022-06-13,66.4226
2022-06-14,66.3696
2022-06-15,68.2350
2022-06-16,64.8946
2022-06-17,65.6031
2022-06-21,67.4757
2022-06-22,67.3452
2022-06-23,68.4032
2022-06-24,71.0120
2022-06-27,70.2680
2022-06-28,67.4612
2022-06-29,67.4080
2022-06-30,66.4177
2022-07-01,67.6399
2022-07-05,69.1520
2022-07-06,68.9250
2022-07-07,70.7028
2022-07-08,70.7125
2022-07-11,68.7752
2022-07-12,68.3597
2022-07-13,68.9202
2022-07-14,68.8622
2022-07-15,69.9733
2022-07-18,70.1762
2022-07-19,72.3261
2022-07-20,73.5145
2022-07-21,75.1957
2022-07-22,74.7609
2022-07-25,74.1184
2022-07-26,71.7318
2022-07-27,74.4469
2022-07-28,75.7271
2022-07-29,78.6644
2022-08-01,79.0558
2022-08-02,78.5147
2022-08-03,80.4278
2022-08-04,80.7563
2022-08-05,79.3794
2022-08-08,79.7369
2022-08-09,78.4664
2022-08-10,80.6790
2022-08-11,80.2684
2022-08-12,82.0848
2022-08-15,82.6501
2022-08-16,83.5631
2022-08-17,82.6646
2022-08-18,82.6404
2022-08-19,80.9350
2022-08-22,78.6886
2022-08-23,78.9108
2022-08-24,79.2490
2022-08-25,80.1959
2022-08-26,77.1426
2022-08-29,76.7320
2022-08-30,75.8769
2022-08-31,75.1281
2022-09-01,75.8141
2022-09-02,75.1184
2022-09-06,74.9638
2022-09-07,77.2634
2022-09-08,77.9833
2022-09-09,79.4616
2022-09-12,80.4858
2022-09-13,76.3359
2022-09-14,77.3166
2022-09-15,76.9204
2022-09-16,76.3020
2022-09-19,77.3816
2022-09-20,76.0697
2022-09-21,74.2687
2022-09-22,72.5550
2022-09-23,70.8847
2022-09-26,70.7250
2022-09-27,70.9477
2022-09-28,72.8648
2022-09-29,70.3474
2022-09-30,68.9628
2022-10-03,69.0306
2022-10-04,71.4415
2022-10-05,71.0203
2022-10-06,70.5168
2022-10-07,68.0914
2022-10-10,67.6702
2022-10-11,67.1183
2022-10-12,67.2926
2022-10-13,68.0284
2022-10-14,65.4868
2022-10-17,68.1446
2022-10-18,69.0838
2022-10-19,68.3092
2022-10-20,66.9876
2022-10-21,68.9386
2022-10-24,69.2242
2022-10-25,70.9574
2022-10-26,70.3861
2022-10-27,70.1150
2022-10-28,70.1779
2022-10-31,69.7277
2022-11-01,69.0209
2022-11-02,66.4115
2022-11-03,66.0145
2022-11-04,66.5664
2022-11-07,66.1016
2022-11-08,65.9370
2022-11-09,63.9231
2022-11-10,68.5949
2022-11-11,70.2409
2022-11-14,69.1274
2022-11-15,70.0714
2022-11-16,69.0015
2022-11-17,68.1640
2022-11-18,68.2560
2022-11-21,67.2684
2022-11-22,68.0284
2022-11-23,69.0112
2022-11-25,69.0499
2022-11-28,68.6239
2022-11-29,68.4061
2022-11-30,70.7637
2022-12-01,70.7540
2022-12-02,70.6620
2022-12-05,68.6239
2022-12-06,67.5540
2022-12-07,67.1473
2022-12-08,67.7961
2022-12-09,67.5007
2022-12-12,67.6702
2022-12-13,67.6702
2022-12-14,67.1667
2022-12-15,66.0629
2022-12-16,64.8284
2022-12-19,63.7876
2022-12-20,63.0449
2022-12-21,64.0498
2022-12-22,62.4041
2022-12-23,62.8313
2022-12-27,61.8118
2022-12-28,61.2924
2022-12-29,62.8701
2022-12-30,62.7002
2023-01-03,62.3264
2023-01-04,63.2294
2023-01-05,62.6420
2023-01-06,64.1129
2023-01-09,64.5012
2023-01-10,65.3119
2023-01-11,67.0741
2023-01-12,67.1857
2023-01-13,67.8168
2023-01-17,67.8654
2023-01-18,66.9818
2023-01-19,65.8702
2023-01-20,67.4673
2023-01-23,68.5207
2023-01-24,68.4430
2023-01-25,68.7926
2023-01-26,70.2004
2023-01-27,71.7926
2023-01-30,70.5693
2023-01-31,72.1858
2023-02-01,73.5548
2023-02-02,75.8073
2023-02-03,73.4723
2023-02-06,73.3655
2023-02-07,73.5354
2023-02-08,72.9091
2023-02-09,72.7732
2023-02-10,71.9188
2023-02-13,72.9723
2023-02-14,73.8461
2023-02-15,74.7102
2023-02-16,73.0791
2023-02-17,73.0936
2023-02-21,70.6518
2023-02-22,71.0111
2023-02-23,70.9528
2023-02-24,69.8363
2023-02-27,70.7004
2023-02-28,70.6518
2023-03-01,69.7635
2023-03-02,69.5304
2023-03-03,71.0256
2023-03-06,70.5062
2023-03-07,69.5450
2023-03-08,69.4188
2023-03-09,67.7634
2023-03-10,67.0886
2023-03-13,67.2294
2023-03-14,68.3702
2023-03-15,68.2683
2023-03-16,69.5013
2023-03-17,68.6129
2023-03-20,68.9100
2023-03-21,70.8139
2023-03-22,69.2362
2023-03-23,69.1632
2023-03-24,68.9392
2023-03-27,69.0804
2023-03-28,68.9976
2023-03-29,70.3075
2023-03-30,70.9210
2023-03-31,72.8151
2023-04-03,72.1480
2023-04-04,72.0312
2023-04-05,70.5558
2023-04-06,70.5704
2023-04-10,70.8820
2023-04-11,70.9940
2023-04-12,69.8936
2023-04-13,71.4371
2023-04-14,71.5296
2023-04-17,72.0360
2023-04-18,72.1529
2023-04-19,72.0847
2023-04-20,70.9745
2023-04-21,71.7585
2023-04-24,71.7488
2023-04-25,70.3269
2023-04-26,69.9666
2023-04-27,71.8121
2023-04-28,71.9971
2023-05-01,71.2862
2023-05-02,71.3592
2023-05-03,70.7944
2023-05-04,70.2490
2023-05-05,71.6709
2023-05-08,71.9143
2023-05-09,71.8948
2023-05-10,72.2600
2023-05-11,72.5960
2023-05-12,71.9825
2023-05-15,72.0750
2023-05-16,71.7828
2023-05-17,73.2777
2023-05-18,74.4171
2023-05-19,73.7939
2023-05-22,73.5650
2023-05-23,72.8930
2023-05-24,72.6252
2023-05-25,72.2990
2023-05-26,73.9984
2023-05-30,74.4950
2023-05-31,73.8231
2023-06-01,74.6947
2023-06-02,76.4476
2023-06-05,76.6765
2023-06-06,77.4750
2023-06-07,76.9491
2023-06-08,78.0886
2023-06-09,78.4927
2023-06-12,79.8415
2023-06-13,80.6693
2023-06-14,80.6108
2023-06-15,81.1367
2023-06-16,81.0150
2023-06-20,81.6211
2023-06-21,80.6404
2023-06-22,81.6698
2023-06-23,80.7233
2023-06-26,79.6890
2023-06-27,81.4015
2023-06-28,81.7235
2023-06-29,81.8113
2023-06-30,82.8506
2023-07-03,83.8508
2023-07-05,83.8849
2023-07-06,82.5334
2023-07-07,82.6359
2023-07-10,82.8896
2023-07-11,83.5824
2023-07-12,84.3338
2023-07-13,85.1242
2023-07-14,85.3437
2023-07-17,85.6902
2023-07-18,86.0414
2023-07-19,86.3439
2023-07-20,83.4019
2023-07-21,83.4214
2023-07-24,83.9679
2023-07-25,83.7727
2023-07-26,83.7532
2023-07-27,82.8847
2023-07-28,84.2899
2023-07-31,84.7680
2023-08-01,83.8069
2023-08-02,82.3041
2023-08-03,82.4993
2023-08-04,83.6995
2023-08-07,84.5582
2023-08-08,83.8849
2023-08-09,82.8896
2023-08-10,83.0896
2023-08-11,82.8067
2023-08-14,83.0604
2023-08-15,81.9284
2023-08-16,80.9136
2023-08-17,79.5426
2023-08-18,79.3621
2023-08-21,80.2744
2023-08-22,80.3915
2023-08-23,81.0356
2023-08-24,79.4499
2023-08-25,80.3379
2023-08-28,80.6599
2023-08-29,82.6749
2023-08-30,83.0311
2023-08-31,83.2897
2023-09-01,82.7823
2023-09-05,82.8408
2023-09-06,82.1041
2023-09-07,82.3334
2023-09-08,82.3334
2023-09-11,84.5485
2023-09-12,83.7825
2023-09-13,84.4460
2023-09-14,85.2754
2023-09-15,83.8166
2023-09-18,82.9051
2023-09-19,82.4896
2023-09-20,81.6685
2023-09-21,79.4397
2023-09-22,78.6577
2023-09-25,79.1415
2023-09-26,77.6997
2023-09-27,77.4015
2023-09-28,78.2666
2023-09-29,78.6821
2023-10-02,78.7456
2023-10-03,76.8297
2023-10-04,78.3448
2023-10-05,77.9538
2023-10-06,78.5012
2023-10-09,78.5843
2023-10-10,79.4446
2023-10-11,79.7281
2023-10-12,78.8580
2023-10-13,77.6997
2023-10-16,78.9558
2023-10-17,79.1415
2023-10-18,77.2842
2023-10-19,75.3096
2023-10-20,74.1414
2023-10-23,74.2294
2023-10-24,75.0212
2023-10-25,73.5060
2023-10-26,72.3574
2023-10-27,73.1150
2023-10-30,73.7846
2023-10-31,74.3418
2023-11-01,75.2607
2023-11-02,77.2256
2023-11-03,78.3106
2023-11-06,78.4084
2023-11-07,79.2833
2023-11-08,79.0731
2023-11-09,77.5970
2023-11-10,78.8874
2023-11-13,79.2246
2023-11-14,81.8933
2023-11-15,81.9911
2023-11-16,81.1504
2023-11-17,81.6929
2023-11-20,82.1133
2023-11-21,81.9031
2023-11-22,82.1524
2023-11-24,82.2306
2023-11-27,82.3625
2023-11-28,82.8366
2023-11-29,82.6118
2023-11-30,82.4945
2023-12-01,83.6235
2023-12-04,83.3058
2023-12-05,83.4525
2023-12-06,83.5747
2023-12-07,84.2638
2023-12-08,84.6500
2023-12-11,84.8748
2023-12-12,85.1387
2023-12-13,86.2531
2023-12-14,87.4115
2023-12-15,87.5924
2023-12-18,88.1359
2023-12-19,88.8263
2023-12-20,87.2055
2023-12-21,88.5325
2023-12-22,87.8812
2023-12-26,88.2534
2023-12-27,88.5570
2023-12-28,88.0967
2023-12-29,87.5532
2024-01-02,86.7404
2024-01-03,84.9875
2024-01-04,84.3901
2024-01-05,84.5223
2024-01-08,85.9618
2024-01-09,85.6436
2024-01-10,86.3291
2024-01-11,86.2165
2024-01-12,85.1784
2024-01-16,85.0805
2024-01-17,84.3362
2024-01-18,84.8161
2024-01-19,85.6338
2024-01-22,85.2568
2024-01-23,85.0511
2024-01-24,84.7279
2024-01-25,83.6801
2024-01-26,84.0620
2024-01-29,85.2910
2024-01-30,85.2421
2024-01-31,83.6899
2024-02-01,85.3008
2024-02-02,86.8236
2024-02-05,85.5995
2024-02-06,86.1185
2024-02-07,87.0831
2024-02-08,87.4650
2024-02-09,88.0869
2024-02-12,88.0134
2024-02-13,86.2605
2024-02-14,87.1713
2024-02-15,88.1799
2024-02-16,87.6560
2024-02-20,86.8285
2024-02-21,87.4699
2024-02-22,89.1690
2024-02-23,88.7675
2024-02-26,89.0417
2024-02-27,89.3355
2024-02-28,89.6880
2024-02-29,90.2952
2024-03-01,90.5939
2024-03-04,89.3698
2024-03-05,88.2583
2024-03-06,87.9449
2024-03-07,88.6157
2024-03-08,88.2876
2024-03-11,88.0477
2024-03-12,88.8067
2024-03-13,88.6206
2024-03-14,88.0575
2024-03-15,87.1811
2024-03-18,87.8469
2024-03-19,88.6075
2024-03-20,89.9276
2024-03-21,90.4526
2024-03-22,89.6626
2024-03-25,89.3681
2024-03-26,89.4810
2024-03-27,90.5164
2024-03-28,90.2367
2024-04-01,89.5644
2024-04-02,88.2444
2024-04-03,88.3082
2024-04-04,87.2728
2024-04-05,87.7586
2024-04-08,88.5928
2024-04-09,89.0099
2024-04-10,87.6359
2024-04-11,88.3426
2024-04-12,86.9097
2024-04-15,85.4621
2024-04-16,84.9763
2024-04-17,84.5641
2024-04-18,84.0390
2024-04-19,83.3030
2024-04-22,83.6710
2024-04-23,84.6671
2024-04-24,85.4768
2024-04-25,85.5504
2024-04-26,86.3208
2024-04-29,88.3278
2024-04-30,86.1785
2024-05-01,85.6388
2024-05-02,86.7183
2024-05-03,87.3023
2024-05-06,88.2346
2024-05-07,87.6016
2024-05-08,87.2728
2024-05-09,87.8666
2024-05-10,87.3955
2024-05-13,87.2826
2024-05-14,87.6801
2024-05-15,87.8126
2024-05-16,87.2434
2024-05-17,87.6899
2024-05-20,87.0373
2024-05-21,87.5967
2024-05-22,86.6840
2024-05-23,85.2805
2024-05-24,86.1393
2024-05-28,85.9283
2024-05-29,85.3640
2024-05-30,85.8694
2024-05-31,86.3503
2024-06-03,86.3110
2024-06-04,86.3994
2024-06-05,86.9048
2024-06-06,87.5378
2024-06-07,87.1796
2024-06-10,87.4593
2024-06-11,87.2287
2024-06-12,88.1365
2024-06-13,88.2052
2024-06-14,87.5084
2024-06-17,89.0443
2024-06-18,88.7449
2024-06-20,88.8578
2024-06-21,89.6086
2024-06-24,89.2260
2024-06-25,88.8670
2024-06-26,90.1554
2024-06-27,90.7062
2024-06-28,89.6981
2024-07-01,90.0030
2024-07-02,91.7537
2024-07-03,92.3389
2024-07-05,93.0913
2024-07-08,93.1355
2024-07-09,93.4454
2024-07-10,94.1486
2024-07-11,92.9536
2024-07-12,94.1683
2024-07-15,94.0601
2024-07-16,95.7468
2024-07-17,94.1486
2024-07-18,93.1896
2024-07-19,92.3586
2024-07-22,93.3765
2024-07-23,92.9585
2024-07-24,89.1572
2024-07-25,88.8080
2024-07-26,89.8014
2024-07-29,91.3013
2024-07-30,90.7947
2024-07-31,92.2012
2024-08-01,89.9391
2024-08-02,86.6295
2024-08-05,84.1805
2024-08-06,85.1099
2024-08-07,83.6248
2024-08-08,85.4492
2024-08-09,85.7345
2024-08-12,85.3951
2024-08-13,87.5343
2024-08-14,87.0672
2024-08-15,89.8456
2024-08-16,90.0571
2024-08-19,91.1636
2024-08-20,91.0800
2024-08-21,92.2307
2024-08-22,90.6374
2024-08-23,92.3881
2024-08-26,91.6701
2024-08-27,91.4291
2024-08-28,90.5439
2024-08-29,90.6521
2024-08-30,92.0192
2024-09-03,90.7554
2024-09-04,90.9914
2024-09-05,92.0242
2024-09-06,89.6981
2024-09-09,91.0062
2024-09-10,92.0487
2024-09-11,92.9683
2024-09-12,94.0158
2024-09-13,94.6551
2024-09-16,94.4928
2024-09-17,94.9747
2024-09-18,94.7879
2024-09-19,96.9467
2024-09-20,96.7254
2024-09-23,97.9007
2024-09-24,98.7582
2024-09-25,98.4034
2024-09-26,98.8222
2024-09-27,98.9700
2024-09-30,98.7384
2024-10-01,98.3393
2024-10-02,97.5065
2024-10-03,96.3780
2024-10-04,97.6543
2024-10-07,96.1366
2024-10-08,97.0728
2024-10-09,97.7677
2024-10-10,97.2847
2024-10-11,96.8708
2024-10-14,97.2946
2024-10-15,97.5065
2024-10-16,98.0190
2024-10-17,97.9303
2024-10-18,98.3147
2024-10-21,97.5508
2024-10-22,97.1566
2024-10-23,95.6290
2024-10-24,98.6448
2024-10-25,98.9553
2024-10-28,99.1869
2024-10-29,98.6695
2024-10-30,98.5315
2024-10-31,97.0236
2024-11-01,98.6005
2024-11-04,98.2604
2024-11-05,100.0000
2024-11-06,103.1981
2024-11-07,104.5237
2024-11-08,106.0070
2024-11-11,108.1456
2024-11-12,106.7018
2024-11-13,107.6134
2024-11-14,106.0858
2024-11-15,105.1791
2024-11-18,106.1499
2024-11-19,106.2287
2024-11-20,105.7606
2024-11-21,105.9478
2024-11-22,107.4754
2024-11-25,108.5743
2024-11-26,108.9686
2024-11-27,108.4314
2024-11-29,109.5451
2024-12-02,110.5011
2024-12-03,110.4173
2024-12-04,111.4423
2024-12-05,112.3540
2024-12-06,114.7193
2024-12-09,114.3547
2024-12-10,114.5419
2024-12-11,116.5525
2024-12-12,115.5866
2024-12-13,116.0449
2024-12-16,117.6169
2024-12-17,117.9865
2024-12-18,112.6693
2024-12-19,112.5166
2024-12-20,112.8024
2024-12-23,113.1445
2024-12-24,115.7612
2024-12-26,115.3317
2024-12-27,113.4260
2024-12-30,111.6042
2024-12-31,110.7648
2025-01-02,109.3084
2025-01-03,111.5202
2025-01-06,111.9596
2025-01-07,109.7922
2025-01-08,110.1033
2025-01-10,109.0220
2025-01-13,109.6392
2025-01-14,109.4269
2025-01-15,112.2114
2025-01-16,111.6042
2025-01-17,113.1692
2025-01-21,113.9987
2025-01-22,113.5691
2025-01-23,114.2554
2025-01-24,113.5593
2025-01-27,114.2060
2025-01-28,114.3443
2025-01-29,114.0184
2025-01-30,115.1342
2025-01-31,114.6257
2025-02-03,113.1100
2025-02-04,114.4430
2025-02-05,113.1445
2025-02-06,113.5938
2025-02-07,111.3721
2025-02-10,111.7523
2025-02-11,110.4834
2025-02-12,110.4637
2025-02-13,112.1226
2025-02-14,112.0732
2025-02-18,111.7621
2025-02-19,111.6980
2025-02-20,110.7352
2025-02-21,107.8223
2025-02-24,107.4175
2025-02-25,106.8546
2025-02-26,106.4152
2025-02-27,104.8798
2025-02-28,106.6226
2025-03-03,104.6576
2025-03-04,102.8111
2025-03-05,104.3762
2025-03-06,101.7299
2025-03-07,101.5423
2025-03-10,97.9184
2025-03-11,96.9606
2025-03-12,97.5234
2025-03-13,95.0894
2025-03-14,97.1136
2025-03-17,97.2667
2025-03-18,95.5337
2025-03-19,97.3654
2025-03-20,97.1334
2025-03-21,97.4839
2025-03-24,101.1386
2025-03-25,101.9455
2025-03-26,100.6138
2025-03-27,100.6781
2025-03-28,97.5493
2025-03-31,97.7572
2025-04-01,98.7771
2025-04-02,100.6534
2025-04-03,94.5739
2025-04-04,90.4945
2025-04-07,89.4251
2025-04-08,87.3013
2025-04-09,96.8067
2025-04-10,93.0243
2025-04-11,93.9253
2025-04-14,94.1976
2025-04-15,93.5194
2025-04-16,91.2123
2025-04-17,91.7866
2025-04-21,89.3360
2025-04-22,92.1629
2025-04-23,94.2224
2025-04-24,96.0987
2025-04-25,97.8265
2025-04-28,97.8612
2025-04-29,98.5543
2025-04-30,97.6582
2025-05-01,98.1978
2025-05-02,99.7226
2025-05-05,98.6632
2025-05-06,97.8018
2025-05-07,98.5642
2025-05-08,99.7276
2025-05-09,100.2078
2025-05-12,105.1883
2025-05-13,106.5794
2025-05-14,106.9903
2025-05-15,106.7527
2025-05-16,107.7626
2025-05-19,107.5101
2025-05-20,106.9507
2025-05-21,104.7823
2025-05-22,105.2328
2025-05-23,104.2872
2025-05-27,107.3666
2025-05-28,106.3814
2025-05-29,106.4259
2025-05-30,105.8467
2025-06-02,106.0942
2025-06-03,106.6586
2025-06-04,106.3764
2025-06-05,103.6931
2025-06-06,105.0397
2025-06-09,105.8814
2025-06-10,107.1487
2025-06-11,106.3022
2025-06-12,105.8021
2025-06-13,104.8269
2025-06-16,105.9556
2025-06-17,104.1288
2025-06-18,104.1783
2025-06-20,104.3021
2025-06-23,106.3694
2025-06-24,106.9598
2025-06-25,105.6997
2025-06-26,106.6721
2025-06-27,108.4482
2025-06-30,107.8231
2025-07-01,108.2845
2025-07-02,109.1527
2025-07-03,109.7480
2025-07-07,108.3539
2025-07-08,107.9868
2025-07-09,108.6268
2025-07-10,109.8274
2025-07-11,109.8572
2025-07-14,110.2640
2025-07-15,108.6863
2025-07-16,108.8848
2025-07-17,109.2569
2025-07-18,110.2243
2025-07-21,110.7453
2025-07-22,111.8665
2025-07-23,112.3974
2025-07-24,110.5369
2025-07-25,111.5639
2025-07-28,112.2138
2025-07-29,111.4398
2025-07-30,110.7353
2025-07-31,109.8572
2025-08-01,107.2079
2025-08-04,108.4680
2025-08-05,108.6070
2025-08-06,110.8643
2025-08-07,110.8296
2025-08-08,111.0231
2025-08-11,111.3108
2025-08-12,112.4916
2025-08-13,114.0346
2025-08-14,113.9056
2025-08-15,113.6327
2025-08-18,114.0892
2025-08-19,114.0346
2025-08-20,112.9084
2025-08-21,112.2386
2025-08-22,115.6470
2025-08-25,115.4138
2025-08-26,115.9447
2025-08-27,115.9695
2025-08-28,116.1679
2025-08-29,114.9723
2025-09-02,114.1140
2025-09-03,114.5754
2025-09-04,116.6690
2025-09-05,116.6442
2025-09-08,117.0957
2025-09-09,116.9320
2025-09-10,115.5329
2025-09-11,117.7803
2025-09-12,118.3906
2025-09-15,119.4175
2025-09-16,120.1518
2025-09-17,119.8492
2025-09-18,119.3084
2025-09-19,119.7599
2025-09-22,119.3697
2025-09-23,118.2465
2025-09-24,119.0815
2025-09-25,117.4016
2025-09-26,119.1361
2025-09-29,119.6580
2025-09-30,119.1013
2025-10-01,119.8468
2025-10-02,118.9821
2025-10-03,118.2167
2025-10-06,119.2306
2025-10-07,117.1432
2025-10-08,117.4911
2025-10-09,116.9046
2025-10-10,113.6890
2025-10-13,116.2287
2025-10-14,116.4722
2025-10-15,116.6412
2025-10-16,115.5130
2025-10-17,116.5070
2025-10-20,117.4314
2025-10-21,118.8678
2025-10-22,117.9384
2025-10-23,118.4702
2025-10-24,118.1173
2025-10-27,119.8170
2025-10-28,119.8468
2025-10-29,118.8578
2025-10-30,116.1740
2025-10-31,119.2455
2025-11-03,120.3637
2025-11-04,118.3658
2025-11-05,119.8071
2025-11-06,117.0388
2025-11-07,117.2227
2025-11-10,118.7634
2025-11-11,119.0566
2025-11-12,118.2564
2025-11-13,115.3043
2025-11-14,114.7526
2025-11-17,113.6741
2025-11-18,111.5767
2025-11-19,111.5817
2025-11-20,109.9168
2025-11-21,112.0738
2025-11-24,113.5697
2025-11-25,116.0001
2025-11-26,116.7953
2025-11-28,117.5209
2025-12-01,117.5905
2025-12-02,117.5109
2025-12-03,118.7783
2025-12-04,118.3558
2025-12-05,119.0119
2025-12-08,117.2823
2025-12-09,117.2724
2025-12-10,118.9920
2025-12-11,119.4592
2025-12-12,119.9761
2025-12-15,120.9999
2025-12-16,121.1987
2025-12-17,119.7971
2025-12-18,121.6062
2025-12-19,121.1192
2025-12-22,121.8472
2025-12-23,121.6779
2025-12-24,122.0962
2025-12-26,121.5584
2025-12-29,120.3632
2025-12-30,119.8752
2025-12-31,118.9290
2026-01-02,117.8733
2026-01-05,119.8154
2026-01-06,120.5823
2026-01-07,120.4130
2026-01-08,122.4249
2026-01-09,123.9089
2026-01-12,124.0184
2026-01-13,123.7097
2026-01-14,121.7576
2026-01-15,122.2058
2026-01-16,121.8074
2026-01-20,118.6402
2026-01-21,120.9110
2026-01-22,122.1261
2026-01-23,122.6340
2026-01-26,121.8273
2026-01-27,122.1958
2026-01-28,121.2795
2026-01-29,120.7019
2026-01-30,120.6819
2026-02-02,121.4787
2026-02-03,120.5027
2026-02-04,119.6162
2026-02-05,117.0367
2026-02-06,117.5147
2026-02-09,117.0765
2026-02-10,117.8534
2026-02-11,117.2857
2026-02-12,115.6622
2026-02-13,115.7120
2026-02-17,115.5726
2026-02-18,116.5487
2026-02-19,115.7718
2026-02-20,116.9769
2026-02-23,114.5268
2026-02-24,116.2698
2026-02-25,116.6184
2026-02-26,116.5785
2026-02-27,116.3893
2026-03-02,114.9551
2026-03-03,113.8994
2026-03-04,115.9212
2026-03-05,116.0805
2026-03-06,113.9790
2026-03-09,114.1284
2026-03-10,113.9790
2026-03-11,113.6803
2026-03-12,111.0708
2026-03-13,110.4135
2026-03-16,111.7481
2026-03-17,112.7241
2026-03-18,110.1246
2026-03-19,109.2581
2026-03-20,107.3060
2026-03-23,109.8968
2026-03-24,109.4577
2026-03-25,110.5055
2026-03-26,108.6094
2026-03-27,105.4658
2026-03-30,105.4458
2026-03-31,108.7591
2026-04-01,109.5774
2026-04-02,107.9308
2026-04-06,108.8190
2026-04-07,107.5515
2026-04-08,110.5954
2026-04-09,112.5115
2026-04-10,112.6612
2026-04-13,113.6891
2026-04-14,116.2040
2026-04-15,117.9404
2026-04-16,117.3915
2026-04-17,120.1659
2026-04-20,119.6270
2026-04-21,118.7288
2026-04-22,118.6889
2026-04-23,117.5013
2026-04-24,118.4494
2026-04-27,117.6011
2026-04-28,116.7728
2026-04-29,116.6031
2026-04-30,118.1101
2026-05-01,118.3895
2026-05-04,117.4814
2026-05-05,117.8307
2026-05-06,119.6270
2026-05-07,119.6370
2026-05-08,119.9563
2026-05-11,119.1280
2026-05-12,118.0502
2026-05-13,118.4793
2026-05-14,118.4294
2026-05-15,116.2938
2026-05-18,116.0842
2026-05-19,114.7968
2026-05-20,117.7009
2026-05-21,118.4594
2026-05-22,118.9384
2026-05-26,119.2079
2026-05-27,121.3036
2026-05-28,121.8126
2026-05-29,120.6250
2026-06-01,117.9504
2026-06-02,117.3516
2026-06-03,116.4934
2026-06-04,117.0223
2026-06-05,114.6272
2026-06-08,115.1561
2026-06-09,115.6351
2026-06-10,113.2599
2026-06-11,116.0642
2026-06-12,116.3636
2026-06-15,118.3296
2026-06-16,118.2199
2026-06-17,115.2559
2026-06-18,116.9225
2026-06-22,114.9400
2026-06-23,113.7600
2026-06-24,115.0700
2026-06-25,113.3500
2026-06-26,114.3700
2026-06-29,117.1200
2026-06-30,117.2800
2026-07-01,118.0900
2026-07-02,117.1200
